[2026-08-27T02:36:02.811+0000] {processor.py:161} INFO - Started process (PID=3526) to work on /opt/airflow/dags/retailpulse_dag.py
[2026-08-27T02:36:02.909+0000] {processor.py:830} INFO - Processing file /opt/airflow/dags/retailpulse_dag.py for tasks to queue
[2026-08-27T02:36:02.961+0000] {logging_mixin.py:188} INFO - [2026-08-27T02:36:02.960+0000] {dagbag.py:538} INFO - Filling up the DagBag from /opt/airflow/dags/retailpulse_dag.py
[2026-08-27T02:36:03.103+0000] {processor.py:840} INFO - DAG(s) 'retailpulse_medallion_pipeline' retrieved from /opt/airflow/dags/retailpulse_dag.py
[2026-08-27T02:36:03.347+0000] {logging_mixin.py:188} INFO - [2026-08-27T02:36:03.346+0000] {dag.py:3036} INFO - Sync 1 DAGs
[2026-08-27T02:36:03.395+0000] {logging_mixin.py:188} INFO - [2026-08-27T02:36:03.395+0000] {dag.py:3823} INFO - Setting next_dagrun for retailpulse_medallion_pipeline to 2026-08-27 00:00:00+00:00, run_after=2026-08-28 00:00:00+00:00
[2026-08-27T02:36:03.581+0000] {processor.py:183} INFO - Processing /opt/airflow/dags/retailpulse_dag.py took 0.828 seconds
[2026-08-27T02:36:34.144+0000] {processor.py:161} INFO - Started process (PID=3654) to work on /opt/airflow/dags/retailpulse_dag.py
[2026-08-27T02:36:34.148+0000] {processor.py:830} INFO - Processing file /opt/airflow/dags/retailpulse_dag.py for tasks to queue
[2026-08-27T02:36:34.161+0000] {logging_mixin.py:188} INFO - [2026-08-27T02:36:34.160+0000] {dagbag.py:538} INFO - Filling up the DagBag from /opt/airflow/dags/retailpulse_dag.py
[2026-08-27T02:36:34.384+0000] {processor.py:840} INFO - DAG(s) 'retailpulse_medallion_pipeline' retrieved from /opt/airflow/dags/retailpulse_dag.py
[2026-08-27T02:36:34.737+0000] {logging_mixin.py:188} INFO - [2026-08-27T02:36:34.736+0000] {dag.py:3036} INFO - Sync 1 DAGs
[2026-08-27T02:36:34.831+0000] {logging_mixin.py:188} INFO - [2026-08-27T02:36:34.831+0000] {dag.py:3823} INFO - Setting next_dagrun for retailpulse_medallion_pipeline to 2026-08-27 00:00:00+00:00, run_after=2026-08-28 00:00:00+00:00
[2026-08-27T02:36:34.932+0000] {processor.py:183} INFO - Processing /opt/airflow/dags/retailpulse_dag.py took 0.808 seconds
[2026-08-27T02:37:05.298+0000] {processor.py:161} INFO - Started process (PID=3678) to work on /opt/airflow/dags/retailpulse_dag.py
[2026-08-27T02:37:05.302+0000] {processor.py:830} INFO - Processing file /opt/airflow/dags/retailpulse_dag.py for tasks to queue
[2026-08-27T02:37:05.305+0000] {logging_mixin.py:188} INFO - [2026-08-27T02:37:05.304+0000] {dagbag.py:538} INFO - Filling up the DagBag from /opt/airflow/dags/retailpulse_dag.py
[2026-08-27T02:37:05.375+0000] {processor.py:840} INFO - DAG(s) 'retailpulse_medallion_pipeline' retrieved from /opt/airflow/dags/retailpulse_dag.py
[2026-08-27T02:37:05.569+0000] {logging_mixin.py:188} INFO - [2026-08-27T02:37:05.569+0000] {dag.py:3036} INFO - Sync 1 DAGs
[2026-08-27T02:37:05.624+0000] {logging_mixin.py:188} INFO - [2026-08-27T02:37:05.623+0000] {dag.py:3823} INFO - Setting next_dagrun for retailpulse_medallion_pipeline to 2026-08-27 00:00:00+00:00, run_after=2026-08-28 00:00:00+00:00
[2026-08-27T02:37:05.666+0000] {processor.py:183} INFO - Processing /opt/airflow/dags/retailpulse_dag.py took 0.377 seconds
[2026-08-27T02:37:35.801+0000] {processor.py:161} INFO - Started process (PID=3691) to work on /opt/airflow/dags/retailpulse_dag.py
[2026-08-27T02:37:35.805+0000] {processor.py:830} INFO - Processing file /opt/airflow/dags/retailpulse_dag.py for tasks to queue
[2026-08-27T02:37:35.809+0000] {logging_mixin.py:188} INFO - [2026-08-27T02:37:35.808+0000] {dagbag.py:538} INFO - Filling up the DagBag from /opt/airflow/dags/retailpulse_dag.py
[2026-08-27T02:37:36.012+0000] {processor.py:840} INFO - DAG(s) 'retailpulse_medallion_pipeline' retrieved from /opt/airflow/dags/retailpulse_dag.py
[2026-08-27T02:37:36.190+0000] {logging_mixin.py:188} INFO - [2026-08-27T02:37:36.190+0000] {dag.py:3036} INFO - Sync 1 DAGs
[2026-08-27T02:37:36.248+0000] {logging_mixin.py:188} INFO - [2026-08-27T02:37:36.247+0000] {dag.py:3823} INFO - Setting next_dagrun for retailpulse_medallion_pipeline to 2026-08-27 00:00:00+00:00, run_after=2026-08-28 00:00:00+00:00
[2026-08-27T02:37:36.319+0000] {processor.py:183} INFO - Processing /opt/airflow/dags/retailpulse_dag.py took 0.531 seconds
[2026-08-27T02:38:06.781+0000] {processor.py:161} INFO - Started process (PID=3743) to work on /opt/airflow/dags/retailpulse_dag.py
[2026-08-27T02:38:06.784+0000] {processor.py:830} INFO - Processing file /opt/airflow/dags/retailpulse_dag.py for tasks to queue
[2026-08-27T02:38:06.791+0000] {logging_mixin.py:188} INFO - [2026-08-27T02:38:06.790+0000] {dagbag.py:538} INFO - Filling up the DagBag from /opt/airflow/dags/retailpulse_dag.py
[2026-08-27T02:38:06.878+0000] {processor.py:840} INFO - DAG(s) 'retailpulse_medallion_pipeline' retrieved from /opt/airflow/dags/retailpulse_dag.py
[2026-08-27T02:38:07.015+0000] {logging_mixin.py:188} INFO - [2026-08-27T02:38:07.015+0000] {dag.py:3036} INFO - Sync 1 DAGs
[2026-08-27T02:38:07.068+0000] {logging_mixin.py:188} INFO - [2026-08-27T02:38:07.067+0000] {dag.py:3823} INFO - Setting next_dagrun for retailpulse_medallion_pipeline to 2026-08-27 00:00:00+00:00, run_after=2026-08-28 00:00:00+00:00
[2026-08-27T02:38:07.108+0000] {processor.py:183} INFO - Processing /opt/airflow/dags/retailpulse_dag.py took 0.336 seconds
[2026-08-27T02:38:37.459+0000] {processor.py:161} INFO - Started process (PID=3748) to work on /opt/airflow/dags/retailpulse_dag.py
[2026-08-27T02:38:37.464+0000] {processor.py:830} INFO - Processing file /opt/airflow/dags/retailpulse_dag.py for tasks to queue
[2026-08-27T02:38:37.468+0000] {logging_mixin.py:188} INFO - [2026-08-27T02:38:37.467+0000] {dagbag.py:538} INFO - Filling up the DagBag from /opt/airflow/dags/retailpulse_dag.py
[2026-08-27T02:38:37.580+0000] {processor.py:840} INFO - DAG(s) 'retailpulse_medallion_pipeline' retrieved from /opt/airflow/dags/retailpulse_dag.py
[2026-08-27T02:38:37.708+0000] {logging_mixin.py:188} INFO - [2026-08-27T02:38:37.708+0000] {dag.py:3036} INFO - Sync 1 DAGs
[2026-08-27T02:38:37.778+0000] {logging_mixin.py:188} INFO - [2026-08-27T02:38:37.777+0000] {dag.py:3823} INFO - Setting next_dagrun for retailpulse_medallion_pipeline to 2026-08-27 00:00:00+00:00, run_after=2026-08-28 00:00:00+00:00
[2026-08-27T02:38:37.834+0000] {processor.py:183} INFO - Processing /opt/airflow/dags/retailpulse_dag.py took 0.391 seconds
[2026-08-27T02:39:08.326+0000] {processor.py:161} INFO - Started process (PID=3891) to work on /opt/airflow/dags/retailpulse_dag.py
[2026-08-27T02:39:08.338+0000] {processor.py:830} INFO - Processing file /opt/airflow/dags/retailpulse_dag.py for tasks to queue
[2026-08-27T02:39:08.343+0000] {logging_mixin.py:188} INFO - [2026-08-27T02:39:08.341+0000] {dagbag.py:538} INFO - Filling up the DagBag from /opt/airflow/dags/retailpulse_dag.py
[2026-08-27T02:39:08.612+0000] {processor.py:840} INFO - DAG(s) 'retailpulse_medallion_pipeline' retrieved from /opt/airflow/dags/retailpulse_dag.py
[2026-08-27T02:39:09.274+0000] {logging_mixin.py:188} INFO - [2026-08-27T02:39:09.273+0000] {dag.py:3036} INFO - Sync 1 DAGs
[2026-08-27T02:39:09.395+0000] {logging_mixin.py:188} INFO - [2026-08-27T02:39:09.395+0000] {dag.py:3823} INFO - Setting next_dagrun for retailpulse_medallion_pipeline to 2026-08-27 00:00:00+00:00, run_after=2026-08-28 00:00:00+00:00
[2026-08-27T02:39:09.525+0000] {processor.py:183} INFO - Processing /opt/airflow/dags/retailpulse_dag.py took 1.246 seconds
[2026-08-27T02:39:39.917+0000] {processor.py:161} INFO - Started process (PID=3896) to work on /opt/airflow/dags/retailpulse_dag.py
[2026-08-27T02:39:39.920+0000] {processor.py:830} INFO - Processing file /opt/airflow/dags/retailpulse_dag.py for tasks to queue
[2026-08-27T02:39:39.923+0000] {logging_mixin.py:188} INFO - [2026-08-27T02:39:39.922+0000] {dagbag.py:538} INFO - Filling up the DagBag from /opt/airflow/dags/retailpulse_dag.py
[2026-08-27T02:39:39.987+0000] {processor.py:840} INFO - DAG(s) 'retailpulse_medallion_pipeline' retrieved from /opt/airflow/dags/retailpulse_dag.py
[2026-08-27T02:39:40.109+0000] {logging_mixin.py:188} INFO - [2026-08-27T02:39:40.109+0000] {dag.py:3036} INFO - Sync 1 DAGs
[2026-08-27T02:39:40.170+0000] {logging_mixin.py:188} INFO - [2026-08-27T02:39:40.170+0000] {dag.py:3823} INFO - Setting next_dagrun for retailpulse_medallion_pipeline to 2026-08-27 00:00:00+00:00, run_after=2026-08-28 00:00:00+00:00
[2026-08-27T02:39:40.245+0000] {processor.py:183} INFO - Processing /opt/airflow/dags/retailpulse_dag.py took 0.337 seconds
[2026-08-27T02:40:10.448+0000] {processor.py:161} INFO - Started process (PID=3901) to work on /opt/airflow/dags/retailpulse_dag.py
[2026-08-27T02:40:10.450+0000] {processor.py:830} INFO - Processing file /opt/airflow/dags/retailpulse_dag.py for tasks to queue
[2026-08-27T02:40:10.453+0000] {logging_mixin.py:188} INFO - [2026-08-27T02:40:10.452+0000] {dagbag.py:538} INFO - Filling up the DagBag from /opt/airflow/dags/retailpulse_dag.py
[2026-08-27T02:40:10.521+0000] {processor.py:840} INFO - DAG(s) 'retailpulse_medallion_pipeline' retrieved from /opt/airflow/dags/retailpulse_dag.py
[2026-08-27T02:40:10.633+0000] {logging_mixin.py:188} INFO - [2026-08-27T02:40:10.633+0000] {dag.py:3036} INFO - Sync 1 DAGs
[2026-08-27T02:40:10.676+0000] {logging_mixin.py:188} INFO - [2026-08-27T02:40:10.676+0000] {dag.py:3823} INFO - Setting next_dagrun for retailpulse_medallion_pipeline to 2026-08-27 00:00:00+00:00, run_after=2026-08-28 00:00:00+00:00
[2026-08-27T02:40:10.711+0000] {processor.py:183} INFO - Processing /opt/airflow/dags/retailpulse_dag.py took 0.271 seconds
[2026-08-27T02:40:40.969+0000] {processor.py:161} INFO - Started process (PID=3906) to work on /opt/airflow/dags/retailpulse_dag.py
[2026-08-27T02:40:40.972+0000] {processor.py:830} INFO - Processing file /opt/airflow/dags/retailpulse_dag.py for tasks to queue
[2026-08-27T02:40:40.976+0000] {logging_mixin.py:188} INFO - [2026-08-27T02:40:40.975+0000] {dagbag.py:538} INFO - Filling up the DagBag from /opt/airflow/dags/retailpulse_dag.py
[2026-08-27T02:40:41.033+0000] {processor.py:840} INFO - DAG(s) 'retailpulse_medallion_pipeline' retrieved from /opt/airflow/dags/retailpulse_dag.py
[2026-08-27T02:40:41.142+0000] {logging_mixin.py:188} INFO - [2026-08-27T02:40:41.141+0000] {dag.py:3036} INFO - Sync 1 DAGs
[2026-08-27T02:40:41.187+0000] {logging_mixin.py:188} INFO - [2026-08-27T02:40:41.187+0000] {dag.py:3823} INFO - Setting next_dagrun for retailpulse_medallion_pipeline to 2026-08-27 00:00:00+00:00, run_after=2026-08-28 00:00:00+00:00
[2026-08-27T02:40:41.235+0000] {processor.py:183} INFO - Processing /opt/airflow/dags/retailpulse_dag.py took 0.275 seconds
[2026-08-27T02:41:11.701+0000] {processor.py:161} INFO - Started process (PID=3911) to work on /opt/airflow/dags/retailpulse_dag.py
[2026-08-27T02:41:11.705+0000] {processor.py:830} INFO - Processing file /opt/airflow/dags/retailpulse_dag.py for tasks to queue
[2026-08-27T02:41:11.708+0000] {logging_mixin.py:188} INFO - [2026-08-27T02:41:11.707+0000] {dagbag.py:538} INFO - Filling up the DagBag from /opt/airflow/dags/retailpulse_dag.py
[2026-08-27T02:41:11.768+0000] {processor.py:840} INFO - DAG(s) 'retailpulse_medallion_pipeline' retrieved from /opt/airflow/dags/retailpulse_dag.py
[2026-08-27T02:41:11.887+0000] {logging_mixin.py:188} INFO - [2026-08-27T02:41:11.886+0000] {dag.py:3036} INFO - Sync 1 DAGs
[2026-08-27T02:41:11.946+0000] {logging_mixin.py:188} INFO - [2026-08-27T02:41:11.946+0000] {dag.py:3823} INFO - Setting next_dagrun for retailpulse_medallion_pipeline to 2026-08-27 00:00:00+00:00, run_after=2026-08-28 00:00:00+00:00
[2026-08-27T02:41:11.992+0000] {processor.py:183} INFO - Processing /opt/airflow/dags/retailpulse_dag.py took 0.301 seconds
[2026-08-27T02:41:42.298+0000] {processor.py:161} INFO - Started process (PID=3916) to work on /opt/airflow/dags/retailpulse_dag.py
[2026-08-27T02:41:42.301+0000] {processor.py:830} INFO - Processing file /opt/airflow/dags/retailpulse_dag.py for tasks to queue
[2026-08-27T02:41:42.304+0000] {logging_mixin.py:188} INFO - [2026-08-27T02:41:42.303+0000] {dagbag.py:538} INFO - Filling up the DagBag from /opt/airflow/dags/retailpulse_dag.py
[2026-08-27T02:41:42.366+0000] {processor.py:840} INFO - DAG(s) 'retailpulse_medallion_pipeline' retrieved from /opt/airflow/dags/retailpulse_dag.py
[2026-08-27T02:41:42.487+0000] {logging_mixin.py:188} INFO - [2026-08-27T02:41:42.486+0000] {dag.py:3036} INFO - Sync 1 DAGs
[2026-08-27T02:41:42.536+0000] {logging_mixin.py:188} INFO - [2026-08-27T02:41:42.535+0000] {dag.py:3823} INFO - Setting next_dagrun for retailpulse_medallion_pipeline to 2026-08-27 00:00:00+00:00, run_after=2026-08-28 00:00:00+00:00
[2026-08-27T02:41:42.586+0000] {processor.py:183} INFO - Processing /opt/airflow/dags/retailpulse_dag.py took 0.297 seconds
[2026-08-27T02:42:12.845+0000] {processor.py:161} INFO - Started process (PID=3921) to work on /opt/airflow/dags/retailpulse_dag.py
[2026-08-27T02:42:12.848+0000] {processor.py:830} INFO - Processing file /opt/airflow/dags/retailpulse_dag.py for tasks to queue
[2026-08-27T02:42:12.851+0000] {logging_mixin.py:188} INFO - [2026-08-27T02:42:12.850+0000] {dagbag.py:538} INFO - Filling up the DagBag from /opt/airflow/dags/retailpulse_dag.py
[2026-08-27T02:42:12.910+0000] {processor.py:840} INFO - DAG(s) 'retailpulse_medallion_pipeline' retrieved from /opt/airflow/dags/retailpulse_dag.py
[2026-08-27T02:42:13.036+0000] {logging_mixin.py:188} INFO - [2026-08-27T02:42:13.036+0000] {dag.py:3036} INFO - Sync 1 DAGs
[2026-08-27T02:42:13.084+0000] {logging_mixin.py:188} INFO - [2026-08-27T02:42:13.083+0000] {dag.py:3823} INFO - Setting next_dagrun for retailpulse_medallion_pipeline to 2026-08-27 00:00:00+00:00, run_after=2026-08-28 00:00:00+00:00
[2026-08-27T02:42:13.121+0000] {processor.py:183} INFO - Processing /opt/airflow/dags/retailpulse_dag.py took 0.284 seconds
[2026-08-27T02:42:43.370+0000] {processor.py:161} INFO - Started process (PID=3926) to work on /opt/airflow/dags/retailpulse_dag.py
[2026-08-27T02:42:43.373+0000] {processor.py:830} INFO - Processing file /opt/airflow/dags/retailpulse_dag.py for tasks to queue
[2026-08-27T02:42:43.377+0000] {logging_mixin.py:188} INFO - [2026-08-27T02:42:43.376+0000] {dagbag.py:538} INFO - Filling up the DagBag from /opt/airflow/dags/retailpulse_dag.py
[2026-08-27T02:42:43.442+0000] {processor.py:840} INFO - DAG(s) 'retailpulse_medallion_pipeline' retrieved from /opt/airflow/dags/retailpulse_dag.py
[2026-08-27T02:42:43.555+0000] {logging_mixin.py:188} INFO - [2026-08-27T02:42:43.555+0000] {dag.py:3036} INFO - Sync 1 DAGs
[2026-08-27T02:42:43.601+0000] {logging_mixin.py:188} INFO - [2026-08-27T02:42:43.601+0000] {dag.py:3823} INFO - Setting next_dagrun for retailpulse_medallion_pipeline to 2026-08-27 00:00:00+00:00, run_after=2026-08-28 00:00:00+00:00
[2026-08-27T02:42:43.638+0000] {processor.py:183} INFO - Processing /opt/airflow/dags/retailpulse_dag.py took 0.276 seconds
[2026-08-27T02:43:13.932+0000] {processor.py:161} INFO - Started process (PID=3931) to work on /opt/airflow/dags/retailpulse_dag.py
[2026-08-27T02:43:13.935+0000] {processor.py:830} INFO - Processing file /opt/airflow/dags/retailpulse_dag.py for tasks to queue
[2026-08-27T02:43:13.941+0000] {logging_mixin.py:188} INFO - [2026-08-27T02:43:13.940+0000] {dagbag.py:538} INFO - Filling up the DagBag from /opt/airflow/dags/retailpulse_dag.py
[2026-08-27T02:43:14.036+0000] {processor.py:840} INFO - DAG(s) 'retailpulse_medallion_pipeline' retrieved from /opt/airflow/dags/retailpulse_dag.py
[2026-08-27T02:43:14.186+0000] {logging_mixin.py:188} INFO - [2026-08-27T02:43:14.185+0000] {dag.py:3036} INFO - Sync 1 DAGs
[2026-08-27T02:43:14.251+0000] {logging_mixin.py:188} INFO - [2026-08-27T02:43:14.250+0000] {dag.py:3823} INFO - Setting next_dagrun for retailpulse_medallion_pipeline to 2026-08-27 00:00:00+00:00, run_after=2026-08-28 00:00:00+00:00
[2026-08-27T02:43:14.289+0000] {processor.py:183} INFO - Processing /opt/airflow/dags/retailpulse_dag.py took 0.371 seconds
[2026-08-27T02:43:44.530+0000] {processor.py:161} INFO - Started process (PID=3936) to work on /opt/airflow/dags/retailpulse_dag.py
[2026-08-27T02:43:44.532+0000] {processor.py:830} INFO - Processing file /opt/airflow/dags/retailpulse_dag.py for tasks to queue
[2026-08-27T02:43:44.534+0000] {logging_mixin.py:188} INFO - [2026-08-27T02:43:44.533+0000] {dagbag.py:538} INFO - Filling up the DagBag from /opt/airflow/dags/retailpulse_dag.py
[2026-08-27T02:43:44.589+0000] {processor.py:840} INFO - DAG(s) 'retailpulse_medallion_pipeline' retrieved from /opt/airflow/dags/retailpulse_dag.py
[2026-08-27T02:43:44.693+0000] {logging_mixin.py:188} INFO - [2026-08-27T02:43:44.693+0000] {dag.py:3036} INFO - Sync 1 DAGs
[2026-08-27T02:43:44.743+0000] {logging_mixin.py:188} INFO - [2026-08-27T02:43:44.743+0000] {dag.py:3823} INFO - Setting next_dagrun for retailpulse_medallion_pipeline to 2026-08-27 00:00:00+00:00, run_after=2026-08-28 00:00:00+00:00
[2026-08-27T02:43:44.787+0000] {processor.py:183} INFO - Processing /opt/airflow/dags/retailpulse_dag.py took 0.263 seconds
[2026-08-27T02:44:15.037+0000] {processor.py:161} INFO - Started process (PID=3941) to work on /opt/airflow/dags/retailpulse_dag.py
[2026-08-27T02:44:15.039+0000] {processor.py:830} INFO - Processing file /opt/airflow/dags/retailpulse_dag.py for tasks to queue
[2026-08-27T02:44:15.042+0000] {logging_mixin.py:188} INFO - [2026-08-27T02:44:15.042+0000] {dagbag.py:538} INFO - Filling up the DagBag from /opt/airflow/dags/retailpulse_dag.py
[2026-08-27T02:44:15.099+0000] {processor.py:840} INFO - DAG(s) 'retailpulse_medallion_pipeline' retrieved from /opt/airflow/dags/retailpulse_dag.py
[2026-08-27T02:44:15.243+0000] {logging_mixin.py:188} INFO - [2026-08-27T02:44:15.243+0000] {dag.py:3036} INFO - Sync 1 DAGs
[2026-08-27T02:44:15.302+0000] {logging_mixin.py:188} INFO - [2026-08-27T02:44:15.301+0000] {dag.py:3823} INFO - Setting next_dagrun for retailpulse_medallion_pipeline to 2026-08-27 00:00:00+00:00, run_after=2026-08-28 00:00:00+00:00
[2026-08-27T02:44:15.341+0000] {processor.py:183} INFO - Processing /opt/airflow/dags/retailpulse_dag.py took 0.312 seconds
[2026-08-27T02:44:45.802+0000] {processor.py:161} INFO - Started process (PID=3946) to work on /opt/airflow/dags/retailpulse_dag.py
[2026-08-27T02:44:45.806+0000] {processor.py:830} INFO - Processing file /opt/airflow/dags/retailpulse_dag.py for tasks to queue
[2026-08-27T02:44:45.809+0000] {logging_mixin.py:188} INFO - [2026-08-27T02:44:45.808+0000] {dagbag.py:538} INFO - Filling up the DagBag from /opt/airflow/dags/retailpulse_dag.py
[2026-08-27T02:44:45.905+0000] {processor.py:840} INFO - DAG(s) 'retailpulse_medallion_pipeline' retrieved from /opt/airflow/dags/retailpulse_dag.py
[2026-08-27T02:44:46.239+0000] {logging_mixin.py:188} INFO - [2026-08-27T02:44:46.239+0000] {dag.py:3036} INFO - Sync 1 DAGs
[2026-08-27T02:44:46.444+0000] {logging_mixin.py:188} INFO - [2026-08-27T02:44:46.444+0000] {dag.py:3823} INFO - Setting next_dagrun for retailpulse_medallion_pipeline to 2026-08-27 00:00:00+00:00, run_after=2026-08-28 00:00:00+00:00
[2026-08-27T02:44:46.599+0000] {processor.py:183} INFO - Processing /opt/airflow/dags/retailpulse_dag.py took 0.808 seconds
[2026-08-27T02:45:17.012+0000] {processor.py:161} INFO - Started process (PID=3951) to work on /opt/airflow/dags/retailpulse_dag.py
[2026-08-27T02:45:17.015+0000] {processor.py:830} INFO - Processing file /opt/airflow/dags/retailpulse_dag.py for tasks to queue
[2026-08-27T02:45:17.019+0000] {logging_mixin.py:188} INFO - [2026-08-27T02:45:17.018+0000] {dagbag.py:538} INFO - Filling up the DagBag from /opt/airflow/dags/retailpulse_dag.py
[2026-08-27T02:45:17.081+0000] {processor.py:840} INFO - DAG(s) 'retailpulse_medallion_pipeline' retrieved from /opt/airflow/dags/retailpulse_dag.py
[2026-08-27T02:45:17.200+0000] {logging_mixin.py:188} INFO - [2026-08-27T02:45:17.199+0000] {dag.py:3036} INFO - Sync 1 DAGs
[2026-08-27T02:45:17.273+0000] {logging_mixin.py:188} INFO - [2026-08-27T02:45:17.272+0000] {dag.py:3823} INFO - Setting next_dagrun for retailpulse_medallion_pipeline to 2026-08-27 00:00:00+00:00, run_after=2026-08-28 00:00:00+00:00
[2026-08-27T02:45:17.315+0000] {processor.py:183} INFO - Processing /opt/airflow/dags/retailpulse_dag.py took 0.311 seconds
[2026-08-27T02:45:47.572+0000] {processor.py:161} INFO - Started process (PID=3956) to work on /opt/airflow/dags/retailpulse_dag.py
[2026-08-27T02:45:47.575+0000] {processor.py:830} INFO - Processing file /opt/airflow/dags/retailpulse_dag.py for tasks to queue
[2026-08-27T02:45:47.579+0000] {logging_mixin.py:188} INFO - [2026-08-27T02:45:47.578+0000] {dagbag.py:538} INFO - Filling up the DagBag from /opt/airflow/dags/retailpulse_dag.py
[2026-08-27T02:45:47.654+0000] {processor.py:840} INFO - DAG(s) 'retailpulse_medallion_pipeline' retrieved from /opt/airflow/dags/retailpulse_dag.py
[2026-08-27T02:45:47.771+0000] {logging_mixin.py:188} INFO - [2026-08-27T02:45:47.770+0000] {dag.py:3036} INFO - Sync 1 DAGs
[2026-08-27T02:45:47.821+0000] {logging_mixin.py:188} INFO - [2026-08-27T02:45:47.821+0000] {dag.py:3823} INFO - Setting next_dagrun for retailpulse_medallion_pipeline to 2026-08-27 00:00:00+00:00, run_after=2026-08-28 00:00:00+00:00
[2026-08-27T02:45:47.857+0000] {processor.py:183} INFO - Processing /opt/airflow/dags/retailpulse_dag.py took 0.293 seconds
[2026-08-27T02:46:18.159+0000] {processor.py:161} INFO - Started process (PID=3961) to work on /opt/airflow/dags/retailpulse_dag.py
[2026-08-27T02:46:18.161+0000] {processor.py:830} INFO - Processing file /opt/airflow/dags/retailpulse_dag.py for tasks to queue
[2026-08-27T02:46:18.165+0000] {logging_mixin.py:188} INFO - [2026-08-27T02:46:18.164+0000] {dagbag.py:538} INFO - Filling up the DagBag from /opt/airflow/dags/retailpulse_dag.py
[2026-08-27T02:46:18.249+0000] {processor.py:840} INFO - DAG(s) 'retailpulse_medallion_pipeline' retrieved from /opt/airflow/dags/retailpulse_dag.py
[2026-08-27T02:46:18.421+0000] {logging_mixin.py:188} INFO - [2026-08-27T02:46:18.420+0000] {dag.py:3036} INFO - Sync 1 DAGs
[2026-08-27T02:46:18.499+0000] {logging_mixin.py:188} INFO - [2026-08-27T02:46:18.498+0000] {dag.py:3823} INFO - Setting next_dagrun for retailpulse_medallion_pipeline to 2026-08-27 00:00:00+00:00, run_after=2026-08-28 00:00:00+00:00
[2026-08-27T02:46:18.555+0000] {processor.py:183} INFO - Processing /opt/airflow/dags/retailpulse_dag.py took 0.407 seconds
[2026-08-27T02:46:48.881+0000] {processor.py:161} INFO - Started process (PID=3966) to work on /opt/airflow/dags/retailpulse_dag.py
[2026-08-27T02:46:48.885+0000] {processor.py:830} INFO - Processing file /opt/airflow/dags/retailpulse_dag.py for tasks to queue
[2026-08-27T02:46:48.888+0000] {logging_mixin.py:188} INFO - [2026-08-27T02:46:48.887+0000] {dagbag.py:538} INFO - Filling up the DagBag from /opt/airflow/dags/retailpulse_dag.py
[2026-08-27T02:46:48.948+0000] {processor.py:840} INFO - DAG(s) 'retailpulse_medallion_pipeline' retrieved from /opt/airflow/dags/retailpulse_dag.py
[2026-08-27T02:46:49.072+0000] {logging_mixin.py:188} INFO - [2026-08-27T02:46:49.071+0000] {dag.py:3036} INFO - Sync 1 DAGs
[2026-08-27T02:46:49.136+0000] {logging_mixin.py:188} INFO - [2026-08-27T02:46:49.135+0000] {dag.py:3823} INFO - Setting next_dagrun for retailpulse_medallion_pipeline to 2026-08-27 00:00:00+00:00, run_after=2026-08-28 00:00:00+00:00
[2026-08-27T02:46:49.189+0000] {processor.py:183} INFO - Processing /opt/airflow/dags/retailpulse_dag.py took 0.317 seconds
[2026-08-27T02:47:19.685+0000] {processor.py:161} INFO - Started process (PID=3972) to work on /opt/airflow/dags/retailpulse_dag.py
[2026-08-27T02:47:19.693+0000] {processor.py:830} INFO - Processing file /opt/airflow/dags/retailpulse_dag.py for tasks to queue
[2026-08-27T02:47:19.701+0000] {logging_mixin.py:188} INFO - [2026-08-27T02:47:19.699+0000] {dagbag.py:538} INFO - Filling up the DagBag from /opt/airflow/dags/retailpulse_dag.py
[2026-08-27T02:47:19.821+0000] {processor.py:840} INFO - DAG(s) 'retailpulse_medallion_pipeline' retrieved from /opt/airflow/dags/retailpulse_dag.py
[2026-08-27T02:47:20.085+0000] {logging_mixin.py:188} INFO - [2026-08-27T02:47:20.085+0000] {dag.py:3036} INFO - Sync 1 DAGs
[2026-08-27T02:47:20.143+0000] {logging_mixin.py:188} INFO - [2026-08-27T02:47:20.142+0000] {dag.py:3823} INFO - Setting next_dagrun for retailpulse_medallion_pipeline to 2026-08-27 00:00:00+00:00, run_after=2026-08-28 00:00:00+00:00
[2026-08-27T02:47:20.209+0000] {processor.py:183} INFO - Processing /opt/airflow/dags/retailpulse_dag.py took 0.541 seconds
[2026-08-27T02:47:50.584+0000] {processor.py:161} INFO - Started process (PID=4098) to work on /opt/airflow/dags/retailpulse_dag.py
[2026-08-27T02:47:50.594+0000] {processor.py:830} INFO - Processing file /opt/airflow/dags/retailpulse_dag.py for tasks to queue
[2026-08-27T02:47:50.602+0000] {logging_mixin.py:188} INFO - [2026-08-27T02:47:50.601+0000] {dagbag.py:538} INFO - Filling up the DagBag from /opt/airflow/dags/retailpulse_dag.py
[2026-08-27T02:47:50.730+0000] {processor.py:840} INFO - DAG(s) 'retailpulse_medallion_pipeline' retrieved from /opt/airflow/dags/retailpulse_dag.py
[2026-08-27T02:47:50.932+0000] {logging_mixin.py:188} INFO - [2026-08-27T02:47:50.932+0000] {dag.py:3036} INFO - Sync 1 DAGs
[2026-08-27T02:47:51.235+0000] {logging_mixin.py:188} INFO - [2026-08-27T02:47:51.234+0000] {dag.py:3823} INFO - Setting next_dagrun for retailpulse_medallion_pipeline to 2026-08-27 00:00:00+00:00, run_after=2026-08-28 00:00:00+00:00
[2026-08-27T02:47:51.372+0000] {processor.py:183} INFO - Processing /opt/airflow/dags/retailpulse_dag.py took 0.815 seconds
[2026-08-27T02:48:21.568+0000] {processor.py:161} INFO - Started process (PID=4103) to work on /opt/airflow/dags/retailpulse_dag.py
[2026-08-27T02:48:21.585+0000] {processor.py:830} INFO - Processing file /opt/airflow/dags/retailpulse_dag.py for tasks to queue
[2026-08-27T02:48:21.592+0000] {logging_mixin.py:188} INFO - [2026-08-27T02:48:21.589+0000] {dagbag.py:538} INFO - Filling up the DagBag from /opt/airflow/dags/retailpulse_dag.py
[2026-08-27T02:48:21.684+0000] {processor.py:840} INFO - DAG(s) 'retailpulse_medallion_pipeline' retrieved from /opt/airflow/dags/retailpulse_dag.py
[2026-08-27T02:48:21.850+0000] {logging_mixin.py:188} INFO - [2026-08-27T02:48:21.850+0000] {dag.py:3036} INFO - Sync 1 DAGs
[2026-08-27T02:48:21.908+0000] {logging_mixin.py:188} INFO - [2026-08-27T02:48:21.907+0000] {dag.py:3823} INFO - Setting next_dagrun for retailpulse_medallion_pipeline to 2026-08-27 00:00:00+00:00, run_after=2026-08-28 00:00:00+00:00
[2026-08-27T02:48:21.964+0000] {processor.py:183} INFO - Processing /opt/airflow/dags/retailpulse_dag.py took 0.403 seconds
[2026-08-27T02:48:52.630+0000] {processor.py:161} INFO - Started process (PID=4108) to work on /opt/airflow/dags/retailpulse_dag.py
[2026-08-27T02:48:52.632+0000] {processor.py:830} INFO - Processing file /opt/airflow/dags/retailpulse_dag.py for tasks to queue
[2026-08-27T02:48:52.636+0000] {logging_mixin.py:188} INFO - [2026-08-27T02:48:52.634+0000] {dagbag.py:538} INFO - Filling up the DagBag from /opt/airflow/dags/retailpulse_dag.py
[2026-08-27T02:48:52.697+0000] {processor.py:840} INFO - DAG(s) 'retailpulse_medallion_pipeline' retrieved from /opt/airflow/dags/retailpulse_dag.py
[2026-08-27T02:48:52.845+0000] {logging_mixin.py:188} INFO - [2026-08-27T02:48:52.845+0000] {dag.py:3036} INFO - Sync 1 DAGs
[2026-08-27T02:48:52.905+0000] {logging_mixin.py:188} INFO - [2026-08-27T02:48:52.904+0000] {dag.py:3823} INFO - Setting next_dagrun for retailpulse_medallion_pipeline to 2026-08-27 00:00:00+00:00, run_after=2026-08-28 00:00:00+00:00
[2026-08-27T02:48:52.945+0000] {processor.py:183} INFO - Processing /opt/airflow/dags/retailpulse_dag.py took 0.324 seconds
[2026-08-27T02:49:23.053+0000] {processor.py:161} INFO - Started process (PID=4114) to work on /opt/airflow/dags/retailpulse_dag.py
[2026-08-27T02:49:23.056+0000] {processor.py:830} INFO - Processing file /opt/airflow/dags/retailpulse_dag.py for tasks to queue
[2026-08-27T02:49:23.059+0000] {logging_mixin.py:188} INFO - [2026-08-27T02:49:23.058+0000] {dagbag.py:538} INFO - Filling up the DagBag from /opt/airflow/dags/retailpulse_dag.py
[2026-08-27T02:49:23.117+0000] {processor.py:840} INFO - DAG(s) 'retailpulse_medallion_pipeline' retrieved from /opt/airflow/dags/retailpulse_dag.py
[2026-08-27T02:49:23.264+0000] {logging_mixin.py:188} INFO - [2026-08-27T02:49:23.264+0000] {dag.py:3036} INFO - Sync 1 DAGs
[2026-08-27T02:49:23.330+0000] {logging_mixin.py:188} INFO - [2026-08-27T02:49:23.330+0000] {dag.py:3823} INFO - Setting next_dagrun for retailpulse_medallion_pipeline to 2026-08-27 00:00:00+00:00, run_after=2026-08-28 00:00:00+00:00
[2026-08-27T02:49:23.372+0000] {processor.py:183} INFO - Processing /opt/airflow/dags/retailpulse_dag.py took 0.334 seconds
[2026-08-27T02:49:53.650+0000] {processor.py:161} INFO - Started process (PID=4119) to work on /opt/airflow/dags/retailpulse_dag.py
[2026-08-27T02:49:53.652+0000] {processor.py:830} INFO - Processing file /opt/airflow/dags/retailpulse_dag.py for tasks to queue
[2026-08-27T02:49:53.655+0000] {logging_mixin.py:188} INFO - [2026-08-27T02:49:53.654+0000] {dagbag.py:538} INFO - Filling up the DagBag from /opt/airflow/dags/retailpulse_dag.py
[2026-08-27T02:49:53.710+0000] {processor.py:840} INFO - DAG(s) 'retailpulse_medallion_pipeline' retrieved from /opt/airflow/dags/retailpulse_dag.py
[2026-08-27T02:49:53.852+0000] {logging_mixin.py:188} INFO - [2026-08-27T02:49:53.851+0000] {dag.py:3036} INFO - Sync 1 DAGs
[2026-08-27T02:49:53.904+0000] {logging_mixin.py:188} INFO - [2026-08-27T02:49:53.903+0000] {dag.py:3823} INFO - Setting next_dagrun for retailpulse_medallion_pipeline to 2026-08-27 00:00:00+00:00, run_after=2026-08-28 00:00:00+00:00
[2026-08-27T02:49:53.954+0000] {processor.py:183} INFO - Processing /opt/airflow/dags/retailpulse_dag.py took 0.311 seconds
[2026-08-27T02:50:24.491+0000] {processor.py:161} INFO - Started process (PID=4147) to work on /opt/airflow/dags/retailpulse_dag.py
[2026-08-27T02:50:24.501+0000] {processor.py:830} INFO - Processing file /opt/airflow/dags/retailpulse_dag.py for tasks to queue
[2026-08-27T02:50:24.508+0000] {logging_mixin.py:188} INFO - [2026-08-27T02:50:24.507+0000] {dagbag.py:538} INFO - Filling up the DagBag from /opt/airflow/dags/retailpulse_dag.py
[2026-08-27T02:50:24.788+0000] {processor.py:840} INFO - DAG(s) 'retailpulse_medallion_pipeline' retrieved from /opt/airflow/dags/retailpulse_dag.py
[2026-08-27T02:50:25.672+0000] {logging_mixin.py:188} INFO - [2026-08-27T02:50:25.672+0000] {dag.py:3036} INFO - Sync 1 DAGs
[2026-08-27T02:50:25.877+0000] {logging_mixin.py:188} INFO - [2026-08-27T02:50:25.876+0000] {dag.py:3823} INFO - Setting next_dagrun for retailpulse_medallion_pipeline to 2026-08-27 00:00:00+00:00, run_after=2026-08-28 00:00:00+00:00
[2026-08-27T02:50:26.021+0000] {processor.py:183} INFO - Processing /opt/airflow/dags/retailpulse_dag.py took 1.563 seconds
[2026-08-27T02:50:56.662+0000] {processor.py:161} INFO - Started process (PID=4322) to work on /opt/airflow/dags/retailpulse_dag.py
[2026-08-27T02:50:56.665+0000] {processor.py:830} INFO - Processing file /opt/airflow/dags/retailpulse_dag.py for tasks to queue
[2026-08-27T02:50:56.667+0000] {logging_mixin.py:188} INFO - [2026-08-27T02:50:56.667+0000] {dagbag.py:538} INFO - Filling up the DagBag from /opt/airflow/dags/retailpulse_dag.py
[2026-08-27T02:50:56.732+0000] {processor.py:840} INFO - DAG(s) 'retailpulse_medallion_pipeline' retrieved from /opt/airflow/dags/retailpulse_dag.py
[2026-08-27T02:50:56.884+0000] {logging_mixin.py:188} INFO - [2026-08-27T02:50:56.883+0000] {dag.py:3036} INFO - Sync 1 DAGs
[2026-08-27T02:50:56.947+0000] {logging_mixin.py:188} INFO - [2026-08-27T02:50:56.947+0000] {dag.py:3823} INFO - Setting next_dagrun for retailpulse_medallion_pipeline to 2026-08-27 00:00:00+00:00, run_after=2026-08-28 00:00:00+00:00
[2026-08-27T02:50:57.428+0000] {processor.py:183} INFO - Processing /opt/airflow/dags/retailpulse_dag.py took 0.777 seconds
[2026-08-27T02:51:27.925+0000] {processor.py:161} INFO - Started process (PID=4362) to work on /opt/airflow/dags/retailpulse_dag.py
[2026-08-27T02:51:27.932+0000] {processor.py:830} INFO - Processing file /opt/airflow/dags/retailpulse_dag.py for tasks to queue
[2026-08-27T02:51:27.956+0000] {logging_mixin.py:188} INFO - [2026-08-27T02:51:27.956+0000] {dagbag.py:538} INFO - Filling up the DagBag from /opt/airflow/dags/retailpulse_dag.py
[2026-08-27T02:51:28.034+0000] {processor.py:840} INFO - DAG(s) 'retailpulse_medallion_pipeline' retrieved from /opt/airflow/dags/retailpulse_dag.py
[2026-08-27T02:51:28.166+0000] {logging_mixin.py:188} INFO - [2026-08-27T02:51:28.166+0000] {dag.py:3036} INFO - Sync 1 DAGs
[2026-08-27T02:51:28.223+0000] {logging_mixin.py:188} INFO - [2026-08-27T02:51:28.222+0000] {dag.py:3823} INFO - Setting next_dagrun for retailpulse_medallion_pipeline to 2026-08-27 00:00:00+00:00, run_after=2026-08-28 00:00:00+00:00
[2026-08-27T02:51:28.305+0000] {processor.py:183} INFO - Processing /opt/airflow/dags/retailpulse_dag.py took 0.410 seconds
[2026-08-27T02:51:59.249+0000] {processor.py:161} INFO - Started process (PID=4429) to work on /opt/airflow/dags/retailpulse_dag.py
[2026-08-27T02:51:59.251+0000] {processor.py:830} INFO - Processing file /opt/airflow/dags/retailpulse_dag.py for tasks to queue
[2026-08-27T02:51:59.254+0000] {logging_mixin.py:188} INFO - [2026-08-27T02:51:59.253+0000] {dagbag.py:538} INFO - Filling up the DagBag from /opt/airflow/dags/retailpulse_dag.py
[2026-08-27T02:51:59.316+0000] {processor.py:840} INFO - DAG(s) 'retailpulse_medallion_pipeline' retrieved from /opt/airflow/dags/retailpulse_dag.py
[2026-08-27T02:51:59.550+0000] {logging_mixin.py:188} INFO - [2026-08-27T02:51:59.547+0000] {dag.py:3036} INFO - Sync 1 DAGs
[2026-08-27T02:51:59.692+0000] {logging_mixin.py:188} INFO - [2026-08-27T02:51:59.691+0000] {dag.py:3823} INFO - Setting next_dagrun for retailpulse_medallion_pipeline to 2026-08-27 00:00:00+00:00, run_after=2026-08-28 00:00:00+00:00
[2026-08-27T02:51:59.793+0000] {processor.py:183} INFO - Processing /opt/airflow/dags/retailpulse_dag.py took 0.553 seconds
[2026-08-27T02:52:30.535+0000] {processor.py:161} INFO - Started process (PID=4434) to work on /opt/airflow/dags/retailpulse_dag.py
[2026-08-27T02:52:30.537+0000] {processor.py:830} INFO - Processing file /opt/airflow/dags/retailpulse_dag.py for tasks to queue
[2026-08-27T02:52:30.541+0000] {logging_mixin.py:188} INFO - [2026-08-27T02:52:30.540+0000] {dagbag.py:538} INFO - Filling up the DagBag from /opt/airflow/dags/retailpulse_dag.py
[2026-08-27T02:52:30.593+0000] {processor.py:840} INFO - DAG(s) 'retailpulse_medallion_pipeline' retrieved from /opt/airflow/dags/retailpulse_dag.py
[2026-08-27T02:52:30.685+0000] {logging_mixin.py:188} INFO - [2026-08-27T02:52:30.685+0000] {dag.py:3036} INFO - Sync 1 DAGs
[2026-08-27T02:52:30.765+0000] {logging_mixin.py:188} INFO - [2026-08-27T02:52:30.764+0000] {dag.py:3823} INFO - Setting next_dagrun for retailpulse_medallion_pipeline to 2026-08-27 00:00:00+00:00, run_after=2026-08-28 00:00:00+00:00
[2026-08-27T02:52:30.815+0000] {processor.py:183} INFO - Processing /opt/airflow/dags/retailpulse_dag.py took 0.286 seconds
[2026-08-27T02:53:03.911+0000] {processor.py:161} INFO - Started process (PID=4447) to work on /opt/airflow/dags/retailpulse_dag.py
[2026-08-27T02:53:03.914+0000] {processor.py:830} INFO - Processing file /opt/airflow/dags/retailpulse_dag.py for tasks to queue
[2026-08-27T02:53:03.920+0000] {logging_mixin.py:188} INFO - [2026-08-27T02:53:03.918+0000] {dagbag.py:538} INFO - Filling up the DagBag from /opt/airflow/dags/retailpulse_dag.py
[2026-08-27T02:53:04.112+0000] {processor.py:840} INFO - DAG(s) 'retailpulse_medallion_pipeline' retrieved from /opt/airflow/dags/retailpulse_dag.py
[2026-08-27T02:53:04.411+0000] {logging_mixin.py:188} INFO - [2026-08-27T02:53:04.410+0000] {dag.py:3036} INFO - Sync 1 DAGs
[2026-08-27T02:53:04.478+0000] {logging_mixin.py:188} INFO - [2026-08-27T02:53:04.478+0000] {dag.py:3823} INFO - Setting next_dagrun for retailpulse_medallion_pipeline to 2026-08-27 00:00:00+00:00, run_after=2026-08-28 00:00:00+00:00
[2026-08-27T02:53:04.522+0000] {processor.py:183} INFO - Processing /opt/airflow/dags/retailpulse_dag.py took 0.683 seconds
[2026-08-27T02:53:34.812+0000] {processor.py:161} INFO - Started process (PID=4489) to work on /opt/airflow/dags/retailpulse_dag.py
[2026-08-27T02:53:34.815+0000] {processor.py:830} INFO - Processing file /opt/airflow/dags/retailpulse_dag.py for tasks to queue
[2026-08-27T02:53:34.819+0000] {logging_mixin.py:188} INFO - [2026-08-27T02:53:34.817+0000] {dagbag.py:538} INFO - Filling up the DagBag from /opt/airflow/dags/retailpulse_dag.py
[2026-08-27T02:53:34.948+0000] {processor.py:840} INFO - DAG(s) 'retailpulse_medallion_pipeline' retrieved from /opt/airflow/dags/retailpulse_dag.py
[2026-08-27T02:53:35.084+0000] {logging_mixin.py:188} INFO - [2026-08-27T02:53:35.083+0000] {dag.py:3036} INFO - Sync 1 DAGs
[2026-08-27T02:53:35.149+0000] {logging_mixin.py:188} INFO - [2026-08-27T02:53:35.149+0000] {dag.py:3823} INFO - Setting next_dagrun for retailpulse_medallion_pipeline to 2026-08-27 00:00:00+00:00, run_after=2026-08-28 00:00:00+00:00
[2026-08-27T02:53:35.500+0000] {processor.py:183} INFO - Processing /opt/airflow/dags/retailpulse_dag.py took 0.700 seconds
[2026-08-27T02:54:06.356+0000] {processor.py:161} INFO - Started process (PID=4494) to work on /opt/airflow/dags/retailpulse_dag.py
[2026-08-27T02:54:06.362+0000] {processor.py:830} INFO - Processing file /opt/airflow/dags/retailpulse_dag.py for tasks to queue
[2026-08-27T02:54:06.373+0000] {logging_mixin.py:188} INFO - [2026-08-27T02:54:06.371+0000] {dagbag.py:538} INFO - Filling up the DagBag from /opt/airflow/dags/retailpulse_dag.py
[2026-08-27T02:54:07.007+0000] {processor.py:840} INFO - DAG(s) 'retailpulse_medallion_pipeline' retrieved from /opt/airflow/dags/retailpulse_dag.py
[2026-08-27T02:54:17.181+0000] {logging_mixin.py:188} INFO - [2026-08-27T02:54:17.181+0000] {dag.py:3036} INFO - Sync 1 DAGs
[2026-08-27T02:54:17.300+0000] {logging_mixin.py:188} INFO - [2026-08-27T02:54:17.299+0000] {dag.py:3823} INFO - Setting next_dagrun for retailpulse_medallion_pipeline to 2026-08-27 00:00:00+00:00, run_after=2026-08-28 00:00:00+00:00
[2026-08-27T02:54:17.358+0000] {processor.py:183} INFO - Processing /opt/airflow/dags/retailpulse_dag.py took 11.176 seconds
[2026-08-27T02:54:47.827+0000] {processor.py:161} INFO - Started process (PID=4508) to work on /opt/airflow/dags/retailpulse_dag.py
[2026-08-27T02:54:47.837+0000] {processor.py:830} INFO - Processing file /opt/airflow/dags/retailpulse_dag.py for tasks to queue
[2026-08-27T02:54:47.848+0000] {logging_mixin.py:188} INFO - [2026-08-27T02:54:47.845+0000] {dagbag.py:538} INFO - Filling up the DagBag from /opt/airflow/dags/retailpulse_dag.py
[2026-08-27T02:54:48.056+0000] {processor.py:840} INFO - DAG(s) 'retailpulse_medallion_pipeline' retrieved from /opt/airflow/dags/retailpulse_dag.py
[2026-08-27T02:54:48.353+0000] {logging_mixin.py:188} INFO - [2026-08-27T02:54:48.352+0000] {dag.py:3036} INFO - Sync 1 DAGs
[2026-08-27T02:54:48.434+0000] {logging_mixin.py:188} INFO - [2026-08-27T02:54:48.434+0000] {dag.py:3823} INFO - Setting next_dagrun for retailpulse_medallion_pipeline to 2026-08-27 00:00:00+00:00, run_after=2026-08-28 00:00:00+00:00
[2026-08-27T02:54:52.307+0000] {processor.py:183} INFO - Processing /opt/airflow/dags/retailpulse_dag.py took 4.511 seconds
[2026-08-27T02:55:22.627+0000] {processor.py:161} INFO - Started process (PID=4528) to work on /opt/airflow/dags/retailpulse_dag.py
[2026-08-27T02:55:22.635+0000] {processor.py:830} INFO - Processing file /opt/airflow/dags/retailpulse_dag.py for tasks to queue
[2026-08-27T02:55:22.645+0000] {logging_mixin.py:188} INFO - [2026-08-27T02:55:22.643+0000] {dagbag.py:538} INFO - Filling up the DagBag from /opt/airflow/dags/retailpulse_dag.py
[2026-08-27T02:55:22.761+0000] {processor.py:840} INFO - DAG(s) 'retailpulse_medallion_pipeline' retrieved from /opt/airflow/dags/retailpulse_dag.py
[2026-08-27T02:55:22.850+0000] {logging_mixin.py:188} INFO - [2026-08-27T02:55:22.849+0000] {dag.py:3036} INFO - Sync 1 DAGs
[2026-08-27T02:55:22.899+0000] {logging_mixin.py:188} INFO - [2026-08-27T02:55:22.899+0000] {dag.py:3823} INFO - Setting next_dagrun for retailpulse_medallion_pipeline to 2026-08-27 00:00:00+00:00, run_after=2026-08-28 00:00:00+00:00
[2026-08-27T02:55:22.962+0000] {processor.py:183} INFO - Processing /opt/airflow/dags/retailpulse_dag.py took 0.354 seconds
[2026-08-27T02:55:53.485+0000] {processor.py:161} INFO - Started process (PID=4735) to work on /opt/airflow/dags/retailpulse_dag.py
[2026-08-27T02:55:53.488+0000] {processor.py:830} INFO - Processing file /opt/airflow/dags/retailpulse_dag.py for tasks to queue
[2026-08-27T02:55:53.491+0000] {logging_mixin.py:188} INFO - [2026-08-27T02:55:53.490+0000] {dagbag.py:538} INFO - Filling up the DagBag from /opt/airflow/dags/retailpulse_dag.py
[2026-08-27T02:55:53.571+0000] {processor.py:840} INFO - DAG(s) 'retailpulse_medallion_pipeline' retrieved from /opt/airflow/dags/retailpulse_dag.py
[2026-08-27T02:55:53.727+0000] {logging_mixin.py:188} INFO - [2026-08-27T02:55:53.727+0000] {dag.py:3036} INFO - Sync 1 DAGs
[2026-08-27T02:55:53.774+0000] {logging_mixin.py:188} INFO - [2026-08-27T02:55:53.774+0000] {dag.py:3823} INFO - Setting next_dagrun for retailpulse_medallion_pipeline to 2026-08-27 00:00:00+00:00, run_after=2026-08-28 00:00:00+00:00
[2026-08-27T02:55:53.818+0000] {processor.py:183} INFO - Processing /opt/airflow/dags/retailpulse_dag.py took 0.342 seconds
[2026-08-27T02:56:25.298+0000] {processor.py:161} INFO - Started process (PID=4847) to work on /opt/airflow/dags/retailpulse_dag.py
[2026-08-27T02:56:25.368+0000] {processor.py:830} INFO - Processing file /opt/airflow/dags/retailpulse_dag.py for tasks to queue
[2026-08-27T02:56:25.462+0000] {logging_mixin.py:188} INFO - [2026-08-27T02:56:25.397+0000] {dagbag.py:538} INFO - Filling up the DagBag from /opt/airflow/dags/retailpulse_dag.py
[2026-08-27T02:56:26.408+0000] {processor.py:840} INFO - DAG(s) 'retailpulse_medallion_pipeline' retrieved from /opt/airflow/dags/retailpulse_dag.py
[2026-08-27T02:56:36.497+0000] {logging_mixin.py:188} INFO - [2026-08-27T02:56:36.496+0000] {dag.py:3036} INFO - Sync 1 DAGs
[2026-08-27T02:56:36.796+0000] {logging_mixin.py:188} INFO - [2026-08-27T02:56:36.796+0000] {dag.py:3823} INFO - Setting next_dagrun for retailpulse_medallion_pipeline to 2026-08-27 00:00:00+00:00, run_after=2026-08-28 00:00:00+00:00
[2026-08-27T02:56:36.912+0000] {processor.py:183} INFO - Processing /opt/airflow/dags/retailpulse_dag.py took 11.974 seconds
[2026-08-27T02:57:14.097+0000] {processor.py:161} INFO - Started process (PID=5060) to work on /opt/airflow/dags/retailpulse_dag.py
[2026-08-27T02:57:14.106+0000] {processor.py:830} INFO - Processing file /opt/airflow/dags/retailpulse_dag.py for tasks to queue
[2026-08-27T02:57:14.123+0000] {logging_mixin.py:188} INFO - [2026-08-27T02:57:14.117+0000] {dagbag.py:538} INFO - Filling up the DagBag from /opt/airflow/dags/retailpulse_dag.py
[2026-08-27T02:57:14.910+0000] {processor.py:840} INFO - DAG(s) 'retailpulse_medallion_pipeline' retrieved from /opt/airflow/dags/retailpulse_dag.py
[2026-08-27T02:57:15.410+0000] {logging_mixin.py:188} INFO - [2026-08-27T02:57:15.409+0000] {dag.py:3036} INFO - Sync 1 DAGs
[2026-08-27T02:57:15.768+0000] {logging_mixin.py:188} INFO - [2026-08-27T02:57:15.758+0000] {dag.py:3823} INFO - Setting next_dagrun for retailpulse_medallion_pipeline to 2026-08-27 00:00:00+00:00, run_after=2026-08-28 00:00:00+00:00
[2026-08-27T02:57:15.949+0000] {processor.py:183} INFO - Processing /opt/airflow/dags/retailpulse_dag.py took 1.894 seconds
[2026-08-27T02:57:46.891+0000] {processor.py:161} INFO - Started process (PID=5234) to work on /opt/airflow/dags/retailpulse_dag.py
[2026-08-27T02:57:46.901+0000] {processor.py:830} INFO - Processing file /opt/airflow/dags/retailpulse_dag.py for tasks to queue
[2026-08-27T02:57:46.910+0000] {logging_mixin.py:188} INFO - [2026-08-27T02:57:46.907+0000] {dagbag.py:538} INFO - Filling up the DagBag from /opt/airflow/dags/retailpulse_dag.py
[2026-08-27T02:57:48.846+0000] {processor.py:840} INFO - DAG(s) 'retailpulse_medallion_pipeline' retrieved from /opt/airflow/dags/retailpulse_dag.py
[2026-08-27T02:57:49.217+0000] {logging_mixin.py:188} INFO - [2026-08-27T02:57:49.217+0000] {dag.py:3036} INFO - Sync 1 DAGs
[2026-08-27T02:57:49.685+0000] {logging_mixin.py:188} INFO - [2026-08-27T02:57:49.684+0000] {dag.py:3823} INFO - Setting next_dagrun for retailpulse_medallion_pipeline to 2026-08-27 00:00:00+00:00, run_after=2026-08-28 00:00:00+00:00
[2026-08-27T02:57:49.866+0000] {processor.py:183} INFO - Processing /opt/airflow/dags/retailpulse_dag.py took 2.999 seconds
[2026-08-27T02:58:22.808+0000] {processor.py:161} INFO - Started process (PID=5463) to work on /opt/airflow/dags/retailpulse_dag.py
[2026-08-27T02:58:22.991+0000] {processor.py:830} INFO - Processing file /opt/airflow/dags/retailpulse_dag.py for tasks to queue
[2026-08-27T02:58:23.194+0000] {logging_mixin.py:188} INFO - [2026-08-27T02:58:23.189+0000] {dagbag.py:538} INFO - Filling up the DagBag from /opt/airflow/dags/retailpulse_dag.py
[2026-08-27T02:58:26.489+0000] {processor.py:840} INFO - DAG(s) 'retailpulse_medallion_pipeline' retrieved from /opt/airflow/dags/retailpulse_dag.py
[2026-08-27T02:58:26.680+0000] {logging_mixin.py:188} INFO - [2026-08-27T02:58:26.679+0000] {dag.py:3036} INFO - Sync 1 DAGs
[2026-08-27T02:58:26.733+0000] {logging_mixin.py:188} INFO - [2026-08-27T02:58:26.733+0000] {dag.py:3823} INFO - Setting next_dagrun for retailpulse_medallion_pipeline to 2026-08-27 00:00:00+00:00, run_after=2026-08-28 00:00:00+00:00
[2026-08-27T02:58:26.780+0000] {processor.py:183} INFO - Processing /opt/airflow/dags/retailpulse_dag.py took 4.288 seconds
[2026-08-27T02:58:57.210+0000] {processor.py:161} INFO - Started process (PID=5609) to work on /opt/airflow/dags/retailpulse_dag.py
[2026-08-27T02:58:57.213+0000] {processor.py:830} INFO - Processing file /opt/airflow/dags/retailpulse_dag.py for tasks to queue
[2026-08-27T02:58:57.216+0000] {logging_mixin.py:188} INFO - [2026-08-27T02:58:57.215+0000] {dagbag.py:538} INFO - Filling up the DagBag from /opt/airflow/dags/retailpulse_dag.py
[2026-08-27T02:58:57.336+0000] {processor.py:840} INFO - DAG(s) 'retailpulse_medallion_pipeline' retrieved from /opt/airflow/dags/retailpulse_dag.py
[2026-08-27T02:58:57.487+0000] {logging_mixin.py:188} INFO - [2026-08-27T02:58:57.487+0000] {dag.py:3036} INFO - Sync 1 DAGs
[2026-08-27T02:58:57.532+0000] {logging_mixin.py:188} INFO - [2026-08-27T02:58:57.531+0000] {dag.py:3823} INFO - Setting next_dagrun for retailpulse_medallion_pipeline to 2026-08-27 00:00:00+00:00, run_after=2026-08-28 00:00:00+00:00
[2026-08-27T02:59:03.305+0000] {processor.py:183} INFO - Processing /opt/airflow/dags/retailpulse_dag.py took 6.106 seconds
[2026-08-27T02:59:33.855+0000] {processor.py:161} INFO - Started process (PID=5852) to work on /opt/airflow/dags/retailpulse_dag.py
[2026-08-27T02:59:33.907+0000] {processor.py:830} INFO - Processing file /opt/airflow/dags/retailpulse_dag.py for tasks to queue
[2026-08-27T02:59:34.003+0000] {logging_mixin.py:188} INFO - [2026-08-27T02:59:34.001+0000] {dagbag.py:538} INFO - Filling up the DagBag from /opt/airflow/dags/retailpulse_dag.py
[2026-08-27T02:59:34.583+0000] {processor.py:840} INFO - DAG(s) 'retailpulse_medallion_pipeline' retrieved from /opt/airflow/dags/retailpulse_dag.py
[2026-08-27T02:59:35.066+0000] {logging_mixin.py:188} INFO - [2026-08-27T02:59:35.066+0000] {dag.py:3036} INFO - Sync 1 DAGs
[2026-08-27T02:59:35.207+0000] {logging_mixin.py:188} INFO - [2026-08-27T02:59:35.206+0000] {dag.py:3823} INFO - Setting next_dagrun for retailpulse_medallion_pipeline to 2026-08-27 00:00:00+00:00, run_after=2026-08-28 00:00:00+00:00
[2026-08-27T02:59:35.500+0000] {processor.py:183} INFO - Processing /opt/airflow/dags/retailpulse_dag.py took 1.663 seconds
[2026-08-27T03:00:06.423+0000] {processor.py:161} INFO - Started process (PID=6066) to work on /opt/airflow/dags/retailpulse_dag.py
[2026-08-27T03:00:06.431+0000] {processor.py:830} INFO - Processing file /opt/airflow/dags/retailpulse_dag.py for tasks to queue
[2026-08-27T03:00:06.437+0000] {logging_mixin.py:188} INFO - [2026-08-27T03:00:06.436+0000] {dagbag.py:538} INFO - Filling up the DagBag from /opt/airflow/dags/retailpulse_dag.py
[2026-08-27T03:00:06.550+0000] {processor.py:840} INFO - DAG(s) 'retailpulse_medallion_pipeline' retrieved from /opt/airflow/dags/retailpulse_dag.py
[2026-08-27T03:00:06.712+0000] {logging_mixin.py:188} INFO - [2026-08-27T03:00:06.711+0000] {dag.py:3036} INFO - Sync 1 DAGs
[2026-08-27T03:00:06.808+0000] {logging_mixin.py:188} INFO - [2026-08-27T03:00:06.806+0000] {dag.py:3823} INFO - Setting next_dagrun for retailpulse_medallion_pipeline to 2026-08-27 00:00:00+00:00, run_after=2026-08-28 00:00:00+00:00
[2026-08-27T03:00:06.918+0000] {processor.py:183} INFO - Processing /opt/airflow/dags/retailpulse_dag.py took 0.523 seconds
[2026-08-27T03:00:37.863+0000] {processor.py:161} INFO - Started process (PID=6225) to work on /opt/airflow/dags/retailpulse_dag.py
[2026-08-27T03:00:37.866+0000] {processor.py:830} INFO - Processing file /opt/airflow/dags/retailpulse_dag.py for tasks to queue
[2026-08-27T03:00:37.869+0000] {logging_mixin.py:188} INFO - [2026-08-27T03:00:37.868+0000] {dagbag.py:538} INFO - Filling up the DagBag from /opt/airflow/dags/retailpulse_dag.py
[2026-08-27T03:00:37.945+0000] {processor.py:840} INFO - DAG(s) 'retailpulse_medallion_pipeline' retrieved from /opt/airflow/dags/retailpulse_dag.py
[2026-08-27T03:00:38.148+0000] {logging_mixin.py:188} INFO - [2026-08-27T03:00:38.147+0000] {dag.py:3036} INFO - Sync 1 DAGs
[2026-08-27T03:00:38.233+0000] {logging_mixin.py:188} INFO - [2026-08-27T03:00:38.232+0000] {dag.py:3823} INFO - Setting next_dagrun for retailpulse_medallion_pipeline to 2026-08-27 00:00:00+00:00, run_after=2026-08-28 00:00:00+00:00
[2026-08-27T03:00:38.300+0000] {processor.py:183} INFO - Processing /opt/airflow/dags/retailpulse_dag.py took 0.448 seconds
[2026-08-27T03:01:08.610+0000] {processor.py:161} INFO - Started process (PID=6312) to work on /opt/airflow/dags/retailpulse_dag.py
[2026-08-27T03:01:08.624+0000] {processor.py:830} INFO - Processing file /opt/airflow/dags/retailpulse_dag.py for tasks to queue
[2026-08-27T03:01:08.634+0000] {logging_mixin.py:188} INFO - [2026-08-27T03:01:08.631+0000] {dagbag.py:538} INFO - Filling up the DagBag from /opt/airflow/dags/retailpulse_dag.py
[2026-08-27T03:01:08.814+0000] {processor.py:840} INFO - DAG(s) 'retailpulse_medallion_pipeline' retrieved from /opt/airflow/dags/retailpulse_dag.py
[2026-08-27T03:01:08.963+0000] {logging_mixin.py:188} INFO - [2026-08-27T03:01:08.962+0000] {dag.py:3036} INFO - Sync 1 DAGs
[2026-08-27T03:01:09.047+0000] {logging_mixin.py:188} INFO - [2026-08-27T03:01:09.047+0000] {dag.py:3823} INFO - Setting next_dagrun for retailpulse_medallion_pipeline to 2026-08-27 00:00:00+00:00, run_after=2026-08-28 00:00:00+00:00
[2026-08-27T03:01:09.111+0000] {processor.py:183} INFO - Processing /opt/airflow/dags/retailpulse_dag.py took 0.538 seconds
[2026-08-27T03:01:39.341+0000] {processor.py:161} INFO - Started process (PID=6317) to work on /opt/airflow/dags/retailpulse_dag.py
[2026-08-27T03:01:39.350+0000] {processor.py:830} INFO - Processing file /opt/airflow/dags/retailpulse_dag.py for tasks to queue
[2026-08-27T03:01:39.361+0000] {logging_mixin.py:188} INFO - [2026-08-27T03:01:39.359+0000] {dagbag.py:538} INFO - Filling up the DagBag from /opt/airflow/dags/retailpulse_dag.py
[2026-08-27T03:01:39.586+0000] {processor.py:840} INFO - DAG(s) 'retailpulse_medallion_pipeline' retrieved from /opt/airflow/dags/retailpulse_dag.py
[2026-08-27T03:01:39.977+0000] {logging_mixin.py:188} INFO - [2026-08-27T03:01:39.976+0000] {dag.py:3036} INFO - Sync 1 DAGs
[2026-08-27T03:01:40.045+0000] {logging_mixin.py:188} INFO - [2026-08-27T03:01:40.045+0000] {dag.py:3823} INFO - Setting next_dagrun for retailpulse_medallion_pipeline to 2026-08-27 00:00:00+00:00, run_after=2026-08-28 00:00:00+00:00
[2026-08-27T03:01:40.151+0000] {processor.py:183} INFO - Processing /opt/airflow/dags/retailpulse_dag.py took 0.842 seconds
[2026-08-27T03:02:10.828+0000] {processor.py:161} INFO - Started process (PID=6322) to work on /opt/airflow/dags/retailpulse_dag.py
[2026-08-27T03:02:10.843+0000] {processor.py:830} INFO - Processing file /opt/airflow/dags/retailpulse_dag.py for tasks to queue
[2026-08-27T03:02:10.851+0000] {logging_mixin.py:188} INFO - [2026-08-27T03:02:10.849+0000] {dagbag.py:538} INFO - Filling up the DagBag from /opt/airflow/dags/retailpulse_dag.py
[2026-08-27T03:02:11.049+0000] {processor.py:840} INFO - DAG(s) 'retailpulse_medallion_pipeline' retrieved from /opt/airflow/dags/retailpulse_dag.py
[2026-08-27T03:02:11.237+0000] {logging_mixin.py:188} INFO - [2026-08-27T03:02:11.237+0000] {dag.py:3036} INFO - Sync 1 DAGs
[2026-08-27T03:02:11.294+0000] {logging_mixin.py:188} INFO - [2026-08-27T03:02:11.292+0000] {dag.py:3823} INFO - Setting next_dagrun for retailpulse_medallion_pipeline to 2026-08-27 00:00:00+00:00, run_after=2026-08-28 00:00:00+00:00
[2026-08-27T03:02:11.367+0000] {processor.py:183} INFO - Processing /opt/airflow/dags/retailpulse_dag.py took 0.563 seconds
[2026-08-27T03:02:41.781+0000] {processor.py:161} INFO - Started process (PID=6327) to work on /opt/airflow/dags/retailpulse_dag.py
[2026-08-27T03:02:41.784+0000] {processor.py:830} INFO - Processing file /opt/airflow/dags/retailpulse_dag.py for tasks to queue
[2026-08-27T03:02:41.787+0000] {logging_mixin.py:188} INFO - [2026-08-27T03:02:41.786+0000] {dagbag.py:538} INFO - Filling up the DagBag from /opt/airflow/dags/retailpulse_dag.py
[2026-08-27T03:02:41.834+0000] {processor.py:840} INFO - DAG(s) 'retailpulse_medallion_pipeline' retrieved from /opt/airflow/dags/retailpulse_dag.py
[2026-08-27T03:02:41.912+0000] {logging_mixin.py:188} INFO - [2026-08-27T03:02:41.912+0000] {dag.py:3036} INFO - Sync 1 DAGs
[2026-08-27T03:02:41.945+0000] {logging_mixin.py:188} INFO - [2026-08-27T03:02:41.944+0000] {dag.py:3823} INFO - Setting next_dagrun for retailpulse_medallion_pipeline to 2026-08-27 00:00:00+00:00, run_after=2026-08-28 00:00:00+00:00
[2026-08-27T03:02:41.976+0000] {processor.py:183} INFO - Processing /opt/airflow/dags/retailpulse_dag.py took 0.201 seconds
[2026-08-27T03:03:12.223+0000] {processor.py:161} INFO - Started process (PID=6332) to work on /opt/airflow/dags/retailpulse_dag.py
[2026-08-27T03:03:12.235+0000] {processor.py:830} INFO - Processing file /opt/airflow/dags/retailpulse_dag.py for tasks to queue
[2026-08-27T03:03:12.241+0000] {logging_mixin.py:188} INFO - [2026-08-27T03:03:12.240+0000] {dagbag.py:538} INFO - Filling up the DagBag from /opt/airflow/dags/retailpulse_dag.py
[2026-08-27T03:03:12.298+0000] {processor.py:840} INFO - DAG(s) 'retailpulse_medallion_pipeline' retrieved from /opt/airflow/dags/retailpulse_dag.py
[2026-08-27T03:03:12.375+0000] {logging_mixin.py:188} INFO - [2026-08-27T03:03:12.374+0000] {dag.py:3036} INFO - Sync 1 DAGs
[2026-08-27T03:03:12.410+0000] {logging_mixin.py:188} INFO - [2026-08-27T03:03:12.409+0000] {dag.py:3823} INFO - Setting next_dagrun for retailpulse_medallion_pipeline to 2026-08-27 00:00:00+00:00, run_after=2026-08-28 00:00:00+00:00
[2026-08-27T03:03:12.442+0000] {processor.py:183} INFO - Processing /opt/airflow/dags/retailpulse_dag.py took 0.227 seconds
[2026-08-27T03:03:42.970+0000] {processor.py:161} INFO - Started process (PID=6337) to work on /opt/airflow/dags/retailpulse_dag.py
[2026-08-27T03:03:42.972+0000] {processor.py:830} INFO - Processing file /opt/airflow/dags/retailpulse_dag.py for tasks to queue
[2026-08-27T03:03:42.975+0000] {logging_mixin.py:188} INFO - [2026-08-27T03:03:42.974+0000] {dagbag.py:538} INFO - Filling up the DagBag from /opt/airflow/dags/retailpulse_dag.py
[2026-08-27T03:03:43.023+0000] {processor.py:840} INFO - DAG(s) 'retailpulse_medallion_pipeline' retrieved from /opt/airflow/dags/retailpulse_dag.py
[2026-08-27T03:03:43.099+0000] {logging_mixin.py:188} INFO - [2026-08-27T03:03:43.099+0000] {dag.py:3036} INFO - Sync 1 DAGs
[2026-08-27T03:03:43.134+0000] {logging_mixin.py:188} INFO - [2026-08-27T03:03:43.133+0000] {dag.py:3823} INFO - Setting next_dagrun for retailpulse_medallion_pipeline to 2026-08-27 00:00:00+00:00, run_after=2026-08-28 00:00:00+00:00
[2026-08-27T03:03:43.167+0000] {processor.py:183} INFO - Processing /opt/airflow/dags/retailpulse_dag.py took 0.202 seconds
[2026-08-27T03:04:13.490+0000] {processor.py:161} INFO - Started process (PID=6342) to work on /opt/airflow/dags/retailpulse_dag.py
[2026-08-27T03:04:13.492+0000] {processor.py:830} INFO - Processing file /opt/airflow/dags/retailpulse_dag.py for tasks to queue
[2026-08-27T03:04:13.496+0000] {logging_mixin.py:188} INFO - [2026-08-27T03:04:13.495+0000] {dagbag.py:538} INFO - Filling up the DagBag from /opt/airflow/dags/retailpulse_dag.py
[2026-08-27T03:04:13.549+0000] {processor.py:840} INFO - DAG(s) 'retailpulse_medallion_pipeline' retrieved from /opt/airflow/dags/retailpulse_dag.py
[2026-08-27T03:04:13.631+0000] {logging_mixin.py:188} INFO - [2026-08-27T03:04:13.631+0000] {dag.py:3036} INFO - Sync 1 DAGs
[2026-08-27T03:04:13.675+0000] {logging_mixin.py:188} INFO - [2026-08-27T03:04:13.675+0000] {dag.py:3823} INFO - Setting next_dagrun for retailpulse_medallion_pipeline to 2026-08-27 00:00:00+00:00, run_after=2026-08-28 00:00:00+00:00
[2026-08-27T03:04:13.705+0000] {processor.py:183} INFO - Processing /opt/airflow/dags/retailpulse_dag.py took 0.225 seconds
[2026-08-27T03:04:44.151+0000] {processor.py:161} INFO - Started process (PID=6347) to work on /opt/airflow/dags/retailpulse_dag.py
[2026-08-27T03:04:44.154+0000] {processor.py:830} INFO - Processing file /opt/airflow/dags/retailpulse_dag.py for tasks to queue
[2026-08-27T03:04:44.156+0000] {logging_mixin.py:188} INFO - [2026-08-27T03:04:44.156+0000] {dagbag.py:538} INFO - Filling up the DagBag from /opt/airflow/dags/retailpulse_dag.py
[2026-08-27T03:04:44.201+0000] {processor.py:840} INFO - DAG(s) 'retailpulse_medallion_pipeline' retrieved from /opt/airflow/dags/retailpulse_dag.py
[2026-08-27T03:04:44.278+0000] {logging_mixin.py:188} INFO - [2026-08-27T03:04:44.278+0000] {dag.py:3036} INFO - Sync 1 DAGs
[2026-08-27T03:04:44.311+0000] {logging_mixin.py:188} INFO - [2026-08-27T03:04:44.311+0000] {dag.py:3823} INFO - Setting next_dagrun for retailpulse_medallion_pipeline to 2026-08-27 00:00:00+00:00, run_after=2026-08-28 00:00:00+00:00
[2026-08-27T03:04:44.343+0000] {processor.py:183} INFO - Processing /opt/airflow/dags/retailpulse_dag.py took 0.197 seconds
[2026-08-27T03:05:14.597+0000] {processor.py:161} INFO - Started process (PID=6352) to work on /opt/airflow/dags/retailpulse_dag.py
[2026-08-27T03:05:14.600+0000] {processor.py:830} INFO - Processing file /opt/airflow/dags/retailpulse_dag.py for tasks to queue
[2026-08-27T03:05:14.602+0000] {logging_mixin.py:188} INFO - [2026-08-27T03:05:14.602+0000] {dagbag.py:538} INFO - Filling up the DagBag from /opt/airflow/dags/retailpulse_dag.py
[2026-08-27T03:05:14.654+0000] {processor.py:840} INFO - DAG(s) 'retailpulse_medallion_pipeline' retrieved from /opt/airflow/dags/retailpulse_dag.py
[2026-08-27T03:05:14.736+0000] {logging_mixin.py:188} INFO - [2026-08-27T03:05:14.736+0000] {dag.py:3036} INFO - Sync 1 DAGs
[2026-08-27T03:05:14.771+0000] {logging_mixin.py:188} INFO - [2026-08-27T03:05:14.771+0000] {dag.py:3823} INFO - Setting next_dagrun for retailpulse_medallion_pipeline to 2026-08-27 00:00:00+00:00, run_after=2026-08-28 00:00:00+00:00
[2026-08-27T03:05:14.802+0000] {processor.py:183} INFO - Processing /opt/airflow/dags/retailpulse_dag.py took 0.214 seconds
[2026-08-27T03:05:45.225+0000] {processor.py:161} INFO - Started process (PID=6357) to work on /opt/airflow/dags/retailpulse_dag.py
[2026-08-27T03:05:45.228+0000] {processor.py:830} INFO - Processing file /opt/airflow/dags/retailpulse_dag.py for tasks to queue
[2026-08-27T03:05:45.230+0000] {logging_mixin.py:188} INFO - [2026-08-27T03:05:45.230+0000] {dagbag.py:538} INFO - Filling up the DagBag from /opt/airflow/dags/retailpulse_dag.py
[2026-08-27T03:05:45.278+0000] {processor.py:840} INFO - DAG(s) 'retailpulse_medallion_pipeline' retrieved from /opt/airflow/dags/retailpulse_dag.py
[2026-08-27T03:05:45.356+0000] {logging_mixin.py:188} INFO - [2026-08-27T03:05:45.355+0000] {dag.py:3036} INFO - Sync 1 DAGs
[2026-08-27T03:05:45.389+0000] {logging_mixin.py:188} INFO - [2026-08-27T03:05:45.389+0000] {dag.py:3823} INFO - Setting next_dagrun for retailpulse_medallion_pipeline to 2026-08-27 00:00:00+00:00, run_after=2026-08-28 00:00:00+00:00
[2026-08-27T03:05:45.422+0000] {processor.py:183} INFO - Processing /opt/airflow/dags/retailpulse_dag.py took 0.209 seconds
[2026-08-27T03:06:15.831+0000] {processor.py:161} INFO - Started process (PID=6362) to work on /opt/airflow/dags/retailpulse_dag.py
[2026-08-27T03:06:15.834+0000] {processor.py:830} INFO - Processing file /opt/airflow/dags/retailpulse_dag.py for tasks to queue
[2026-08-27T03:06:15.837+0000] {logging_mixin.py:188} INFO - [2026-08-27T03:06:15.836+0000] {dagbag.py:538} INFO - Filling up the DagBag from /opt/airflow/dags/retailpulse_dag.py
[2026-08-27T03:06:15.883+0000] {processor.py:840} INFO - DAG(s) 'retailpulse_medallion_pipeline' retrieved from /opt/airflow/dags/retailpulse_dag.py
[2026-08-27T03:06:15.960+0000] {logging_mixin.py:188} INFO - [2026-08-27T03:06:15.960+0000] {dag.py:3036} INFO - Sync 1 DAGs
[2026-08-27T03:06:15.993+0000] {logging_mixin.py:188} INFO - [2026-08-27T03:06:15.993+0000] {dag.py:3823} INFO - Setting next_dagrun for retailpulse_medallion_pipeline to 2026-08-27 00:00:00+00:00, run_after=2026-08-28 00:00:00+00:00
[2026-08-27T03:06:16.027+0000] {processor.py:183} INFO - Processing /opt/airflow/dags/retailpulse_dag.py took 0.207 seconds
[2026-08-27T03:06:46.412+0000] {processor.py:161} INFO - Started process (PID=6367) to work on /opt/airflow/dags/retailpulse_dag.py
[2026-08-27T03:06:46.414+0000] {processor.py:830} INFO - Processing file /opt/airflow/dags/retailpulse_dag.py for tasks to queue
[2026-08-27T03:06:46.417+0000] {logging_mixin.py:188} INFO - [2026-08-27T03:06:46.416+0000] {dagbag.py:538} INFO - Filling up the DagBag from /opt/airflow/dags/retailpulse_dag.py
[2026-08-27T03:06:46.478+0000] {processor.py:840} INFO - DAG(s) 'retailpulse_medallion_pipeline' retrieved from /opt/airflow/dags/retailpulse_dag.py
[2026-08-27T03:06:46.570+0000] {logging_mixin.py:188} INFO - [2026-08-27T03:06:46.570+0000] {dag.py:3036} INFO - Sync 1 DAGs
[2026-08-27T03:06:46.605+0000] {logging_mixin.py:188} INFO - [2026-08-27T03:06:46.605+0000] {dag.py:3823} INFO - Setting next_dagrun for retailpulse_medallion_pipeline to 2026-08-27 00:00:00+00:00, run_after=2026-08-28 00:00:00+00:00
[2026-08-27T03:06:46.636+0000] {processor.py:183} INFO - Processing /opt/airflow/dags/retailpulse_dag.py took 0.231 seconds
[2026-08-27T03:07:16.946+0000] {processor.py:161} INFO - Started process (PID=6372) to work on /opt/airflow/dags/retailpulse_dag.py
[2026-08-27T03:07:16.949+0000] {processor.py:830} INFO - Processing file /opt/airflow/dags/retailpulse_dag.py for tasks to queue
[2026-08-27T03:07:16.951+0000] {logging_mixin.py:188} INFO - [2026-08-27T03:07:16.951+0000] {dagbag.py:538} INFO - Filling up the DagBag from /opt/airflow/dags/retailpulse_dag.py
[2026-08-27T03:07:16.999+0000] {processor.py:840} INFO - DAG(s) 'retailpulse_medallion_pipeline' retrieved from /opt/airflow/dags/retailpulse_dag.py
[2026-08-27T03:07:17.080+0000] {logging_mixin.py:188} INFO - [2026-08-27T03:07:17.079+0000] {dag.py:3036} INFO - Sync 1 DAGs
[2026-08-27T03:07:17.114+0000] {logging_mixin.py:188} INFO - [2026-08-27T03:07:17.113+0000] {dag.py:3823} INFO - Setting next_dagrun for retailpulse_medallion_pipeline to 2026-08-27 00:00:00+00:00, run_after=2026-08-28 00:00:00+00:00
[2026-08-27T03:07:17.148+0000] {processor.py:183} INFO - Processing /opt/airflow/dags/retailpulse_dag.py took 0.208 seconds
[2026-08-27T03:07:47.514+0000] {processor.py:161} INFO - Started process (PID=6377) to work on /opt/airflow/dags/retailpulse_dag.py
[2026-08-27T03:07:47.516+0000] {processor.py:830} INFO - Processing file /opt/airflow/dags/retailpulse_dag.py for tasks to queue
[2026-08-27T03:07:47.519+0000] {logging_mixin.py:188} INFO - [2026-08-27T03:07:47.518+0000] {dagbag.py:538} INFO - Filling up the DagBag from /opt/airflow/dags/retailpulse_dag.py
[2026-08-27T03:07:47.569+0000] {processor.py:840} INFO - DAG(s) 'retailpulse_medallion_pipeline' retrieved from /opt/airflow/dags/retailpulse_dag.py
[2026-08-27T03:07:47.649+0000] {logging_mixin.py:188} INFO - [2026-08-27T03:07:47.649+0000] {dag.py:3036} INFO - Sync 1 DAGs
[2026-08-27T03:07:47.684+0000] {logging_mixin.py:188} INFO - [2026-08-27T03:07:47.684+0000] {dag.py:3823} INFO - Setting next_dagrun for retailpulse_medallion_pipeline to 2026-08-27 00:00:00+00:00, run_after=2026-08-28 00:00:00+00:00
[2026-08-27T03:07:47.717+0000] {processor.py:183} INFO - Processing /opt/airflow/dags/retailpulse_dag.py took 0.209 seconds
[2026-08-27T03:08:18.015+0000] {processor.py:161} INFO - Started process (PID=6382) to work on /opt/airflow/dags/retailpulse_dag.py
[2026-08-27T03:08:18.018+0000] {processor.py:830} INFO - Processing file /opt/airflow/dags/retailpulse_dag.py for tasks to queue
[2026-08-27T03:08:18.020+0000] {logging_mixin.py:188} INFO - [2026-08-27T03:08:18.020+0000] {dagbag.py:538} INFO - Filling up the DagBag from /opt/airflow/dags/retailpulse_dag.py
[2026-08-27T03:08:18.077+0000] {processor.py:840} INFO - DAG(s) 'retailpulse_medallion_pipeline' retrieved from /opt/airflow/dags/retailpulse_dag.py
[2026-08-27T03:08:18.156+0000] {logging_mixin.py:188} INFO - [2026-08-27T03:08:18.156+0000] {dag.py:3036} INFO - Sync 1 DAGs
[2026-08-27T03:08:18.189+0000] {logging_mixin.py:188} INFO - [2026-08-27T03:08:18.189+0000] {dag.py:3823} INFO - Setting next_dagrun for retailpulse_medallion_pipeline to 2026-08-27 00:00:00+00:00, run_after=2026-08-28 00:00:00+00:00
[2026-08-27T03:08:18.219+0000] {processor.py:183} INFO - Processing /opt/airflow/dags/retailpulse_dag.py took 0.210 seconds
[2026-08-27T03:08:48.562+0000] {processor.py:161} INFO - Started process (PID=6387) to work on /opt/airflow/dags/retailpulse_dag.py
[2026-08-27T03:08:48.565+0000] {processor.py:830} INFO - Processing file /opt/airflow/dags/retailpulse_dag.py for tasks to queue
[2026-08-27T03:08:48.568+0000] {logging_mixin.py:188} INFO - [2026-08-27T03:08:48.567+0000] {dagbag.py:538} INFO - Filling up the DagBag from /opt/airflow/dags/retailpulse_dag.py
[2026-08-27T03:08:48.619+0000] {processor.py:840} INFO - DAG(s) 'retailpulse_medallion_pipeline' retrieved from /opt/airflow/dags/retailpulse_dag.py
[2026-08-27T03:08:48.696+0000] {logging_mixin.py:188} INFO - [2026-08-27T03:08:48.696+0000] {dag.py:3036} INFO - Sync 1 DAGs
[2026-08-27T03:08:48.729+0000] {logging_mixin.py:188} INFO - [2026-08-27T03:08:48.729+0000] {dag.py:3823} INFO - Setting next_dagrun for retailpulse_medallion_pipeline to 2026-08-27 00:00:00+00:00, run_after=2026-08-28 00:00:00+00:00
[2026-08-27T03:08:48.762+0000] {processor.py:183} INFO - Processing /opt/airflow/dags/retailpulse_dag.py took 0.206 seconds
[2026-08-27T03:09:18.996+0000] {processor.py:161} INFO - Started process (PID=6392) to work on /opt/airflow/dags/retailpulse_dag.py
[2026-08-27T03:09:18.999+0000] {processor.py:830} INFO - Processing file /opt/airflow/dags/retailpulse_dag.py for tasks to queue
[2026-08-27T03:09:19.001+0000] {logging_mixin.py:188} INFO - [2026-08-27T03:09:19.000+0000] {dagbag.py:538} INFO - Filling up the DagBag from /opt/airflow/dags/retailpulse_dag.py
[2026-08-27T03:09:19.058+0000] {processor.py:840} INFO - DAG(s) 'retailpulse_medallion_pipeline' retrieved from /opt/airflow/dags/retailpulse_dag.py
[2026-08-27T03:09:19.151+0000] {logging_mixin.py:188} INFO - [2026-08-27T03:09:19.151+0000] {dag.py:3036} INFO - Sync 1 DAGs
[2026-08-27T03:09:19.186+0000] {logging_mixin.py:188} INFO - [2026-08-27T03:09:19.186+0000] {dag.py:3823} INFO - Setting next_dagrun for retailpulse_medallion_pipeline to 2026-08-27 00:00:00+00:00, run_after=2026-08-28 00:00:00+00:00
[2026-08-27T03:09:19.222+0000] {processor.py:183} INFO - Processing /opt/airflow/dags/retailpulse_dag.py took 0.236 seconds
[2026-08-27T03:09:49.614+0000] {processor.py:161} INFO - Started process (PID=6397) to work on /opt/airflow/dags/retailpulse_dag.py
[2026-08-27T03:09:49.616+0000] {processor.py:830} INFO - Processing file /opt/airflow/dags/retailpulse_dag.py for tasks to queue
[2026-08-27T03:09:49.618+0000] {logging_mixin.py:188} INFO - [2026-08-27T03:09:49.618+0000] {dagbag.py:538} INFO - Filling up the DagBag from /opt/airflow/dags/retailpulse_dag.py
[2026-08-27T03:09:49.661+0000] {processor.py:840} INFO - DAG(s) 'retailpulse_medallion_pipeline' retrieved from /opt/airflow/dags/retailpulse_dag.py
[2026-08-27T03:09:49.772+0000] {logging_mixin.py:188} INFO - [2026-08-27T03:09:49.772+0000] {dag.py:3036} INFO - Sync 1 DAGs
[2026-08-27T03:09:49.819+0000] {logging_mixin.py:188} INFO - [2026-08-27T03:09:49.819+0000] {dag.py:3823} INFO - Setting next_dagrun for retailpulse_medallion_pipeline to 2026-08-27 00:00:00+00:00, run_after=2026-08-28 00:00:00+00:00
[2026-08-27T03:09:49.850+0000] {processor.py:183} INFO - Processing /opt/airflow/dags/retailpulse_dag.py took 0.240 seconds
[2026-08-27T03:10:20.029+0000] {processor.py:161} INFO - Started process (PID=6402) to work on /opt/airflow/dags/retailpulse_dag.py
[2026-08-27T03:10:20.031+0000] {processor.py:830} INFO - Processing file /opt/airflow/dags/retailpulse_dag.py for tasks to queue
[2026-08-27T03:10:20.034+0000] {logging_mixin.py:188} INFO - [2026-08-27T03:10:20.033+0000] {dagbag.py:538} INFO - Filling up the DagBag from /opt/airflow/dags/retailpulse_dag.py
[2026-08-27T03:10:20.080+0000] {processor.py:840} INFO - DAG(s) 'retailpulse_medallion_pipeline' retrieved from /opt/airflow/dags/retailpulse_dag.py
[2026-08-27T03:10:20.208+0000] {logging_mixin.py:188} INFO - [2026-08-27T03:10:20.207+0000] {dag.py:3036} INFO - Sync 1 DAGs
[2026-08-27T03:10:20.256+0000] {logging_mixin.py:188} INFO - [2026-08-27T03:10:20.256+0000] {dag.py:3823} INFO - Setting next_dagrun for retailpulse_medallion_pipeline to 2026-08-27 00:00:00+00:00, run_after=2026-08-28 00:00:00+00:00
[2026-08-27T03:10:20.284+0000] {processor.py:183} INFO - Processing /opt/airflow/dags/retailpulse_dag.py took 0.261 seconds
[2026-08-27T03:10:50.686+0000] {processor.py:161} INFO - Started process (PID=6407) to work on /opt/airflow/dags/retailpulse_dag.py
[2026-08-27T03:10:50.688+0000] {processor.py:830} INFO - Processing file /opt/airflow/dags/retailpulse_dag.py for tasks to queue
[2026-08-27T03:10:50.690+0000] {logging_mixin.py:188} INFO - [2026-08-27T03:10:50.689+0000] {dagbag.py:538} INFO - Filling up the DagBag from /opt/airflow/dags/retailpulse_dag.py
[2026-08-27T03:10:50.729+0000] {processor.py:840} INFO - DAG(s) 'retailpulse_medallion_pipeline' retrieved from /opt/airflow/dags/retailpulse_dag.py
[2026-08-27T03:10:50.810+0000] {logging_mixin.py:188} INFO - [2026-08-27T03:10:50.809+0000] {dag.py:3036} INFO - Sync 1 DAGs
[2026-08-27T03:10:50.846+0000] {logging_mixin.py:188} INFO - [2026-08-27T03:10:50.845+0000] {dag.py:3823} INFO - Setting next_dagrun for retailpulse_medallion_pipeline to 2026-08-27 00:00:00+00:00, run_after=2026-08-28 00:00:00+00:00
[2026-08-27T03:10:50.884+0000] {processor.py:183} INFO - Processing /opt/airflow/dags/retailpulse_dag.py took 0.204 seconds
[2026-08-27T03:11:21.145+0000] {processor.py:161} INFO - Started process (PID=6412) to work on /opt/airflow/dags/retailpulse_dag.py
[2026-08-27T03:11:21.148+0000] {processor.py:830} INFO - Processing file /opt/airflow/dags/retailpulse_dag.py for tasks to queue
[2026-08-27T03:11:21.151+0000] {logging_mixin.py:188} INFO - [2026-08-27T03:11:21.150+0000] {dagbag.py:538} INFO - Filling up the DagBag from /opt/airflow/dags/retailpulse_dag.py
[2026-08-27T03:11:21.221+0000] {processor.py:840} INFO - DAG(s) 'retailpulse_medallion_pipeline' retrieved from /opt/airflow/dags/retailpulse_dag.py
[2026-08-27T03:11:21.351+0000] {logging_mixin.py:188} INFO - [2026-08-27T03:11:21.350+0000] {dag.py:3036} INFO - Sync 1 DAGs
[2026-08-27T03:11:21.422+0000] {logging_mixin.py:188} INFO - [2026-08-27T03:11:21.422+0000] {dag.py:3823} INFO - Setting next_dagrun for retailpulse_medallion_pipeline to 2026-08-27 00:00:00+00:00, run_after=2026-08-28 00:00:00+00:00
[2026-08-27T03:11:21.495+0000] {processor.py:183} INFO - Processing /opt/airflow/dags/retailpulse_dag.py took 0.357 seconds
[2026-08-27T03:11:51.684+0000] {processor.py:161} INFO - Started process (PID=6417) to work on /opt/airflow/dags/retailpulse_dag.py
[2026-08-27T03:11:51.687+0000] {processor.py:830} INFO - Processing file /opt/airflow/dags/retailpulse_dag.py for tasks to queue
[2026-08-27T03:11:51.689+0000] {logging_mixin.py:188} INFO - [2026-08-27T03:11:51.688+0000] {dagbag.py:538} INFO - Filling up the DagBag from /opt/airflow/dags/retailpulse_dag.py
[2026-08-27T03:11:51.733+0000] {processor.py:840} INFO - DAG(s) 'retailpulse_medallion_pipeline' retrieved from /opt/airflow/dags/retailpulse_dag.py
[2026-08-27T03:11:51.811+0000] {logging_mixin.py:188} INFO - [2026-08-27T03:11:51.810+0000] {dag.py:3036} INFO - Sync 1 DAGs
[2026-08-27T03:11:51.844+0000] {logging_mixin.py:188} INFO - [2026-08-27T03:11:51.844+0000] {dag.py:3823} INFO - Setting next_dagrun for retailpulse_medallion_pipeline to 2026-08-27 00:00:00+00:00, run_after=2026-08-28 00:00:00+00:00
[2026-08-27T03:11:51.879+0000] {processor.py:183} INFO - Processing /opt/airflow/dags/retailpulse_dag.py took 0.200 seconds
[2026-08-27T03:12:22.411+0000] {processor.py:161} INFO - Started process (PID=6422) to work on /opt/airflow/dags/retailpulse_dag.py
[2026-08-27T03:12:22.413+0000] {processor.py:830} INFO - Processing file /opt/airflow/dags/retailpulse_dag.py for tasks to queue
[2026-08-27T03:12:22.416+0000] {logging_mixin.py:188} INFO - [2026-08-27T03:12:22.415+0000] {dagbag.py:538} INFO - Filling up the DagBag from /opt/airflow/dags/retailpulse_dag.py
[2026-08-27T03:12:22.468+0000] {processor.py:840} INFO - DAG(s) 'retailpulse_medallion_pipeline' retrieved from /opt/airflow/dags/retailpulse_dag.py
[2026-08-27T03:12:22.561+0000] {logging_mixin.py:188} INFO - [2026-08-27T03:12:22.561+0000] {dag.py:3036} INFO - Sync 1 DAGs
[2026-08-27T03:12:22.596+0000] {logging_mixin.py:188} INFO - [2026-08-27T03:12:22.596+0000] {dag.py:3823} INFO - Setting next_dagrun for retailpulse_medallion_pipeline to 2026-08-27 00:00:00+00:00, run_after=2026-08-28 00:00:00+00:00
[2026-08-27T03:12:22.628+0000] {processor.py:183} INFO - Processing /opt/airflow/dags/retailpulse_dag.py took 0.222 seconds
[2026-08-27T03:12:52.788+0000] {processor.py:161} INFO - Started process (PID=6427) to work on /opt/airflow/dags/retailpulse_dag.py
[2026-08-27T03:12:52.790+0000] {processor.py:830} INFO - Processing file /opt/airflow/dags/retailpulse_dag.py for tasks to queue
[2026-08-27T03:12:52.793+0000] {logging_mixin.py:188} INFO - [2026-08-27T03:12:52.792+0000] {dagbag.py:538} INFO - Filling up the DagBag from /opt/airflow/dags/retailpulse_dag.py
[2026-08-27T03:12:52.849+0000] {processor.py:840} INFO - DAG(s) 'retailpulse_medallion_pipeline' retrieved from /opt/airflow/dags/retailpulse_dag.py
[2026-08-27T03:12:52.956+0000] {logging_mixin.py:188} INFO - [2026-08-27T03:12:52.956+0000] {dag.py:3036} INFO - Sync 1 DAGs
[2026-08-27T03:12:52.992+0000] {logging_mixin.py:188} INFO - [2026-08-27T03:12:52.991+0000] {dag.py:3823} INFO - Setting next_dagrun for retailpulse_medallion_pipeline to 2026-08-27 00:00:00+00:00, run_after=2026-08-28 00:00:00+00:00
[2026-08-27T03:12:53.044+0000] {processor.py:183} INFO - Processing /opt/airflow/dags/retailpulse_dag.py took 0.264 seconds
[2026-08-27T03:13:23.553+0000] {processor.py:161} INFO - Started process (PID=6432) to work on /opt/airflow/dags/retailpulse_dag.py
[2026-08-27T03:13:23.556+0000] {processor.py:830} INFO - Processing file /opt/airflow/dags/retailpulse_dag.py for tasks to queue
[2026-08-27T03:13:23.559+0000] {logging_mixin.py:188} INFO - [2026-08-27T03:13:23.558+0000] {dagbag.py:538} INFO - Filling up the DagBag from /opt/airflow/dags/retailpulse_dag.py
[2026-08-27T03:13:23.604+0000] {processor.py:840} INFO - DAG(s) 'retailpulse_medallion_pipeline' retrieved from /opt/airflow/dags/retailpulse_dag.py
[2026-08-27T03:13:23.689+0000] {logging_mixin.py:188} INFO - [2026-08-27T03:13:23.688+0000] {dag.py:3036} INFO - Sync 1 DAGs
[2026-08-27T03:13:23.722+0000] {logging_mixin.py:188} INFO - [2026-08-27T03:13:23.721+0000] {dag.py:3823} INFO - Setting next_dagrun for retailpulse_medallion_pipeline to 2026-08-27 00:00:00+00:00, run_after=2026-08-28 00:00:00+00:00
[2026-08-27T03:13:23.754+0000] {processor.py:183} INFO - Processing /opt/airflow/dags/retailpulse_dag.py took 0.208 seconds
[2026-08-27T03:13:54.018+0000] {processor.py:161} INFO - Started process (PID=6437) to work on /opt/airflow/dags/retailpulse_dag.py
[2026-08-27T03:13:54.020+0000] {processor.py:830} INFO - Processing file /opt/airflow/dags/retailpulse_dag.py for tasks to queue
[2026-08-27T03:13:54.023+0000] {logging_mixin.py:188} INFO - [2026-08-27T03:13:54.023+0000] {dagbag.py:538} INFO - Filling up the DagBag from /opt/airflow/dags/retailpulse_dag.py
[2026-08-27T03:13:54.073+0000] {processor.py:840} INFO - DAG(s) 'retailpulse_medallion_pipeline' retrieved from /opt/airflow/dags/retailpulse_dag.py
[2026-08-27T03:13:54.149+0000] {logging_mixin.py:188} INFO - [2026-08-27T03:13:54.148+0000] {dag.py:3036} INFO - Sync 1 DAGs
[2026-08-27T03:13:54.183+0000] {logging_mixin.py:188} INFO - [2026-08-27T03:13:54.182+0000] {dag.py:3823} INFO - Setting next_dagrun for retailpulse_medallion_pipeline to 2026-08-27 00:00:00+00:00, run_after=2026-08-28 00:00:00+00:00
[2026-08-27T03:13:54.212+0000] {processor.py:183} INFO - Processing /opt/airflow/dags/retailpulse_dag.py took 0.199 seconds
[2026-08-27T03:14:24.526+0000] {processor.py:161} INFO - Started process (PID=6442) to work on /opt/airflow/dags/retailpulse_dag.py
[2026-08-27T03:14:24.529+0000] {processor.py:830} INFO - Processing file /opt/airflow/dags/retailpulse_dag.py for tasks to queue
[2026-08-27T03:14:24.533+0000] {logging_mixin.py:188} INFO - [2026-08-27T03:14:24.533+0000] {dagbag.py:538} INFO - Filling up the DagBag from /opt/airflow/dags/retailpulse_dag.py
[2026-08-27T03:14:24.585+0000] {processor.py:840} INFO - DAG(s) 'retailpulse_medallion_pipeline' retrieved from /opt/airflow/dags/retailpulse_dag.py
[2026-08-27T03:14:24.666+0000] {logging_mixin.py:188} INFO - [2026-08-27T03:14:24.666+0000] {dag.py:3036} INFO - Sync 1 DAGs
[2026-08-27T03:14:24.699+0000] {logging_mixin.py:188} INFO - [2026-08-27T03:14:24.698+0000] {dag.py:3823} INFO - Setting next_dagrun for retailpulse_medallion_pipeline to 2026-08-27 00:00:00+00:00, run_after=2026-08-28 00:00:00+00:00
[2026-08-27T03:14:24.733+0000] {processor.py:183} INFO - Processing /opt/airflow/dags/retailpulse_dag.py took 0.217 seconds
[2026-08-27T03:14:55.048+0000] {processor.py:161} INFO - Started process (PID=6447) to work on /opt/airflow/dags/retailpulse_dag.py
[2026-08-27T03:14:55.050+0000] {processor.py:830} INFO - Processing file /opt/airflow/dags/retailpulse_dag.py for tasks to queue
[2026-08-27T03:14:55.053+0000] {logging_mixin.py:188} INFO - [2026-08-27T03:14:55.053+0000] {dagbag.py:538} INFO - Filling up the DagBag from /opt/airflow/dags/retailpulse_dag.py
[2026-08-27T03:14:55.139+0000] {processor.py:840} INFO - DAG(s) 'retailpulse_medallion_pipeline' retrieved from /opt/airflow/dags/retailpulse_dag.py
[2026-08-27T03:14:55.215+0000] {logging_mixin.py:188} INFO - [2026-08-27T03:14:55.215+0000] {dag.py:3036} INFO - Sync 1 DAGs
[2026-08-27T03:14:55.264+0000] {logging_mixin.py:188} INFO - [2026-08-27T03:14:55.264+0000] {dag.py:3823} INFO - Setting next_dagrun for retailpulse_medallion_pipeline to 2026-08-27 00:00:00+00:00, run_after=2026-08-28 00:00:00+00:00
[2026-08-27T03:14:55.306+0000] {processor.py:183} INFO - Processing /opt/airflow/dags/retailpulse_dag.py took 0.264 seconds
[2026-08-27T03:15:25.475+0000] {processor.py:161} INFO - Started process (PID=6452) to work on /opt/airflow/dags/retailpulse_dag.py
[2026-08-27T03:15:25.477+0000] {processor.py:830} INFO - Processing file /opt/airflow/dags/retailpulse_dag.py for tasks to queue
[2026-08-27T03:15:25.480+0000] {logging_mixin.py:188} INFO - [2026-08-27T03:15:25.480+0000] {dagbag.py:538} INFO - Filling up the DagBag from /opt/airflow/dags/retailpulse_dag.py
[2026-08-27T03:15:25.534+0000] {processor.py:840} INFO - DAG(s) 'retailpulse_medallion_pipeline' retrieved from /opt/airflow/dags/retailpulse_dag.py
[2026-08-27T03:15:25.651+0000] {logging_mixin.py:188} INFO - [2026-08-27T03:15:25.651+0000] {dag.py:3036} INFO - Sync 1 DAGs
[2026-08-27T03:15:25.688+0000] {logging_mixin.py:188} INFO - [2026-08-27T03:15:25.688+0000] {dag.py:3823} INFO - Setting next_dagrun for retailpulse_medallion_pipeline to 2026-08-27 00:00:00+00:00, run_after=2026-08-28 00:00:00+00:00
[2026-08-27T03:15:25.721+0000] {processor.py:183} INFO - Processing /opt/airflow/dags/retailpulse_dag.py took 0.252 seconds
[2026-08-27T03:15:56.009+0000] {processor.py:161} INFO - Started process (PID=6457) to work on /opt/airflow/dags/retailpulse_dag.py
[2026-08-27T03:15:56.012+0000] {processor.py:830} INFO - Processing file /opt/airflow/dags/retailpulse_dag.py for tasks to queue
[2026-08-27T03:15:56.014+0000] {logging_mixin.py:188} INFO - [2026-08-27T03:15:56.014+0000] {dagbag.py:538} INFO - Filling up the DagBag from /opt/airflow/dags/retailpulse_dag.py
[2026-08-27T03:15:56.072+0000] {processor.py:840} INFO - DAG(s) 'retailpulse_medallion_pipeline' retrieved from /opt/airflow/dags/retailpulse_dag.py
[2026-08-27T03:15:56.165+0000] {logging_mixin.py:188} INFO - [2026-08-27T03:15:56.164+0000] {dag.py:3036} INFO - Sync 1 DAGs
[2026-08-27T03:15:56.208+0000] {logging_mixin.py:188} INFO - [2026-08-27T03:15:56.207+0000] {dag.py:3823} INFO - Setting next_dagrun for retailpulse_medallion_pipeline to 2026-08-27 00:00:00+00:00, run_after=2026-08-28 00:00:00+00:00
[2026-08-27T03:15:56.250+0000] {processor.py:183} INFO - Processing /opt/airflow/dags/retailpulse_dag.py took 0.249 seconds
[2026-08-27T03:16:26.490+0000] {processor.py:161} INFO - Started process (PID=6462) to work on /opt/airflow/dags/retailpulse_dag.py
[2026-08-27T03:16:26.493+0000] {processor.py:830} INFO - Processing file /opt/airflow/dags/retailpulse_dag.py for tasks to queue
[2026-08-27T03:16:26.495+0000] {logging_mixin.py:188} INFO - [2026-08-27T03:16:26.495+0000] {dagbag.py:538} INFO - Filling up the DagBag from /opt/airflow/dags/retailpulse_dag.py
[2026-08-27T03:16:26.546+0000] {processor.py:840} INFO - DAG(s) 'retailpulse_medallion_pipeline' retrieved from /opt/airflow/dags/retailpulse_dag.py
[2026-08-27T03:16:26.646+0000] {logging_mixin.py:188} INFO - [2026-08-27T03:16:26.645+0000] {dag.py:3036} INFO - Sync 1 DAGs
[2026-08-27T03:16:26.685+0000] {logging_mixin.py:188} INFO - [2026-08-27T03:16:26.685+0000] {dag.py:3823} INFO - Setting next_dagrun for retailpulse_medallion_pipeline to 2026-08-27 00:00:00+00:00, run_after=2026-08-28 00:00:00+00:00
[2026-08-27T03:16:26.719+0000] {processor.py:183} INFO - Processing /opt/airflow/dags/retailpulse_dag.py took 0.236 seconds
[2026-08-27T03:16:57.432+0000] {processor.py:161} INFO - Started process (PID=6467) to work on /opt/airflow/dags/retailpulse_dag.py
[2026-08-27T03:16:57.435+0000] {processor.py:830} INFO - Processing file /opt/airflow/dags/retailpulse_dag.py for tasks to queue
[2026-08-27T03:16:57.439+0000] {logging_mixin.py:188} INFO - [2026-08-27T03:16:57.438+0000] {dagbag.py:538} INFO - Filling up the DagBag from /opt/airflow/dags/retailpulse_dag.py
[2026-08-27T03:16:57.545+0000] {processor.py:840} INFO - DAG(s) 'retailpulse_medallion_pipeline' retrieved from /opt/airflow/dags/retailpulse_dag.py
[2026-08-27T03:16:57.716+0000] {logging_mixin.py:188} INFO - [2026-08-27T03:16:57.715+0000] {dag.py:3036} INFO - Sync 1 DAGs
[2026-08-27T03:16:57.853+0000] {logging_mixin.py:188} INFO - [2026-08-27T03:16:57.852+0000] {dag.py:3823} INFO - Setting next_dagrun for retailpulse_medallion_pipeline to 2026-08-27 00:00:00+00:00, run_after=2026-08-28 00:00:00+00:00
[2026-08-27T03:16:58.012+0000] {processor.py:183} INFO - Processing /opt/airflow/dags/retailpulse_dag.py took 0.597 seconds
[2026-08-27T03:17:29.055+0000] {processor.py:161} INFO - Started process (PID=6472) to work on /opt/airflow/dags/retailpulse_dag.py
[2026-08-27T03:17:29.058+0000] {processor.py:830} INFO - Processing file /opt/airflow/dags/retailpulse_dag.py for tasks to queue
[2026-08-27T03:17:29.062+0000] {logging_mixin.py:188} INFO - [2026-08-27T03:17:29.061+0000] {dagbag.py:538} INFO - Filling up the DagBag from /opt/airflow/dags/retailpulse_dag.py
[2026-08-27T03:17:29.125+0000] {processor.py:840} INFO - DAG(s) 'retailpulse_medallion_pipeline' retrieved from /opt/airflow/dags/retailpulse_dag.py
[2026-08-27T03:17:29.223+0000] {logging_mixin.py:188} INFO - [2026-08-27T03:17:29.223+0000] {dag.py:3036} INFO - Sync 1 DAGs
[2026-08-27T03:17:29.280+0000] {logging_mixin.py:188} INFO - [2026-08-27T03:17:29.280+0000] {dag.py:3823} INFO - Setting next_dagrun for retailpulse_medallion_pipeline to 2026-08-27 00:00:00+00:00, run_after=2026-08-28 00:00:00+00:00
[2026-08-27T03:17:29.317+0000] {processor.py:183} INFO - Processing /opt/airflow/dags/retailpulse_dag.py took 0.271 seconds
[2026-08-27T03:17:59.524+0000] {processor.py:161} INFO - Started process (PID=6477) to work on /opt/airflow/dags/retailpulse_dag.py
[2026-08-27T03:17:59.537+0000] {processor.py:830} INFO - Processing file /opt/airflow/dags/retailpulse_dag.py for tasks to queue
[2026-08-27T03:17:59.541+0000] {logging_mixin.py:188} INFO - [2026-08-27T03:17:59.540+0000] {dagbag.py:538} INFO - Filling up the DagBag from /opt/airflow/dags/retailpulse_dag.py
[2026-08-27T03:17:59.743+0000] {processor.py:840} INFO - DAG(s) 'retailpulse_medallion_pipeline' retrieved from /opt/airflow/dags/retailpulse_dag.py
[2026-08-27T03:17:59.869+0000] {logging_mixin.py:188} INFO - [2026-08-27T03:17:59.869+0000] {dag.py:3036} INFO - Sync 1 DAGs
[2026-08-27T03:17:59.909+0000] {logging_mixin.py:188} INFO - [2026-08-27T03:17:59.908+0000] {dag.py:3823} INFO - Setting next_dagrun for retailpulse_medallion_pipeline to 2026-08-27 00:00:00+00:00, run_after=2026-08-28 00:00:00+00:00
[2026-08-27T03:17:59.941+0000] {processor.py:183} INFO - Processing /opt/airflow/dags/retailpulse_dag.py took 0.425 seconds
[2026-08-27T03:18:30.171+0000] {processor.py:161} INFO - Started process (PID=6482) to work on /opt/airflow/dags/retailpulse_dag.py
[2026-08-27T03:18:30.176+0000] {processor.py:830} INFO - Processing file /opt/airflow/dags/retailpulse_dag.py for tasks to queue
[2026-08-27T03:18:30.179+0000] {logging_mixin.py:188} INFO - [2026-08-27T03:18:30.178+0000] {dagbag.py:538} INFO - Filling up the DagBag from /opt/airflow/dags/retailpulse_dag.py
[2026-08-27T03:18:30.248+0000] {processor.py:840} INFO - DAG(s) 'retailpulse_medallion_pipeline' retrieved from /opt/airflow/dags/retailpulse_dag.py
[2026-08-27T03:18:30.366+0000] {logging_mixin.py:188} INFO - [2026-08-27T03:18:30.366+0000] {dag.py:3036} INFO - Sync 1 DAGs
[2026-08-27T03:18:30.405+0000] {logging_mixin.py:188} INFO - [2026-08-27T03:18:30.404+0000] {dag.py:3823} INFO - Setting next_dagrun for retailpulse_medallion_pipeline to 2026-08-27 00:00:00+00:00, run_after=2026-08-28 00:00:00+00:00
[2026-08-27T03:18:30.439+0000] {processor.py:183} INFO - Processing /opt/airflow/dags/retailpulse_dag.py took 0.278 seconds
[2026-08-27T03:19:00.962+0000] {processor.py:161} INFO - Started process (PID=6487) to work on /opt/airflow/dags/retailpulse_dag.py
[2026-08-27T03:19:00.967+0000] {processor.py:830} INFO - Processing file /opt/airflow/dags/retailpulse_dag.py for tasks to queue
[2026-08-27T03:19:00.972+0000] {logging_mixin.py:188} INFO - [2026-08-27T03:19:00.970+0000] {dagbag.py:538} INFO - Filling up the DagBag from /opt/airflow/dags/retailpulse_dag.py
[2026-08-27T03:19:01.041+0000] {processor.py:840} INFO - DAG(s) 'retailpulse_medallion_pipeline' retrieved from /opt/airflow/dags/retailpulse_dag.py
[2026-08-27T03:19:01.159+0000] {logging_mixin.py:188} INFO - [2026-08-27T03:19:01.158+0000] {dag.py:3036} INFO - Sync 1 DAGs
[2026-08-27T03:19:01.207+0000] {logging_mixin.py:188} INFO - [2026-08-27T03:19:01.207+0000] {dag.py:3823} INFO - Setting next_dagrun for retailpulse_medallion_pipeline to 2026-08-27 00:00:00+00:00, run_after=2026-08-28 00:00:00+00:00
[2026-08-27T03:19:01.236+0000] {processor.py:183} INFO - Processing /opt/airflow/dags/retailpulse_dag.py took 0.284 seconds
[2026-08-27T03:19:31.427+0000] {processor.py:161} INFO - Started process (PID=6492) to work on /opt/airflow/dags/retailpulse_dag.py
[2026-08-27T03:19:31.430+0000] {processor.py:830} INFO - Processing file /opt/airflow/dags/retailpulse_dag.py for tasks to queue
[2026-08-27T03:19:31.432+0000] {logging_mixin.py:188} INFO - [2026-08-27T03:19:31.432+0000] {dagbag.py:538} INFO - Filling up the DagBag from /opt/airflow/dags/retailpulse_dag.py
[2026-08-27T03:19:31.495+0000] {processor.py:840} INFO - DAG(s) 'retailpulse_medallion_pipeline' retrieved from /opt/airflow/dags/retailpulse_dag.py
[2026-08-27T03:19:31.600+0000] {logging_mixin.py:188} INFO - [2026-08-27T03:19:31.600+0000] {dag.py:3036} INFO - Sync 1 DAGs
[2026-08-27T03:19:31.646+0000] {logging_mixin.py:188} INFO - [2026-08-27T03:19:31.645+0000] {dag.py:3823} INFO - Setting next_dagrun for retailpulse_medallion_pipeline to 2026-08-27 00:00:00+00:00, run_after=2026-08-28 00:00:00+00:00
[2026-08-27T03:19:31.683+0000] {processor.py:183} INFO - Processing /opt/airflow/dags/retailpulse_dag.py took 0.261 seconds
[2026-08-27T03:20:02.034+0000] {processor.py:161} INFO - Started process (PID=6497) to work on /opt/airflow/dags/retailpulse_dag.py
[2026-08-27T03:20:02.037+0000] {processor.py:830} INFO - Processing file /opt/airflow/dags/retailpulse_dag.py for tasks to queue
[2026-08-27T03:20:02.040+0000] {logging_mixin.py:188} INFO - [2026-08-27T03:20:02.040+0000] {dagbag.py:538} INFO - Filling up the DagBag from /opt/airflow/dags/retailpulse_dag.py
[2026-08-27T03:20:02.102+0000] {processor.py:840} INFO - DAG(s) 'retailpulse_medallion_pipeline' retrieved from /opt/airflow/dags/retailpulse_dag.py
[2026-08-27T03:20:02.208+0000] {logging_mixin.py:188} INFO - [2026-08-27T03:20:02.208+0000] {dag.py:3036} INFO - Sync 1 DAGs
[2026-08-27T03:20:02.255+0000] {logging_mixin.py:188} INFO - [2026-08-27T03:20:02.255+0000] {dag.py:3823} INFO - Setting next_dagrun for retailpulse_medallion_pipeline to 2026-08-27 00:00:00+00:00, run_after=2026-08-28 00:00:00+00:00
[2026-08-27T03:20:02.307+0000] {processor.py:183} INFO - Processing /opt/airflow/dags/retailpulse_dag.py took 0.280 seconds
[2026-08-27T03:20:32.454+0000] {processor.py:161} INFO - Started process (PID=6502) to work on /opt/airflow/dags/retailpulse_dag.py
[2026-08-27T03:20:32.456+0000] {processor.py:830} INFO - Processing file /opt/airflow/dags/retailpulse_dag.py for tasks to queue
[2026-08-27T03:20:32.460+0000] {logging_mixin.py:188} INFO - [2026-08-27T03:20:32.459+0000] {dagbag.py:538} INFO - Filling up the DagBag from /opt/airflow/dags/retailpulse_dag.py
[2026-08-27T03:20:32.522+0000] {processor.py:840} INFO - DAG(s) 'retailpulse_medallion_pipeline' retrieved from /opt/airflow/dags/retailpulse_dag.py
[2026-08-27T03:20:33.019+0000] {logging_mixin.py:188} INFO - [2026-08-27T03:20:33.019+0000] {dag.py:3036} INFO - Sync 1 DAGs
[2026-08-27T03:20:33.080+0000] {logging_mixin.py:188} INFO - [2026-08-27T03:20:33.079+0000] {dag.py:3823} INFO - Setting next_dagrun for retailpulse_medallion_pipeline to 2026-08-27 00:00:00+00:00, run_after=2026-08-28 00:00:00+00:00
[2026-08-27T03:20:33.194+0000] {processor.py:183} INFO - Processing /opt/airflow/dags/retailpulse_dag.py took 0.751 seconds
[2026-08-27T03:21:03.292+0000] {processor.py:161} INFO - Started process (PID=6507) to work on /opt/airflow/dags/retailpulse_dag.py
[2026-08-27T03:21:03.295+0000] {processor.py:830} INFO - Processing file /opt/airflow/dags/retailpulse_dag.py for tasks to queue
[2026-08-27T03:21:03.298+0000] {logging_mixin.py:188} INFO - [2026-08-27T03:21:03.296+0000] {dagbag.py:538} INFO - Filling up the DagBag from /opt/airflow/dags/retailpulse_dag.py
[2026-08-27T03:21:03.353+0000] {processor.py:840} INFO - DAG(s) 'retailpulse_medallion_pipeline' retrieved from /opt/airflow/dags/retailpulse_dag.py
[2026-08-27T03:21:03.455+0000] {logging_mixin.py:188} INFO - [2026-08-27T03:21:03.455+0000] {dag.py:3036} INFO - Sync 1 DAGs
[2026-08-27T03:21:03.497+0000] {logging_mixin.py:188} INFO - [2026-08-27T03:21:03.496+0000] {dag.py:3823} INFO - Setting next_dagrun for retailpulse_medallion_pipeline to 2026-08-27 00:00:00+00:00, run_after=2026-08-28 00:00:00+00:00
[2026-08-27T03:21:03.535+0000] {processor.py:183} INFO - Processing /opt/airflow/dags/retailpulse_dag.py took 0.251 seconds
[2026-08-27T03:21:33.684+0000] {processor.py:161} INFO - Started process (PID=6512) to work on /opt/airflow/dags/retailpulse_dag.py
[2026-08-27T03:21:33.687+0000] {processor.py:830} INFO - Processing file /opt/airflow/dags/retailpulse_dag.py for tasks to queue
[2026-08-27T03:21:33.689+0000] {logging_mixin.py:188} INFO - [2026-08-27T03:21:33.689+0000] {dagbag.py:538} INFO - Filling up the DagBag from /opt/airflow/dags/retailpulse_dag.py
[2026-08-27T03:21:33.735+0000] {processor.py:840} INFO - DAG(s) 'retailpulse_medallion_pipeline' retrieved from /opt/airflow/dags/retailpulse_dag.py
[2026-08-27T03:21:33.819+0000] {logging_mixin.py:188} INFO - [2026-08-27T03:21:33.819+0000] {dag.py:3036} INFO - Sync 1 DAGs
[2026-08-27T03:21:33.854+0000] {logging_mixin.py:188} INFO - [2026-08-27T03:21:33.853+0000] {dag.py:3823} INFO - Setting next_dagrun for retailpulse_medallion_pipeline to 2026-08-27 00:00:00+00:00, run_after=2026-08-28 00:00:00+00:00
[2026-08-27T03:21:34.386+0000] {processor.py:183} INFO - Processing /opt/airflow/dags/retailpulse_dag.py took 0.708 seconds
[2026-08-27T03:22:04.510+0000] {processor.py:161} INFO - Started process (PID=6517) to work on /opt/airflow/dags/retailpulse_dag.py
[2026-08-27T03:22:04.512+0000] {processor.py:830} INFO - Processing file /opt/airflow/dags/retailpulse_dag.py for tasks to queue
[2026-08-27T03:22:04.515+0000] {logging_mixin.py:188} INFO - [2026-08-27T03:22:04.514+0000] {dagbag.py:538} INFO - Filling up the DagBag from /opt/airflow/dags/retailpulse_dag.py
[2026-08-27T03:22:04.560+0000] {processor.py:840} INFO - DAG(s) 'retailpulse_medallion_pipeline' retrieved from /opt/airflow/dags/retailpulse_dag.py
[2026-08-27T03:22:04.641+0000] {logging_mixin.py:188} INFO - [2026-08-27T03:22:04.640+0000] {dag.py:3036} INFO - Sync 1 DAGs
[2026-08-27T03:22:04.680+0000] {logging_mixin.py:188} INFO - [2026-08-27T03:22:04.680+0000] {dag.py:3823} INFO - Setting next_dagrun for retailpulse_medallion_pipeline to 2026-08-27 00:00:00+00:00, run_after=2026-08-28 00:00:00+00:00
[2026-08-27T03:22:04.714+0000] {processor.py:183} INFO - Processing /opt/airflow/dags/retailpulse_dag.py took 0.210 seconds
[2026-08-27T03:22:34.829+0000] {processor.py:161} INFO - Started process (PID=6522) to work on /opt/airflow/dags/retailpulse_dag.py
[2026-08-27T03:22:34.831+0000] {processor.py:830} INFO - Processing file /opt/airflow/dags/retailpulse_dag.py for tasks to queue
[2026-08-27T03:22:34.834+0000] {logging_mixin.py:188} INFO - [2026-08-27T03:22:34.833+0000] {dagbag.py:538} INFO - Filling up the DagBag from /opt/airflow/dags/retailpulse_dag.py
[2026-08-27T03:22:34.880+0000] {processor.py:840} INFO - DAG(s) 'retailpulse_medallion_pipeline' retrieved from /opt/airflow/dags/retailpulse_dag.py
[2026-08-27T03:22:34.965+0000] {logging_mixin.py:188} INFO - [2026-08-27T03:22:34.965+0000] {dag.py:3036} INFO - Sync 1 DAGs
[2026-08-27T03:22:35.248+0000] {logging_mixin.py:188} INFO - [2026-08-27T03:22:35.247+0000] {dag.py:3823} INFO - Setting next_dagrun for retailpulse_medallion_pipeline to 2026-08-27 00:00:00+00:00, run_after=2026-08-28 00:00:00+00:00
[2026-08-27T03:22:35.550+0000] {processor.py:183} INFO - Processing /opt/airflow/dags/retailpulse_dag.py took 0.737 seconds
[2026-08-27T03:23:06.031+0000] {processor.py:161} INFO - Started process (PID=6527) to work on /opt/airflow/dags/retailpulse_dag.py
[2026-08-27T03:23:06.033+0000] {processor.py:830} INFO - Processing file /opt/airflow/dags/retailpulse_dag.py for tasks to queue
[2026-08-27T03:23:06.035+0000] {logging_mixin.py:188} INFO - [2026-08-27T03:23:06.035+0000] {dagbag.py:538} INFO - Filling up the DagBag from /opt/airflow/dags/retailpulse_dag.py
[2026-08-27T03:23:06.084+0000] {processor.py:840} INFO - DAG(s) 'retailpulse_medallion_pipeline' retrieved from /opt/airflow/dags/retailpulse_dag.py
[2026-08-27T03:23:06.174+0000] {logging_mixin.py:188} INFO - [2026-08-27T03:23:06.174+0000] {dag.py:3036} INFO - Sync 1 DAGs
[2026-08-27T03:23:06.216+0000] {logging_mixin.py:188} INFO - [2026-08-27T03:23:06.216+0000] {dag.py:3823} INFO - Setting next_dagrun for retailpulse_medallion_pipeline to 2026-08-27 00:00:00+00:00, run_after=2026-08-28 00:00:00+00:00
[2026-08-27T03:23:06.252+0000] {processor.py:183} INFO - Processing /opt/airflow/dags/retailpulse_dag.py took 0.228 seconds
[2026-08-27T03:23:36.309+0000] {processor.py:161} INFO - Started process (PID=6532) to work on /opt/airflow/dags/retailpulse_dag.py
[2026-08-27T03:23:36.312+0000] {processor.py:830} INFO - Processing file /opt/airflow/dags/retailpulse_dag.py for tasks to queue
[2026-08-27T03:23:36.314+0000] {logging_mixin.py:188} INFO - [2026-08-27T03:23:36.314+0000] {dagbag.py:538} INFO - Filling up the DagBag from /opt/airflow/dags/retailpulse_dag.py
[2026-08-27T03:23:36.358+0000] {processor.py:840} INFO - DAG(s) 'retailpulse_medallion_pipeline' retrieved from /opt/airflow/dags/retailpulse_dag.py
[2026-08-27T03:23:36.448+0000] {logging_mixin.py:188} INFO - [2026-08-27T03:23:36.447+0000] {dag.py:3036} INFO - Sync 1 DAGs
[2026-08-27T03:23:36.481+0000] {logging_mixin.py:188} INFO - [2026-08-27T03:23:36.481+0000] {dag.py:3823} INFO - Setting next_dagrun for retailpulse_medallion_pipeline to 2026-08-27 00:00:00+00:00, run_after=2026-08-28 00:00:00+00:00
[2026-08-27T03:23:36.516+0000] {processor.py:183} INFO - Processing /opt/airflow/dags/retailpulse_dag.py took 0.213 seconds
[2026-08-27T03:24:06.610+0000] {processor.py:161} INFO - Started process (PID=6537) to work on /opt/airflow/dags/retailpulse_dag.py
[2026-08-27T03:24:06.613+0000] {processor.py:830} INFO - Processing file /opt/airflow/dags/retailpulse_dag.py for tasks to queue
[2026-08-27T03:24:06.616+0000] {logging_mixin.py:188} INFO - [2026-08-27T03:24:06.615+0000] {dagbag.py:538} INFO - Filling up the DagBag from /opt/airflow/dags/retailpulse_dag.py
[2026-08-27T03:24:06.669+0000] {processor.py:840} INFO - DAG(s) 'retailpulse_medallion_pipeline' retrieved from /opt/airflow/dags/retailpulse_dag.py
[2026-08-27T03:24:06.769+0000] {logging_mixin.py:188} INFO - [2026-08-27T03:24:06.769+0000] {dag.py:3036} INFO - Sync 1 DAGs
[2026-08-27T03:24:06.811+0000] {logging_mixin.py:188} INFO - [2026-08-27T03:24:06.810+0000] {dag.py:3823} INFO - Setting next_dagrun for retailpulse_medallion_pipeline to 2026-08-27 00:00:00+00:00, run_after=2026-08-28 00:00:00+00:00
[2026-08-27T03:24:06.842+0000] {processor.py:183} INFO - Processing /opt/airflow/dags/retailpulse_dag.py took 0.239 seconds
[2026-08-27T03:24:36.966+0000] {processor.py:161} INFO - Started process (PID=6542) to work on /opt/airflow/dags/retailpulse_dag.py
[2026-08-27T03:24:36.968+0000] {processor.py:830} INFO - Processing file /opt/airflow/dags/retailpulse_dag.py for tasks to queue
[2026-08-27T03:24:36.971+0000] {logging_mixin.py:188} INFO - [2026-08-27T03:24:36.970+0000] {dagbag.py:538} INFO - Filling up the DagBag from /opt/airflow/dags/retailpulse_dag.py
[2026-08-27T03:24:37.016+0000] {processor.py:840} INFO - DAG(s) 'retailpulse_medallion_pipeline' retrieved from /opt/airflow/dags/retailpulse_dag.py
[2026-08-27T03:24:37.096+0000] {logging_mixin.py:188} INFO - [2026-08-27T03:24:37.095+0000] {dag.py:3036} INFO - Sync 1 DAGs
[2026-08-27T03:24:37.134+0000] {logging_mixin.py:188} INFO - [2026-08-27T03:24:37.134+0000] {dag.py:3823} INFO - Setting next_dagrun for retailpulse_medallion_pipeline to 2026-08-27 00:00:00+00:00, run_after=2026-08-28 00:00:00+00:00
[2026-08-27T03:24:37.172+0000] {processor.py:183} INFO - Processing /opt/airflow/dags/retailpulse_dag.py took 0.212 seconds
[2026-08-27T03:25:07.334+0000] {processor.py:161} INFO - Started process (PID=6547) to work on /opt/airflow/dags/retailpulse_dag.py
[2026-08-27T03:25:07.337+0000] {processor.py:830} INFO - Processing file /opt/airflow/dags/retailpulse_dag.py for tasks to queue
[2026-08-27T03:25:07.340+0000] {logging_mixin.py:188} INFO - [2026-08-27T03:25:07.339+0000] {dagbag.py:538} INFO - Filling up the DagBag from /opt/airflow/dags/retailpulse_dag.py
[2026-08-27T03:25:07.393+0000] {processor.py:840} INFO - DAG(s) 'retailpulse_medallion_pipeline' retrieved from /opt/airflow/dags/retailpulse_dag.py
[2026-08-27T03:25:07.481+0000] {logging_mixin.py:188} INFO - [2026-08-27T03:25:07.481+0000] {dag.py:3036} INFO - Sync 1 DAGs
[2026-08-27T03:25:07.515+0000] {logging_mixin.py:188} INFO - [2026-08-27T03:25:07.515+0000] {dag.py:3823} INFO - Setting next_dagrun for retailpulse_medallion_pipeline to 2026-08-27 00:00:00+00:00, run_after=2026-08-28 00:00:00+00:00
[2026-08-27T03:25:07.551+0000] {processor.py:183} INFO - Processing /opt/airflow/dags/retailpulse_dag.py took 0.228 seconds
[2026-08-27T03:25:38.021+0000] {processor.py:161} INFO - Started process (PID=6552) to work on /opt/airflow/dags/retailpulse_dag.py
[2026-08-27T03:25:38.023+0000] {processor.py:830} INFO - Processing file /opt/airflow/dags/retailpulse_dag.py for tasks to queue
[2026-08-27T03:25:38.025+0000] {logging_mixin.py:188} INFO - [2026-08-27T03:25:38.025+0000] {dagbag.py:538} INFO - Filling up the DagBag from /opt/airflow/dags/retailpulse_dag.py
[2026-08-27T03:25:38.083+0000] {processor.py:840} INFO - DAG(s) 'retailpulse_medallion_pipeline' retrieved from /opt/airflow/dags/retailpulse_dag.py
[2026-08-27T03:25:38.166+0000] {logging_mixin.py:188} INFO - [2026-08-27T03:25:38.166+0000] {dag.py:3036} INFO - Sync 1 DAGs
[2026-08-27T03:25:38.204+0000] {logging_mixin.py:188} INFO - [2026-08-27T03:25:38.203+0000] {dag.py:3823} INFO - Setting next_dagrun for retailpulse_medallion_pipeline to 2026-08-27 00:00:00+00:00, run_after=2026-08-28 00:00:00+00:00
[2026-08-27T03:25:38.238+0000] {processor.py:183} INFO - Processing /opt/airflow/dags/retailpulse_dag.py took 0.223 seconds
[2026-08-27T03:26:08.486+0000] {processor.py:161} INFO - Started process (PID=6557) to work on /opt/airflow/dags/retailpulse_dag.py
[2026-08-27T03:26:08.489+0000] {processor.py:830} INFO - Processing file /opt/airflow/dags/retailpulse_dag.py for tasks to queue
[2026-08-27T03:26:08.493+0000] {logging_mixin.py:188} INFO - [2026-08-27T03:26:08.492+0000] {dagbag.py:538} INFO - Filling up the DagBag from /opt/airflow/dags/retailpulse_dag.py
[2026-08-27T03:26:08.545+0000] {processor.py:840} INFO - DAG(s) 'retailpulse_medallion_pipeline' retrieved from /opt/airflow/dags/retailpulse_dag.py
[2026-08-27T03:26:08.625+0000] {logging_mixin.py:188} INFO - [2026-08-27T03:26:08.625+0000] {dag.py:3036} INFO - Sync 1 DAGs
[2026-08-27T03:26:08.658+0000] {logging_mixin.py:188} INFO - [2026-08-27T03:26:08.657+0000] {dag.py:3823} INFO - Setting next_dagrun for retailpulse_medallion_pipeline to 2026-08-27 00:00:00+00:00, run_after=2026-08-28 00:00:00+00:00
[2026-08-27T03:26:08.696+0000] {processor.py:183} INFO - Processing /opt/airflow/dags/retailpulse_dag.py took 0.217 seconds
[2026-08-27T03:26:39.081+0000] {processor.py:161} INFO - Started process (PID=6562) to work on /opt/airflow/dags/retailpulse_dag.py
[2026-08-27T03:26:39.083+0000] {processor.py:830} INFO - Processing file /opt/airflow/dags/retailpulse_dag.py for tasks to queue
[2026-08-27T03:26:39.085+0000] {logging_mixin.py:188} INFO - [2026-08-27T03:26:39.085+0000] {dagbag.py:538} INFO - Filling up the DagBag from /opt/airflow/dags/retailpulse_dag.py
[2026-08-27T03:26:39.135+0000] {processor.py:840} INFO - DAG(s) 'retailpulse_medallion_pipeline' retrieved from /opt/airflow/dags/retailpulse_dag.py
[2026-08-27T03:26:39.218+0000] {logging_mixin.py:188} INFO - [2026-08-27T03:26:39.218+0000] {dag.py:3036} INFO - Sync 1 DAGs
[2026-08-27T03:26:39.259+0000] {logging_mixin.py:188} INFO - [2026-08-27T03:26:39.259+0000] {dag.py:3823} INFO - Setting next_dagrun for retailpulse_medallion_pipeline to 2026-08-27 00:00:00+00:00, run_after=2026-08-28 00:00:00+00:00
[2026-08-27T03:26:39.299+0000] {processor.py:183} INFO - Processing /opt/airflow/dags/retailpulse_dag.py took 0.225 seconds
[2026-08-27T03:27:09.435+0000] {processor.py:161} INFO - Started process (PID=6567) to work on /opt/airflow/dags/retailpulse_dag.py
[2026-08-27T03:27:09.439+0000] {processor.py:830} INFO - Processing file /opt/airflow/dags/retailpulse_dag.py for tasks to queue
[2026-08-27T03:27:09.442+0000] {logging_mixin.py:188} INFO - [2026-08-27T03:27:09.441+0000] {dagbag.py:538} INFO - Filling up the DagBag from /opt/airflow/dags/retailpulse_dag.py
[2026-08-27T03:27:09.501+0000] {processor.py:840} INFO - DAG(s) 'retailpulse_medallion_pipeline' retrieved from /opt/airflow/dags/retailpulse_dag.py
[2026-08-27T03:27:09.587+0000] {logging_mixin.py:188} INFO - [2026-08-27T03:27:09.587+0000] {dag.py:3036} INFO - Sync 1 DAGs
[2026-08-27T03:27:09.623+0000] {logging_mixin.py:188} INFO - [2026-08-27T03:27:09.622+0000] {dag.py:3823} INFO - Setting next_dagrun for retailpulse_medallion_pipeline to 2026-08-27 00:00:00+00:00, run_after=2026-08-28 00:00:00+00:00
[2026-08-27T03:27:09.734+0000] {processor.py:183} INFO - Processing /opt/airflow/dags/retailpulse_dag.py took 0.308 seconds
[2026-08-27T03:27:40.290+0000] {processor.py:161} INFO - Started process (PID=6572) to work on /opt/airflow/dags/retailpulse_dag.py
[2026-08-27T03:27:40.292+0000] {processor.py:830} INFO - Processing file /opt/airflow/dags/retailpulse_dag.py for tasks to queue
[2026-08-27T03:27:40.295+0000] {logging_mixin.py:188} INFO - [2026-08-27T03:27:40.294+0000] {dagbag.py:538} INFO - Filling up the DagBag from /opt/airflow/dags/retailpulse_dag.py
[2026-08-27T03:27:40.347+0000] {processor.py:840} INFO - DAG(s) 'retailpulse_medallion_pipeline' retrieved from /opt/airflow/dags/retailpulse_dag.py
[2026-08-27T03:27:40.438+0000] {logging_mixin.py:188} INFO - [2026-08-27T03:27:40.437+0000] {dag.py:3036} INFO - Sync 1 DAGs
[2026-08-27T03:27:40.479+0000] {logging_mixin.py:188} INFO - [2026-08-27T03:27:40.478+0000] {dag.py:3823} INFO - Setting next_dagrun for retailpulse_medallion_pipeline to 2026-08-27 00:00:00+00:00, run_after=2026-08-28 00:00:00+00:00
[2026-08-27T03:27:40.511+0000] {processor.py:183} INFO - Processing /opt/airflow/dags/retailpulse_dag.py took 0.229 seconds
[2026-08-27T03:28:10.755+0000] {processor.py:161} INFO - Started process (PID=6577) to work on /opt/airflow/dags/retailpulse_dag.py
[2026-08-27T03:28:10.757+0000] {processor.py:830} INFO - Processing file /opt/airflow/dags/retailpulse_dag.py for tasks to queue
[2026-08-27T03:28:10.760+0000] {logging_mixin.py:188} INFO - [2026-08-27T03:28:10.759+0000] {dagbag.py:538} INFO - Filling up the DagBag from /opt/airflow/dags/retailpulse_dag.py
[2026-08-27T03:28:10.803+0000] {processor.py:840} INFO - DAG(s) 'retailpulse_medallion_pipeline' retrieved from /opt/airflow/dags/retailpulse_dag.py
[2026-08-27T03:28:10.885+0000] {logging_mixin.py:188} INFO - [2026-08-27T03:28:10.885+0000] {dag.py:3036} INFO - Sync 1 DAGs
[2026-08-27T03:28:10.922+0000] {logging_mixin.py:188} INFO - [2026-08-27T03:28:10.922+0000] {dag.py:3823} INFO - Setting next_dagrun for retailpulse_medallion_pipeline to 2026-08-27 00:00:00+00:00, run_after=2026-08-28 00:00:00+00:00
[2026-08-27T03:28:11.173+0000] {processor.py:183} INFO - Processing /opt/airflow/dags/retailpulse_dag.py took 0.424 seconds
[2026-08-27T03:28:41.390+0000] {processor.py:161} INFO - Started process (PID=6582) to work on /opt/airflow/dags/retailpulse_dag.py
[2026-08-27T03:28:41.394+0000] {processor.py:830} INFO - Processing file /opt/airflow/dags/retailpulse_dag.py for tasks to queue
[2026-08-27T03:28:41.397+0000] {logging_mixin.py:188} INFO - [2026-08-27T03:28:41.396+0000] {dagbag.py:538} INFO - Filling up the DagBag from /opt/airflow/dags/retailpulse_dag.py
[2026-08-27T03:28:41.450+0000] {processor.py:840} INFO - DAG(s) 'retailpulse_medallion_pipeline' retrieved from /opt/airflow/dags/retailpulse_dag.py
[2026-08-27T03:28:41.531+0000] {logging_mixin.py:188} INFO - [2026-08-27T03:28:41.530+0000] {dag.py:3036} INFO - Sync 1 DAGs
[2026-08-27T03:28:41.564+0000] {logging_mixin.py:188} INFO - [2026-08-27T03:28:41.564+0000] {dag.py:3823} INFO - Setting next_dagrun for retailpulse_medallion_pipeline to 2026-08-27 00:00:00+00:00, run_after=2026-08-28 00:00:00+00:00
[2026-08-27T03:28:41.595+0000] {processor.py:183} INFO - Processing /opt/airflow/dags/retailpulse_dag.py took 0.214 seconds
[2026-08-27T03:29:11.769+0000] {processor.py:161} INFO - Started process (PID=6587) to work on /opt/airflow/dags/retailpulse_dag.py
[2026-08-27T03:29:11.772+0000] {processor.py:830} INFO - Processing file /opt/airflow/dags/retailpulse_dag.py for tasks to queue
[2026-08-27T03:29:11.775+0000] {logging_mixin.py:188} INFO - [2026-08-27T03:29:11.774+0000] {dagbag.py:538} INFO - Filling up the DagBag from /opt/airflow/dags/retailpulse_dag.py
[2026-08-27T03:29:11.822+0000] {processor.py:840} INFO - DAG(s) 'retailpulse_medallion_pipeline' retrieved from /opt/airflow/dags/retailpulse_dag.py
[2026-08-27T03:29:11.898+0000] {logging_mixin.py:188} INFO - [2026-08-27T03:29:11.898+0000] {dag.py:3036} INFO - Sync 1 DAGs
[2026-08-27T03:29:11.931+0000] {logging_mixin.py:188} INFO - [2026-08-27T03:29:11.931+0000] {dag.py:3823} INFO - Setting next_dagrun for retailpulse_medallion_pipeline to 2026-08-27 00:00:00+00:00, run_after=2026-08-28 00:00:00+00:00
[2026-08-27T03:29:11.965+0000] {processor.py:183} INFO - Processing /opt/airflow/dags/retailpulse_dag.py took 0.203 seconds
[2026-08-27T03:29:42.223+0000] {processor.py:161} INFO - Started process (PID=6592) to work on /opt/airflow/dags/retailpulse_dag.py
[2026-08-27T03:29:42.225+0000] {processor.py:830} INFO - Processing file /opt/airflow/dags/retailpulse_dag.py for tasks to queue
[2026-08-27T03:29:42.228+0000] {logging_mixin.py:188} INFO - [2026-08-27T03:29:42.228+0000] {dagbag.py:538} INFO - Filling up the DagBag from /opt/airflow/dags/retailpulse_dag.py
[2026-08-27T03:29:42.269+0000] {processor.py:840} INFO - DAG(s) 'retailpulse_medallion_pipeline' retrieved from /opt/airflow/dags/retailpulse_dag.py
[2026-08-27T03:29:42.347+0000] {logging_mixin.py:188} INFO - [2026-08-27T03:29:42.347+0000] {dag.py:3036} INFO - Sync 1 DAGs
[2026-08-27T03:29:42.382+0000] {logging_mixin.py:188} INFO - [2026-08-27T03:29:42.382+0000] {dag.py:3823} INFO - Setting next_dagrun for retailpulse_medallion_pipeline to 2026-08-27 00:00:00+00:00, run_after=2026-08-28 00:00:00+00:00
[2026-08-27T03:29:42.416+0000] {processor.py:183} INFO - Processing /opt/airflow/dags/retailpulse_dag.py took 0.199 seconds
[2026-08-27T03:30:12.855+0000] {processor.py:161} INFO - Started process (PID=6597) to work on /opt/airflow/dags/retailpulse_dag.py
[2026-08-27T03:30:12.857+0000] {processor.py:830} INFO - Processing file /opt/airflow/dags/retailpulse_dag.py for tasks to queue
[2026-08-27T03:30:12.860+0000] {logging_mixin.py:188} INFO - [2026-08-27T03:30:12.859+0000] {dagbag.py:538} INFO - Filling up the DagBag from /opt/airflow/dags/retailpulse_dag.py
[2026-08-27T03:30:12.908+0000] {processor.py:840} INFO - DAG(s) 'retailpulse_medallion_pipeline' retrieved from /opt/airflow/dags/retailpulse_dag.py
[2026-08-27T03:30:12.987+0000] {logging_mixin.py:188} INFO - [2026-08-27T03:30:12.986+0000] {dag.py:3036} INFO - Sync 1 DAGs
[2026-08-27T03:30:13.023+0000] {logging_mixin.py:188} INFO - [2026-08-27T03:30:13.023+0000] {dag.py:3823} INFO - Setting next_dagrun for retailpulse_medallion_pipeline to 2026-08-27 00:00:00+00:00, run_after=2026-08-28 00:00:00+00:00
[2026-08-27T03:30:13.063+0000] {processor.py:183} INFO - Processing /opt/airflow/dags/retailpulse_dag.py took 0.213 seconds
[2026-08-27T03:30:43.339+0000] {processor.py:161} INFO - Started process (PID=6602) to work on /opt/airflow/dags/retailpulse_dag.py
[2026-08-27T03:30:43.341+0000] {processor.py:830} INFO - Processing file /opt/airflow/dags/retailpulse_dag.py for tasks to queue
[2026-08-27T03:30:43.344+0000] {logging_mixin.py:188} INFO - [2026-08-27T03:30:43.343+0000] {dagbag.py:538} INFO - Filling up the DagBag from /opt/airflow/dags/retailpulse_dag.py
[2026-08-27T03:30:43.392+0000] {processor.py:840} INFO - DAG(s) 'retailpulse_medallion_pipeline' retrieved from /opt/airflow/dags/retailpulse_dag.py
[2026-08-27T03:30:43.474+0000] {logging_mixin.py:188} INFO - [2026-08-27T03:30:43.473+0000] {dag.py:3036} INFO - Sync 1 DAGs
[2026-08-27T03:30:43.547+0000] {logging_mixin.py:188} INFO - [2026-08-27T03:30:43.546+0000] {dag.py:3823} INFO - Setting next_dagrun for retailpulse_medallion_pipeline to 2026-08-27 00:00:00+00:00, run_after=2026-08-28 00:00:00+00:00
[2026-08-27T03:30:43.586+0000] {processor.py:183} INFO - Processing /opt/airflow/dags/retailpulse_dag.py took 0.253 seconds
[2026-08-27T03:31:14.158+0000] {processor.py:161} INFO - Started process (PID=6607) to work on /opt/airflow/dags/retailpulse_dag.py
[2026-08-27T03:31:14.161+0000] {processor.py:830} INFO - Processing file /opt/airflow/dags/retailpulse_dag.py for tasks to queue
[2026-08-27T03:31:14.163+0000] {logging_mixin.py:188} INFO - [2026-08-27T03:31:14.163+0000] {dagbag.py:538} INFO - Filling up the DagBag from /opt/airflow/dags/retailpulse_dag.py
[2026-08-27T03:31:14.208+0000] {processor.py:840} INFO - DAG(s) 'retailpulse_medallion_pipeline' retrieved from /opt/airflow/dags/retailpulse_dag.py
[2026-08-27T03:31:14.288+0000] {logging_mixin.py:188} INFO - [2026-08-27T03:31:14.288+0000] {dag.py:3036} INFO - Sync 1 DAGs
[2026-08-27T03:31:14.322+0000] {logging_mixin.py:188} INFO - [2026-08-27T03:31:14.321+0000] {dag.py:3823} INFO - Setting next_dagrun for retailpulse_medallion_pipeline to 2026-08-27 00:00:00+00:00, run_after=2026-08-28 00:00:00+00:00
[2026-08-27T03:31:14.352+0000] {processor.py:183} INFO - Processing /opt/airflow/dags/retailpulse_dag.py took 0.199 seconds
[2026-08-27T03:31:44.708+0000] {processor.py:161} INFO - Started process (PID=6612) to work on /opt/airflow/dags/retailpulse_dag.py
[2026-08-27T03:31:44.710+0000] {processor.py:830} INFO - Processing file /opt/airflow/dags/retailpulse_dag.py for tasks to queue
[2026-08-27T03:31:44.713+0000] {logging_mixin.py:188} INFO - [2026-08-27T03:31:44.712+0000] {dagbag.py:538} INFO - Filling up the DagBag from /opt/airflow/dags/retailpulse_dag.py
[2026-08-27T03:31:44.753+0000] {processor.py:840} INFO - DAG(s) 'retailpulse_medallion_pipeline' retrieved from /opt/airflow/dags/retailpulse_dag.py
[2026-08-27T03:31:44.828+0000] {logging_mixin.py:188} INFO - [2026-08-27T03:31:44.827+0000] {dag.py:3036} INFO - Sync 1 DAGs
[2026-08-27T03:31:44.858+0000] {logging_mixin.py:188} INFO - [2026-08-27T03:31:44.858+0000] {dag.py:3823} INFO - Setting next_dagrun for retailpulse_medallion_pipeline to 2026-08-27 00:00:00+00:00, run_after=2026-08-28 00:00:00+00:00
[2026-08-27T03:31:44.889+0000] {processor.py:183} INFO - Processing /opt/airflow/dags/retailpulse_dag.py took 0.185 seconds
[2026-08-27T03:32:15.312+0000] {processor.py:161} INFO - Started process (PID=6617) to work on /opt/airflow/dags/retailpulse_dag.py
[2026-08-27T03:32:15.314+0000] {processor.py:830} INFO - Processing file /opt/airflow/dags/retailpulse_dag.py for tasks to queue
[2026-08-27T03:32:15.317+0000] {logging_mixin.py:188} INFO - [2026-08-27T03:32:15.316+0000] {dagbag.py:538} INFO - Filling up the DagBag from /opt/airflow/dags/retailpulse_dag.py
[2026-08-27T03:32:15.361+0000] {processor.py:840} INFO - DAG(s) 'retailpulse_medallion_pipeline' retrieved from /opt/airflow/dags/retailpulse_dag.py
[2026-08-27T03:32:15.441+0000] {logging_mixin.py:188} INFO - [2026-08-27T03:32:15.440+0000] {dag.py:3036} INFO - Sync 1 DAGs
[2026-08-27T03:32:15.473+0000] {logging_mixin.py:188} INFO - [2026-08-27T03:32:15.473+0000] {dag.py:3823} INFO - Setting next_dagrun for retailpulse_medallion_pipeline to 2026-08-27 00:00:00+00:00, run_after=2026-08-28 00:00:00+00:00
[2026-08-27T03:32:15.507+0000] {processor.py:183} INFO - Processing /opt/airflow/dags/retailpulse_dag.py took 0.201 seconds
[2026-08-27T03:32:45.855+0000] {processor.py:161} INFO - Started process (PID=6622) to work on /opt/airflow/dags/retailpulse_dag.py
[2026-08-27T03:32:45.858+0000] {processor.py:830} INFO - Processing file /opt/airflow/dags/retailpulse_dag.py for tasks to queue
[2026-08-27T03:32:45.862+0000] {logging_mixin.py:188} INFO - [2026-08-27T03:32:45.861+0000] {dagbag.py:538} INFO - Filling up the DagBag from /opt/airflow/dags/retailpulse_dag.py
[2026-08-27T03:32:45.908+0000] {processor.py:840} INFO - DAG(s) 'retailpulse_medallion_pipeline' retrieved from /opt/airflow/dags/retailpulse_dag.py
[2026-08-27T03:32:45.992+0000] {logging_mixin.py:188} INFO - [2026-08-27T03:32:45.992+0000] {dag.py:3036} INFO - Sync 1 DAGs
[2026-08-27T03:32:46.026+0000] {logging_mixin.py:188} INFO - [2026-08-27T03:32:46.026+0000] {dag.py:3823} INFO - Setting next_dagrun for retailpulse_medallion_pipeline to 2026-08-27 00:00:00+00:00, run_after=2026-08-28 00:00:00+00:00
[2026-08-27T03:32:46.061+0000] {processor.py:183} INFO - Processing /opt/airflow/dags/retailpulse_dag.py took 0.215 seconds
[2026-08-27T03:33:16.462+0000] {processor.py:161} INFO - Started process (PID=6627) to work on /opt/airflow/dags/retailpulse_dag.py
[2026-08-27T03:33:16.466+0000] {processor.py:830} INFO - Processing file /opt/airflow/dags/retailpulse_dag.py for tasks to queue
[2026-08-27T03:33:16.469+0000] {logging_mixin.py:188} INFO - [2026-08-27T03:33:16.468+0000] {dagbag.py:538} INFO - Filling up the DagBag from /opt/airflow/dags/retailpulse_dag.py
[2026-08-27T03:33:16.518+0000] {processor.py:840} INFO - DAG(s) 'retailpulse_medallion_pipeline' retrieved from /opt/airflow/dags/retailpulse_dag.py
[2026-08-27T03:33:16.596+0000] {logging_mixin.py:188} INFO - [2026-08-27T03:33:16.596+0000] {dag.py:3036} INFO - Sync 1 DAGs
[2026-08-27T03:33:16.631+0000] {logging_mixin.py:188} INFO - [2026-08-27T03:33:16.631+0000] {dag.py:3823} INFO - Setting next_dagrun for retailpulse_medallion_pipeline to 2026-08-27 00:00:00+00:00, run_after=2026-08-28 00:00:00+00:00
[2026-08-27T03:33:16.663+0000] {processor.py:183} INFO - Processing /opt/airflow/dags/retailpulse_dag.py took 0.214 seconds
[2026-08-27T03:33:47.041+0000] {processor.py:161} INFO - Started process (PID=6632) to work on /opt/airflow/dags/retailpulse_dag.py
[2026-08-27T03:33:47.043+0000] {processor.py:830} INFO - Processing file /opt/airflow/dags/retailpulse_dag.py for tasks to queue
[2026-08-27T03:33:47.046+0000] {logging_mixin.py:188} INFO - [2026-08-27T03:33:47.045+0000] {dagbag.py:538} INFO - Filling up the DagBag from /opt/airflow/dags/retailpulse_dag.py
[2026-08-27T03:33:47.098+0000] {processor.py:840} INFO - DAG(s) 'retailpulse_medallion_pipeline' retrieved from /opt/airflow/dags/retailpulse_dag.py
[2026-08-27T03:33:47.203+0000] {logging_mixin.py:188} INFO - [2026-08-27T03:33:47.202+0000] {dag.py:3036} INFO - Sync 1 DAGs
[2026-08-27T03:33:47.308+0000] {logging_mixin.py:188} INFO - [2026-08-27T03:33:47.297+0000] {dag.py:3823} INFO - Setting next_dagrun for retailpulse_medallion_pipeline to 2026-08-27 00:00:00+00:00, run_after=2026-08-28 00:00:00+00:00
[2026-08-27T03:33:47.386+0000] {processor.py:183} INFO - Processing /opt/airflow/dags/retailpulse_dag.py took 0.352 seconds
[2026-08-27T03:34:17.668+0000] {processor.py:161} INFO - Started process (PID=6637) to work on /opt/airflow/dags/retailpulse_dag.py
[2026-08-27T03:34:17.671+0000] {processor.py:830} INFO - Processing file /opt/airflow/dags/retailpulse_dag.py for tasks to queue
[2026-08-27T03:34:17.673+0000] {logging_mixin.py:188} INFO - [2026-08-27T03:34:17.673+0000] {dagbag.py:538} INFO - Filling up the DagBag from /opt/airflow/dags/retailpulse_dag.py
[2026-08-27T03:34:17.718+0000] {processor.py:840} INFO - DAG(s) 'retailpulse_medallion_pipeline' retrieved from /opt/airflow/dags/retailpulse_dag.py
[2026-08-27T03:34:17.801+0000] {logging_mixin.py:188} INFO - [2026-08-27T03:34:17.800+0000] {dag.py:3036} INFO - Sync 1 DAGs
[2026-08-27T03:34:17.842+0000] {logging_mixin.py:188} INFO - [2026-08-27T03:34:17.842+0000] {dag.py:3823} INFO - Setting next_dagrun for retailpulse_medallion_pipeline to 2026-08-27 00:00:00+00:00, run_after=2026-08-28 00:00:00+00:00
[2026-08-27T03:34:17.877+0000] {processor.py:183} INFO - Processing /opt/airflow/dags/retailpulse_dag.py took 0.215 seconds
[2026-08-27T03:34:48.463+0000] {processor.py:161} INFO - Started process (PID=6642) to work on /opt/airflow/dags/retailpulse_dag.py
[2026-08-27T03:34:48.465+0000] {processor.py:830} INFO - Processing file /opt/airflow/dags/retailpulse_dag.py for tasks to queue
[2026-08-27T03:34:48.468+0000] {logging_mixin.py:188} INFO - [2026-08-27T03:34:48.467+0000] {dagbag.py:538} INFO - Filling up the DagBag from /opt/airflow/dags/retailpulse_dag.py
[2026-08-27T03:34:48.516+0000] {processor.py:840} INFO - DAG(s) 'retailpulse_medallion_pipeline' retrieved from /opt/airflow/dags/retailpulse_dag.py
[2026-08-27T03:34:48.610+0000] {logging_mixin.py:188} INFO - [2026-08-27T03:34:48.609+0000] {dag.py:3036} INFO - Sync 1 DAGs
[2026-08-27T03:34:48.653+0000] {logging_mixin.py:188} INFO - [2026-08-27T03:34:48.652+0000] {dag.py:3823} INFO - Setting next_dagrun for retailpulse_medallion_pipeline to 2026-08-27 00:00:00+00:00, run_after=2026-08-28 00:00:00+00:00
[2026-08-27T03:34:48.685+0000] {processor.py:183} INFO - Processing /opt/airflow/dags/retailpulse_dag.py took 0.228 seconds
[2026-08-27T03:35:19.013+0000] {processor.py:161} INFO - Started process (PID=6647) to work on /opt/airflow/dags/retailpulse_dag.py
[2026-08-27T03:35:19.015+0000] {processor.py:830} INFO - Processing file /opt/airflow/dags/retailpulse_dag.py for tasks to queue
[2026-08-27T03:35:19.018+0000] {logging_mixin.py:188} INFO - [2026-08-27T03:35:19.017+0000] {dagbag.py:538} INFO - Filling up the DagBag from /opt/airflow/dags/retailpulse_dag.py
[2026-08-27T03:35:19.061+0000] {processor.py:840} INFO - DAG(s) 'retailpulse_medallion_pipeline' retrieved from /opt/airflow/dags/retailpulse_dag.py
[2026-08-27T03:35:19.151+0000] {logging_mixin.py:188} INFO - [2026-08-27T03:35:19.151+0000] {dag.py:3036} INFO - Sync 1 DAGs
[2026-08-27T03:35:19.197+0000] {logging_mixin.py:188} INFO - [2026-08-27T03:35:19.197+0000] {dag.py:3823} INFO - Setting next_dagrun for retailpulse_medallion_pipeline to 2026-08-27 00:00:00+00:00, run_after=2026-08-28 00:00:00+00:00
[2026-08-27T03:35:19.237+0000] {processor.py:183} INFO - Processing /opt/airflow/dags/retailpulse_dag.py took 0.230 seconds
[2026-08-27T03:35:49.615+0000] {processor.py:161} INFO - Started process (PID=6652) to work on /opt/airflow/dags/retailpulse_dag.py
[2026-08-27T03:35:49.618+0000] {processor.py:830} INFO - Processing file /opt/airflow/dags/retailpulse_dag.py for tasks to queue
[2026-08-27T03:35:49.622+0000] {logging_mixin.py:188} INFO - [2026-08-27T03:35:49.621+0000] {dagbag.py:538} INFO - Filling up the DagBag from /opt/airflow/dags/retailpulse_dag.py
[2026-08-27T03:35:49.674+0000] {processor.py:840} INFO - DAG(s) 'retailpulse_medallion_pipeline' retrieved from /opt/airflow/dags/retailpulse_dag.py
[2026-08-27T03:35:49.749+0000] {logging_mixin.py:188} INFO - [2026-08-27T03:35:49.748+0000] {dag.py:3036} INFO - Sync 1 DAGs
[2026-08-27T03:35:49.782+0000] {logging_mixin.py:188} INFO - [2026-08-27T03:35:49.781+0000] {dag.py:3823} INFO - Setting next_dagrun for retailpulse_medallion_pipeline to 2026-08-27 00:00:00+00:00, run_after=2026-08-28 00:00:00+00:00
[2026-08-27T03:35:49.813+0000] {processor.py:183} INFO - Processing /opt/airflow/dags/retailpulse_dag.py took 0.213 seconds
[2026-08-27T03:36:20.113+0000] {processor.py:161} INFO - Started process (PID=6657) to work on /opt/airflow/dags/retailpulse_dag.py
[2026-08-27T03:36:20.116+0000] {processor.py:830} INFO - Processing file /opt/airflow/dags/retailpulse_dag.py for tasks to queue
[2026-08-27T03:36:20.118+0000] {logging_mixin.py:188} INFO - [2026-08-27T03:36:20.117+0000] {dagbag.py:538} INFO - Filling up the DagBag from /opt/airflow/dags/retailpulse_dag.py
[2026-08-27T03:36:20.167+0000] {processor.py:840} INFO - DAG(s) 'retailpulse_medallion_pipeline' retrieved from /opt/airflow/dags/retailpulse_dag.py
[2026-08-27T03:36:20.262+0000] {logging_mixin.py:188} INFO - [2026-08-27T03:36:20.261+0000] {dag.py:3036} INFO - Sync 1 DAGs
[2026-08-27T03:36:20.297+0000] {logging_mixin.py:188} INFO - [2026-08-27T03:36:20.297+0000] {dag.py:3823} INFO - Setting next_dagrun for retailpulse_medallion_pipeline to 2026-08-27 00:00:00+00:00, run_after=2026-08-28 00:00:00+00:00
[2026-08-27T03:36:20.329+0000] {processor.py:183} INFO - Processing /opt/airflow/dags/retailpulse_dag.py took 0.222 seconds
[2026-08-27T03:36:50.880+0000] {processor.py:161} INFO - Started process (PID=6662) to work on /opt/airflow/dags/retailpulse_dag.py
[2026-08-27T03:36:50.883+0000] {processor.py:830} INFO - Processing file /opt/airflow/dags/retailpulse_dag.py for tasks to queue
[2026-08-27T03:36:50.885+0000] {logging_mixin.py:188} INFO - [2026-08-27T03:36:50.885+0000] {dagbag.py:538} INFO - Filling up the DagBag from /opt/airflow/dags/retailpulse_dag.py
[2026-08-27T03:36:50.930+0000] {processor.py:840} INFO - DAG(s) 'retailpulse_medallion_pipeline' retrieved from /opt/airflow/dags/retailpulse_dag.py
[2026-08-27T03:36:51.005+0000] {logging_mixin.py:188} INFO - [2026-08-27T03:36:51.004+0000] {dag.py:3036} INFO - Sync 1 DAGs
[2026-08-27T03:36:51.038+0000] {logging_mixin.py:188} INFO - [2026-08-27T03:36:51.038+0000] {dag.py:3823} INFO - Setting next_dagrun for retailpulse_medallion_pipeline to 2026-08-27 00:00:00+00:00, run_after=2026-08-28 00:00:00+00:00
[2026-08-27T03:36:51.070+0000] {processor.py:183} INFO - Processing /opt/airflow/dags/retailpulse_dag.py took 0.196 seconds
[2026-08-27T03:37:21.272+0000] {processor.py:161} INFO - Started process (PID=6667) to work on /opt/airflow/dags/retailpulse_dag.py
[2026-08-27T03:37:21.274+0000] {processor.py:830} INFO - Processing file /opt/airflow/dags/retailpulse_dag.py for tasks to queue
[2026-08-27T03:37:21.278+0000] {logging_mixin.py:188} INFO - [2026-08-27T03:37:21.276+0000] {dagbag.py:538} INFO - Filling up the DagBag from /opt/airflow/dags/retailpulse_dag.py
[2026-08-27T03:37:21.330+0000] {processor.py:840} INFO - DAG(s) 'retailpulse_medallion_pipeline' retrieved from /opt/airflow/dags/retailpulse_dag.py
[2026-08-27T03:37:21.414+0000] {logging_mixin.py:188} INFO - [2026-08-27T03:37:21.414+0000] {dag.py:3036} INFO - Sync 1 DAGs
[2026-08-27T03:37:21.448+0000] {logging_mixin.py:188} INFO - [2026-08-27T03:37:21.447+0000] {dag.py:3823} INFO - Setting next_dagrun for retailpulse_medallion_pipeline to 2026-08-27 00:00:00+00:00, run_after=2026-08-28 00:00:00+00:00
[2026-08-27T03:37:21.481+0000] {processor.py:183} INFO - Processing /opt/airflow/dags/retailpulse_dag.py took 0.218 seconds
[2026-08-27T03:37:51.965+0000] {processor.py:161} INFO - Started process (PID=6672) to work on /opt/airflow/dags/retailpulse_dag.py
[2026-08-27T03:37:51.968+0000] {processor.py:830} INFO - Processing file /opt/airflow/dags/retailpulse_dag.py for tasks to queue
[2026-08-27T03:37:51.970+0000] {logging_mixin.py:188} INFO - [2026-08-27T03:37:51.970+0000] {dagbag.py:538} INFO - Filling up the DagBag from /opt/airflow/dags/retailpulse_dag.py
[2026-08-27T03:37:52.024+0000] {processor.py:840} INFO - DAG(s) 'retailpulse_medallion_pipeline' retrieved from /opt/airflow/dags/retailpulse_dag.py
[2026-08-27T03:37:52.123+0000] {logging_mixin.py:188} INFO - [2026-08-27T03:37:52.122+0000] {dag.py:3036} INFO - Sync 1 DAGs
[2026-08-27T03:37:52.161+0000] {logging_mixin.py:188} INFO - [2026-08-27T03:37:52.161+0000] {dag.py:3823} INFO - Setting next_dagrun for retailpulse_medallion_pipeline to 2026-08-27 00:00:00+00:00, run_after=2026-08-28 00:00:00+00:00
[2026-08-27T03:37:52.192+0000] {processor.py:183} INFO - Processing /opt/airflow/dags/retailpulse_dag.py took 0.232 seconds
[2026-08-27T03:38:22.480+0000] {processor.py:161} INFO - Started process (PID=6677) to work on /opt/airflow/dags/retailpulse_dag.py
[2026-08-27T03:38:22.482+0000] {processor.py:830} INFO - Processing file /opt/airflow/dags/retailpulse_dag.py for tasks to queue
[2026-08-27T03:38:22.484+0000] {logging_mixin.py:188} INFO - [2026-08-27T03:38:22.484+0000] {dagbag.py:538} INFO - Filling up the DagBag from /opt/airflow/dags/retailpulse_dag.py
[2026-08-27T03:38:22.523+0000] {processor.py:840} INFO - DAG(s) 'retailpulse_medallion_pipeline' retrieved from /opt/airflow/dags/retailpulse_dag.py
[2026-08-27T03:38:22.606+0000] {logging_mixin.py:188} INFO - [2026-08-27T03:38:22.605+0000] {dag.py:3036} INFO - Sync 1 DAGs
[2026-08-27T03:38:22.654+0000] {logging_mixin.py:188} INFO - [2026-08-27T03:38:22.654+0000] {dag.py:3823} INFO - Setting next_dagrun for retailpulse_medallion_pipeline to 2026-08-27 00:00:00+00:00, run_after=2026-08-28 00:00:00+00:00
[2026-08-27T03:38:22.691+0000] {processor.py:183} INFO - Processing /opt/airflow/dags/retailpulse_dag.py took 0.217 seconds
[2026-08-27T03:38:53.129+0000] {processor.py:161} INFO - Started process (PID=6682) to work on /opt/airflow/dags/retailpulse_dag.py
[2026-08-27T03:38:53.131+0000] {processor.py:830} INFO - Processing file /opt/airflow/dags/retailpulse_dag.py for tasks to queue
[2026-08-27T03:38:53.134+0000] {logging_mixin.py:188} INFO - [2026-08-27T03:38:53.133+0000] {dagbag.py:538} INFO - Filling up the DagBag from /opt/airflow/dags/retailpulse_dag.py
[2026-08-27T03:38:53.186+0000] {processor.py:840} INFO - DAG(s) 'retailpulse_medallion_pipeline' retrieved from /opt/airflow/dags/retailpulse_dag.py
[2026-08-27T03:38:53.261+0000] {logging_mixin.py:188} INFO - [2026-08-27T03:38:53.260+0000] {dag.py:3036} INFO - Sync 1 DAGs
[2026-08-27T03:38:53.293+0000] {logging_mixin.py:188} INFO - [2026-08-27T03:38:53.292+0000] {dag.py:3823} INFO - Setting next_dagrun for retailpulse_medallion_pipeline to 2026-08-27 00:00:00+00:00, run_after=2026-08-28 00:00:00+00:00
[2026-08-27T03:38:53.323+0000] {processor.py:183} INFO - Processing /opt/airflow/dags/retailpulse_dag.py took 0.199 seconds
[2026-08-27T03:39:23.639+0000] {processor.py:161} INFO - Started process (PID=6687) to work on /opt/airflow/dags/retailpulse_dag.py
[2026-08-27T03:39:23.641+0000] {processor.py:830} INFO - Processing file /opt/airflow/dags/retailpulse_dag.py for tasks to queue
[2026-08-27T03:39:23.644+0000] {logging_mixin.py:188} INFO - [2026-08-27T03:39:23.644+0000] {dagbag.py:538} INFO - Filling up the DagBag from /opt/airflow/dags/retailpulse_dag.py
[2026-08-27T03:39:23.688+0000] {processor.py:840} INFO - DAG(s) 'retailpulse_medallion_pipeline' retrieved from /opt/airflow/dags/retailpulse_dag.py
[2026-08-27T03:39:23.771+0000] {logging_mixin.py:188} INFO - [2026-08-27T03:39:23.771+0000] {dag.py:3036} INFO - Sync 1 DAGs
[2026-08-27T03:39:23.803+0000] {logging_mixin.py:188} INFO - [2026-08-27T03:39:23.803+0000] {dag.py:3823} INFO - Setting next_dagrun for retailpulse_medallion_pipeline to 2026-08-27 00:00:00+00:00, run_after=2026-08-28 00:00:00+00:00
[2026-08-27T03:39:23.834+0000] {processor.py:183} INFO - Processing /opt/airflow/dags/retailpulse_dag.py took 0.202 seconds
[2026-08-27T03:39:54.216+0000] {processor.py:161} INFO - Started process (PID=6692) to work on /opt/airflow/dags/retailpulse_dag.py
[2026-08-27T03:39:54.219+0000] {processor.py:830} INFO - Processing file /opt/airflow/dags/retailpulse_dag.py for tasks to queue
[2026-08-27T03:39:54.221+0000] {logging_mixin.py:188} INFO - [2026-08-27T03:39:54.220+0000] {dagbag.py:538} INFO - Filling up the DagBag from /opt/airflow/dags/retailpulse_dag.py
[2026-08-27T03:39:54.265+0000] {processor.py:840} INFO - DAG(s) 'retailpulse_medallion_pipeline' retrieved from /opt/airflow/dags/retailpulse_dag.py
[2026-08-27T03:39:54.342+0000] {logging_mixin.py:188} INFO - [2026-08-27T03:39:54.341+0000] {dag.py:3036} INFO - Sync 1 DAGs
[2026-08-27T03:39:54.382+0000] {logging_mixin.py:188} INFO - [2026-08-27T03:39:54.381+0000] {dag.py:3823} INFO - Setting next_dagrun for retailpulse_medallion_pipeline to 2026-08-27 00:00:00+00:00, run_after=2026-08-28 00:00:00+00:00
[2026-08-27T03:39:54.417+0000] {processor.py:183} INFO - Processing /opt/airflow/dags/retailpulse_dag.py took 0.206 seconds
[2026-08-27T03:40:24.757+0000] {processor.py:161} INFO - Started process (PID=6697) to work on /opt/airflow/dags/retailpulse_dag.py
[2026-08-27T03:40:24.759+0000] {processor.py:830} INFO - Processing file /opt/airflow/dags/retailpulse_dag.py for tasks to queue
[2026-08-27T03:40:24.762+0000] {logging_mixin.py:188} INFO - [2026-08-27T03:40:24.761+0000] {dagbag.py:538} INFO - Filling up the DagBag from /opt/airflow/dags/retailpulse_dag.py
[2026-08-27T03:40:24.806+0000] {processor.py:840} INFO - DAG(s) 'retailpulse_medallion_pipeline' retrieved from /opt/airflow/dags/retailpulse_dag.py
[2026-08-27T03:40:24.894+0000] {logging_mixin.py:188} INFO - [2026-08-27T03:40:24.894+0000] {dag.py:3036} INFO - Sync 1 DAGs
[2026-08-27T03:40:24.926+0000] {logging_mixin.py:188} INFO - [2026-08-27T03:40:24.926+0000] {dag.py:3823} INFO - Setting next_dagrun for retailpulse_medallion_pipeline to 2026-08-27 00:00:00+00:00, run_after=2026-08-28 00:00:00+00:00
[2026-08-27T03:40:24.959+0000] {processor.py:183} INFO - Processing /opt/airflow/dags/retailpulse_dag.py took 0.208 seconds
[2026-08-27T03:40:55.375+0000] {processor.py:161} INFO - Started process (PID=6702) to work on /opt/airflow/dags/retailpulse_dag.py
[2026-08-27T03:40:55.377+0000] {processor.py:830} INFO - Processing file /opt/airflow/dags/retailpulse_dag.py for tasks to queue
[2026-08-27T03:40:55.380+0000] {logging_mixin.py:188} INFO - [2026-08-27T03:40:55.379+0000] {dagbag.py:538} INFO - Filling up the DagBag from /opt/airflow/dags/retailpulse_dag.py
[2026-08-27T03:40:55.425+0000] {processor.py:840} INFO - DAG(s) 'retailpulse_medallion_pipeline' retrieved from /opt/airflow/dags/retailpulse_dag.py
[2026-08-27T03:40:55.500+0000] {logging_mixin.py:188} INFO - [2026-08-27T03:40:55.500+0000] {dag.py:3036} INFO - Sync 1 DAGs
[2026-08-27T03:40:55.532+0000] {logging_mixin.py:188} INFO - [2026-08-27T03:40:55.531+0000] {dag.py:3823} INFO - Setting next_dagrun for retailpulse_medallion_pipeline to 2026-08-27 00:00:00+00:00, run_after=2026-08-28 00:00:00+00:00
[2026-08-27T03:40:55.562+0000] {processor.py:183} INFO - Processing /opt/airflow/dags/retailpulse_dag.py took 0.195 seconds
[2026-08-27T03:41:26.034+0000] {processor.py:161} INFO - Started process (PID=6707) to work on /opt/airflow/dags/retailpulse_dag.py
[2026-08-27T03:41:26.037+0000] {processor.py:830} INFO - Processing file /opt/airflow/dags/retailpulse_dag.py for tasks to queue
[2026-08-27T03:41:26.040+0000] {logging_mixin.py:188} INFO - [2026-08-27T03:41:26.039+0000] {dagbag.py:538} INFO - Filling up the DagBag from /opt/airflow/dags/retailpulse_dag.py
[2026-08-27T03:41:26.086+0000] {processor.py:840} INFO - DAG(s) 'retailpulse_medallion_pipeline' retrieved from /opt/airflow/dags/retailpulse_dag.py
[2026-08-27T03:41:26.164+0000] {logging_mixin.py:188} INFO - [2026-08-27T03:41:26.164+0000] {dag.py:3036} INFO - Sync 1 DAGs
[2026-08-27T03:41:26.197+0000] {logging_mixin.py:188} INFO - [2026-08-27T03:41:26.197+0000] {dag.py:3823} INFO - Setting next_dagrun for retailpulse_medallion_pipeline to 2026-08-27 00:00:00+00:00, run_after=2026-08-28 00:00:00+00:00
[2026-08-27T03:41:26.228+0000] {processor.py:183} INFO - Processing /opt/airflow/dags/retailpulse_dag.py took 0.200 seconds
[2026-08-27T03:41:56.450+0000] {processor.py:161} INFO - Started process (PID=6712) to work on /opt/airflow/dags/retailpulse_dag.py
[2026-08-27T03:41:56.452+0000] {processor.py:830} INFO - Processing file /opt/airflow/dags/retailpulse_dag.py for tasks to queue
[2026-08-27T03:41:56.455+0000] {logging_mixin.py:188} INFO - [2026-08-27T03:41:56.454+0000] {dagbag.py:538} INFO - Filling up the DagBag from /opt/airflow/dags/retailpulse_dag.py
[2026-08-27T03:41:56.499+0000] {processor.py:840} INFO - DAG(s) 'retailpulse_medallion_pipeline' retrieved from /opt/airflow/dags/retailpulse_dag.py
[2026-08-27T03:41:56.576+0000] {logging_mixin.py:188} INFO - [2026-08-27T03:41:56.576+0000] {dag.py:3036} INFO - Sync 1 DAGs
[2026-08-27T03:41:56.610+0000] {logging_mixin.py:188} INFO - [2026-08-27T03:41:56.609+0000] {dag.py:3823} INFO - Setting next_dagrun for retailpulse_medallion_pipeline to 2026-08-27 00:00:00+00:00, run_after=2026-08-28 00:00:00+00:00
[2026-08-27T03:41:56.641+0000] {processor.py:183} INFO - Processing /opt/airflow/dags/retailpulse_dag.py took 0.197 seconds
[2026-08-27T03:42:27.196+0000] {processor.py:161} INFO - Started process (PID=6717) to work on /opt/airflow/dags/retailpulse_dag.py
[2026-08-27T03:42:27.198+0000] {processor.py:830} INFO - Processing file /opt/airflow/dags/retailpulse_dag.py for tasks to queue
[2026-08-27T03:42:27.200+0000] {logging_mixin.py:188} INFO - [2026-08-27T03:42:27.200+0000] {dagbag.py:538} INFO - Filling up the DagBag from /opt/airflow/dags/retailpulse_dag.py
[2026-08-27T03:42:27.244+0000] {processor.py:840} INFO - DAG(s) 'retailpulse_medallion_pipeline' retrieved from /opt/airflow/dags/retailpulse_dag.py
[2026-08-27T03:42:27.322+0000] {logging_mixin.py:188} INFO - [2026-08-27T03:42:27.321+0000] {dag.py:3036} INFO - Sync 1 DAGs
[2026-08-27T03:42:27.354+0000] {logging_mixin.py:188} INFO - [2026-08-27T03:42:27.353+0000] {dag.py:3823} INFO - Setting next_dagrun for retailpulse_medallion_pipeline to 2026-08-27 00:00:00+00:00, run_after=2026-08-28 00:00:00+00:00
[2026-08-27T03:42:27.385+0000] {processor.py:183} INFO - Processing /opt/airflow/dags/retailpulse_dag.py took 0.195 seconds
[2026-08-27T03:42:57.890+0000] {processor.py:161} INFO - Started process (PID=6722) to work on /opt/airflow/dags/retailpulse_dag.py
[2026-08-27T03:42:57.893+0000] {processor.py:830} INFO - Processing file /opt/airflow/dags/retailpulse_dag.py for tasks to queue
[2026-08-27T03:42:57.896+0000] {logging_mixin.py:188} INFO - [2026-08-27T03:42:57.895+0000] {dagbag.py:538} INFO - Filling up the DagBag from /opt/airflow/dags/retailpulse_dag.py
[2026-08-27T03:42:58.070+0000] {processor.py:840} INFO - DAG(s) 'retailpulse_medallion_pipeline' retrieved from /opt/airflow/dags/retailpulse_dag.py
[2026-08-27T03:42:58.307+0000] {logging_mixin.py:188} INFO - [2026-08-27T03:42:58.307+0000] {dag.py:3036} INFO - Sync 1 DAGs
[2026-08-27T03:42:58.386+0000] {logging_mixin.py:188} INFO - [2026-08-27T03:42:58.385+0000] {dag.py:3823} INFO - Setting next_dagrun for retailpulse_medallion_pipeline to 2026-08-27 00:00:00+00:00, run_after=2026-08-28 00:00:00+00:00
[2026-08-27T03:42:58.442+0000] {processor.py:183} INFO - Processing /opt/airflow/dags/retailpulse_dag.py took 0.579 seconds
[2026-08-27T05:20:35.864+0000] {processor.py:161} INFO - Started process (PID=6727) to work on /opt/airflow/dags/retailpulse_dag.py
[2026-08-27T05:20:35.911+0000] {processor.py:830} INFO - Processing file /opt/airflow/dags/retailpulse_dag.py for tasks to queue
[2026-08-27T05:20:35.945+0000] {logging_mixin.py:188} INFO - [2026-08-27T05:20:35.944+0000] {dagbag.py:538} INFO - Filling up the DagBag from /opt/airflow/dags/retailpulse_dag.py
[2026-08-27T05:20:36.893+0000] {processor.py:840} INFO - DAG(s) 'retailpulse_medallion_pipeline' retrieved from /opt/airflow/dags/retailpulse_dag.py
[2026-08-27T05:20:37.540+0000] {logging_mixin.py:188} INFO - [2026-08-27T05:20:37.540+0000] {dag.py:3036} INFO - Sync 1 DAGs
[2026-08-27T05:20:37.829+0000] {logging_mixin.py:188} INFO - [2026-08-27T05:20:37.828+0000] {dag.py:3823} INFO - Setting next_dagrun for retailpulse_medallion_pipeline to 2026-08-27 00:00:00+00:00, run_after=2026-08-28 00:00:00+00:00
[2026-08-27T05:20:37.963+0000] {processor.py:183} INFO - Processing /opt/airflow/dags/retailpulse_dag.py took 2.110 seconds
[2026-08-27T05:21:08.293+0000] {processor.py:161} INFO - Started process (PID=6733) to work on /opt/airflow/dags/retailpulse_dag.py
[2026-08-27T05:21:08.296+0000] {processor.py:830} INFO - Processing file /opt/airflow/dags/retailpulse_dag.py for tasks to queue
[2026-08-27T05:21:08.301+0000] {logging_mixin.py:188} INFO - [2026-08-27T05:21:08.300+0000] {dagbag.py:538} INFO - Filling up the DagBag from /opt/airflow/dags/retailpulse_dag.py
[2026-08-27T05:21:08.370+0000] {processor.py:840} INFO - DAG(s) 'retailpulse_medallion_pipeline' retrieved from /opt/airflow/dags/retailpulse_dag.py
[2026-08-27T05:21:08.481+0000] {logging_mixin.py:188} INFO - [2026-08-27T05:21:08.480+0000] {dag.py:3036} INFO - Sync 1 DAGs
[2026-08-27T05:21:08.547+0000] {logging_mixin.py:188} INFO - [2026-08-27T05:21:08.546+0000] {dag.py:3823} INFO - Setting next_dagrun for retailpulse_medallion_pipeline to 2026-08-27 00:00:00+00:00, run_after=2026-08-28 00:00:00+00:00
[2026-08-27T05:21:08.582+0000] {processor.py:183} INFO - Processing /opt/airflow/dags/retailpulse_dag.py took 0.302 seconds
[2026-08-27T05:21:38.828+0000] {processor.py:161} INFO - Started process (PID=6738) to work on /opt/airflow/dags/retailpulse_dag.py
[2026-08-27T05:21:38.832+0000] {processor.py:830} INFO - Processing file /opt/airflow/dags/retailpulse_dag.py for tasks to queue
[2026-08-27T05:21:38.836+0000] {logging_mixin.py:188} INFO - [2026-08-27T05:21:38.836+0000] {dagbag.py:538} INFO - Filling up the DagBag from /opt/airflow/dags/retailpulse_dag.py
[2026-08-27T05:21:38.904+0000] {processor.py:840} INFO - DAG(s) 'retailpulse_medallion_pipeline' retrieved from /opt/airflow/dags/retailpulse_dag.py
[2026-08-27T05:21:38.999+0000] {logging_mixin.py:188} INFO - [2026-08-27T05:21:38.999+0000] {dag.py:3036} INFO - Sync 1 DAGs
[2026-08-27T05:21:39.049+0000] {logging_mixin.py:188} INFO - [2026-08-27T05:21:39.048+0000] {dag.py:3823} INFO - Setting next_dagrun for retailpulse_medallion_pipeline to 2026-08-27 00:00:00+00:00, run_after=2026-08-28 00:00:00+00:00
[2026-08-27T05:21:39.090+0000] {processor.py:183} INFO - Processing /opt/airflow/dags/retailpulse_dag.py took 0.268 seconds
[2026-08-27T05:22:09.370+0000] {processor.py:161} INFO - Started process (PID=6743) to work on /opt/airflow/dags/retailpulse_dag.py
[2026-08-27T05:22:09.373+0000] {processor.py:830} INFO - Processing file /opt/airflow/dags/retailpulse_dag.py for tasks to queue
[2026-08-27T05:22:09.376+0000] {logging_mixin.py:188} INFO - [2026-08-27T05:22:09.375+0000] {dagbag.py:538} INFO - Filling up the DagBag from /opt/airflow/dags/retailpulse_dag.py
[2026-08-27T05:22:09.433+0000] {processor.py:840} INFO - DAG(s) 'retailpulse_medallion_pipeline' retrieved from /opt/airflow/dags/retailpulse_dag.py
[2026-08-27T05:22:09.564+0000] {logging_mixin.py:188} INFO - [2026-08-27T05:22:09.563+0000] {dag.py:3036} INFO - Sync 1 DAGs
[2026-08-27T05:22:09.616+0000] {logging_mixin.py:188} INFO - [2026-08-27T05:22:09.615+0000] {dag.py:3823} INFO - Setting next_dagrun for retailpulse_medallion_pipeline to 2026-08-27 00:00:00+00:00, run_after=2026-08-28 00:00:00+00:00
[2026-08-27T05:22:09.649+0000] {processor.py:183} INFO - Processing /opt/airflow/dags/retailpulse_dag.py took 0.288 seconds
[2026-08-27T05:22:40.148+0000] {processor.py:161} INFO - Started process (PID=6748) to work on /opt/airflow/dags/retailpulse_dag.py
[2026-08-27T05:22:40.151+0000] {processor.py:830} INFO - Processing file /opt/airflow/dags/retailpulse_dag.py for tasks to queue
[2026-08-27T05:22:40.154+0000] {logging_mixin.py:188} INFO - [2026-08-27T05:22:40.153+0000] {dagbag.py:538} INFO - Filling up the DagBag from /opt/airflow/dags/retailpulse_dag.py
[2026-08-27T05:22:40.212+0000] {processor.py:840} INFO - DAG(s) 'retailpulse_medallion_pipeline' retrieved from /opt/airflow/dags/retailpulse_dag.py
[2026-08-27T05:22:40.303+0000] {logging_mixin.py:188} INFO - [2026-08-27T05:22:40.303+0000] {dag.py:3036} INFO - Sync 1 DAGs
[2026-08-27T05:22:40.349+0000] {logging_mixin.py:188} INFO - [2026-08-27T05:22:40.348+0000] {dag.py:3823} INFO - Setting next_dagrun for retailpulse_medallion_pipeline to 2026-08-27 00:00:00+00:00, run_after=2026-08-28 00:00:00+00:00
[2026-08-27T05:22:40.390+0000] {processor.py:183} INFO - Processing /opt/airflow/dags/retailpulse_dag.py took 0.249 seconds
[2026-08-27T05:23:10.555+0000] {processor.py:161} INFO - Started process (PID=6753) to work on /opt/airflow/dags/retailpulse_dag.py
[2026-08-27T05:23:10.557+0000] {processor.py:830} INFO - Processing file /opt/airflow/dags/retailpulse_dag.py for tasks to queue
[2026-08-27T05:23:10.560+0000] {logging_mixin.py:188} INFO - [2026-08-27T05:23:10.560+0000] {dagbag.py:538} INFO - Filling up the DagBag from /opt/airflow/dags/retailpulse_dag.py
[2026-08-27T05:23:10.608+0000] {processor.py:840} INFO - DAG(s) 'retailpulse_medallion_pipeline' retrieved from /opt/airflow/dags/retailpulse_dag.py
[2026-08-27T05:23:10.689+0000] {logging_mixin.py:188} INFO - [2026-08-27T05:23:10.689+0000] {dag.py:3036} INFO - Sync 1 DAGs
[2026-08-27T05:23:10.724+0000] {logging_mixin.py:188} INFO - [2026-08-27T05:23:10.724+0000] {dag.py:3823} INFO - Setting next_dagrun for retailpulse_medallion_pipeline to 2026-08-27 00:00:00+00:00, run_after=2026-08-28 00:00:00+00:00
[2026-08-27T05:23:10.757+0000] {processor.py:183} INFO - Processing /opt/airflow/dags/retailpulse_dag.py took 0.209 seconds
[2026-08-27T05:23:41.121+0000] {processor.py:161} INFO - Started process (PID=6758) to work on /opt/airflow/dags/retailpulse_dag.py
[2026-08-27T05:23:41.123+0000] {processor.py:830} INFO - Processing file /opt/airflow/dags/retailpulse_dag.py for tasks to queue
[2026-08-27T05:23:41.126+0000] {logging_mixin.py:188} INFO - [2026-08-27T05:23:41.125+0000] {dagbag.py:538} INFO - Filling up the DagBag from /opt/airflow/dags/retailpulse_dag.py
[2026-08-27T05:23:41.180+0000] {processor.py:840} INFO - DAG(s) 'retailpulse_medallion_pipeline' retrieved from /opt/airflow/dags/retailpulse_dag.py
[2026-08-27T05:23:41.385+0000] {logging_mixin.py:188} INFO - [2026-08-27T05:23:41.385+0000] {dag.py:3036} INFO - Sync 1 DAGs
[2026-08-27T05:23:41.477+0000] {logging_mixin.py:188} INFO - [2026-08-27T05:23:41.466+0000] {dag.py:3823} INFO - Setting next_dagrun for retailpulse_medallion_pipeline to 2026-08-27 00:00:00+00:00, run_after=2026-08-28 00:00:00+00:00
[2026-08-27T05:23:41.571+0000] {processor.py:183} INFO - Processing /opt/airflow/dags/retailpulse_dag.py took 0.455 seconds
[2026-08-27T05:24:11.903+0000] {processor.py:161} INFO - Started process (PID=6763) to work on /opt/airflow/dags/retailpulse_dag.py
[2026-08-27T05:24:11.906+0000] {processor.py:830} INFO - Processing file /opt/airflow/dags/retailpulse_dag.py for tasks to queue
[2026-08-27T05:24:11.908+0000] {logging_mixin.py:188} INFO - [2026-08-27T05:24:11.908+0000] {dagbag.py:538} INFO - Filling up the DagBag from /opt/airflow/dags/retailpulse_dag.py
[2026-08-27T05:24:11.967+0000] {processor.py:840} INFO - DAG(s) 'retailpulse_medallion_pipeline' retrieved from /opt/airflow/dags/retailpulse_dag.py
[2026-08-27T05:24:12.072+0000] {logging_mixin.py:188} INFO - [2026-08-27T05:24:12.072+0000] {dag.py:3036} INFO - Sync 1 DAGs
[2026-08-27T05:24:12.110+0000] {logging_mixin.py:188} INFO - [2026-08-27T05:24:12.110+0000] {dag.py:3823} INFO - Setting next_dagrun for retailpulse_medallion_pipeline to 2026-08-27 00:00:00+00:00, run_after=2026-08-28 00:00:00+00:00
[2026-08-27T05:24:12.142+0000] {processor.py:183} INFO - Processing /opt/airflow/dags/retailpulse_dag.py took 0.245 seconds
[2026-08-27T05:24:42.267+0000] {processor.py:161} INFO - Started process (PID=6768) to work on /opt/airflow/dags/retailpulse_dag.py
[2026-08-27T05:24:42.269+0000] {processor.py:830} INFO - Processing file /opt/airflow/dags/retailpulse_dag.py for tasks to queue
[2026-08-27T05:24:42.271+0000] {logging_mixin.py:188} INFO - [2026-08-27T05:24:42.271+0000] {dagbag.py:538} INFO - Filling up the DagBag from /opt/airflow/dags/retailpulse_dag.py
[2026-08-27T05:24:42.318+0000] {processor.py:840} INFO - DAG(s) 'retailpulse_medallion_pipeline' retrieved from /opt/airflow/dags/retailpulse_dag.py
[2026-08-27T05:24:42.397+0000] {logging_mixin.py:188} INFO - [2026-08-27T05:24:42.397+0000] {dag.py:3036} INFO - Sync 1 DAGs
[2026-08-27T05:24:42.433+0000] {logging_mixin.py:188} INFO - [2026-08-27T05:24:42.432+0000] {dag.py:3823} INFO - Setting next_dagrun for retailpulse_medallion_pipeline to 2026-08-27 00:00:00+00:00, run_after=2026-08-28 00:00:00+00:00
[2026-08-27T05:24:42.486+0000] {processor.py:183} INFO - Processing /opt/airflow/dags/retailpulse_dag.py took 0.226 seconds
[2026-08-27T05:25:12.933+0000] {processor.py:161} INFO - Started process (PID=6773) to work on /opt/airflow/dags/retailpulse_dag.py
[2026-08-27T05:25:12.936+0000] {processor.py:830} INFO - Processing file /opt/airflow/dags/retailpulse_dag.py for tasks to queue
[2026-08-27T05:25:12.939+0000] {logging_mixin.py:188} INFO - [2026-08-27T05:25:12.938+0000] {dagbag.py:538} INFO - Filling up the DagBag from /opt/airflow/dags/retailpulse_dag.py
[2026-08-27T05:25:13.002+0000] {processor.py:840} INFO - DAG(s) 'retailpulse_medallion_pipeline' retrieved from /opt/airflow/dags/retailpulse_dag.py
[2026-08-27T05:25:13.141+0000] {logging_mixin.py:188} INFO - [2026-08-27T05:25:13.141+0000] {dag.py:3036} INFO - Sync 1 DAGs
[2026-08-27T05:25:13.255+0000] {logging_mixin.py:188} INFO - [2026-08-27T05:25:13.254+0000] {dag.py:3823} INFO - Setting next_dagrun for retailpulse_medallion_pipeline to 2026-08-27 00:00:00+00:00, run_after=2026-08-28 00:00:00+00:00
[2026-08-27T05:25:13.319+0000] {processor.py:183} INFO - Processing /opt/airflow/dags/retailpulse_dag.py took 0.394 seconds
[2026-08-27T05:25:43.871+0000] {processor.py:161} INFO - Started process (PID=6778) to work on /opt/airflow/dags/retailpulse_dag.py
[2026-08-27T05:25:43.874+0000] {processor.py:830} INFO - Processing file /opt/airflow/dags/retailpulse_dag.py for tasks to queue
[2026-08-27T05:25:43.877+0000] {logging_mixin.py:188} INFO - [2026-08-27T05:25:43.876+0000] {dagbag.py:538} INFO - Filling up the DagBag from /opt/airflow/dags/retailpulse_dag.py
[2026-08-27T05:25:43.922+0000] {processor.py:840} INFO - DAG(s) 'retailpulse_medallion_pipeline' retrieved from /opt/airflow/dags/retailpulse_dag.py
[2026-08-27T05:25:44.012+0000] {logging_mixin.py:188} INFO - [2026-08-27T05:25:44.011+0000] {dag.py:3036} INFO - Sync 1 DAGs
[2026-08-27T05:25:44.049+0000] {logging_mixin.py:188} INFO - [2026-08-27T05:25:44.048+0000] {dag.py:3823} INFO - Setting next_dagrun for retailpulse_medallion_pipeline to 2026-08-27 00:00:00+00:00, run_after=2026-08-28 00:00:00+00:00
[2026-08-27T05:25:44.084+0000] {processor.py:183} INFO - Processing /opt/airflow/dags/retailpulse_dag.py took 0.220 seconds
