[2026-08-26T12:15:22.749+0000] {manager.py:469} INFO - Processing files using up to 2 processes at a time 
[2026-08-26T12:15:22.751+0000] {manager.py:470} INFO - Process each file at most once every 30 seconds
[2026-08-26T12:15:22.754+0000] {manager.py:471} INFO - Checking for new files in /opt/airflow/dags every 300 seconds
[2026-08-26T12:15:22.755+0000] {manager.py:738} INFO - Searching for files in /opt/airflow/dags
[2026-08-26T12:15:22.800+0000] {manager.py:741} INFO - There are 1 files in /opt/airflow/dags
[2026-08-26T12:15:23.079+0000] {manager.py:879} INFO - 
================================================================================
DAG File Processing Stats

File Path                               PID  Runtime      # DAGs    # Errors  Last Runtime    Last Run
------------------------------------  -----  ---------  --------  ----------  --------------  ----------
/opt/airflow/dags/retailpulse_dag.py    163  0.11s             0           0
================================================================================
[2026-08-26T12:15:53.688+0000] {manager.py:879} INFO - 
================================================================================
DAG File Processing Stats

File Path                             PID    Runtime      # DAGs    # Errors  Last Runtime    Last Run
------------------------------------  -----  ---------  --------  ----------  --------------  -------------------
/opt/airflow/dags/retailpulse_dag.py                           1           0  1.19s           2026-08-26T12:15:24
================================================================================
[2026-08-26T12:16:24.004+0000] {manager.py:879} INFO - 
================================================================================
DAG File Processing Stats

File Path                             PID    Runtime      # DAGs    # Errors  Last Runtime    Last Run
------------------------------------  -----  ---------  --------  ----------  --------------  -------------------
/opt/airflow/dags/retailpulse_dag.py                           1           0  0.41s           2026-08-26T12:15:55
================================================================================
[2026-08-26T12:16:54.565+0000] {manager.py:879} INFO - 
================================================================================
DAG File Processing Stats

File Path                             PID    Runtime      # DAGs    # Errors  Last Runtime    Last Run
------------------------------------  -----  ---------  --------  ----------  --------------  -------------------
/opt/airflow/dags/retailpulse_dag.py                           1           0  0.53s           2026-08-26T12:16:25
================================================================================
[2026-08-26T12:17:24.576+0000] {manager.py:879} INFO - 
================================================================================
DAG File Processing Stats

File Path                             PID    Runtime      # DAGs    # Errors  Last Runtime    Last Run
------------------------------------  -----  ---------  --------  ----------  --------------  -------------------
/opt/airflow/dags/retailpulse_dag.py                           1           0  0.94s           2026-08-26T12:16:57
================================================================================
[2026-08-26T12:17:54.837+0000] {manager.py:879} INFO - 
================================================================================
DAG File Processing Stats

File Path                             PID    Runtime      # DAGs    # Errors  Last Runtime    Last Run
------------------------------------  -----  ---------  --------  ----------  --------------  -------------------
/opt/airflow/dags/retailpulse_dag.py                           1           0  3.70s           2026-08-26T12:17:31
================================================================================
[2026-08-26T12:18:25.134+0000] {manager.py:879} INFO - 
================================================================================
DAG File Processing Stats

File Path                             PID    Runtime      # DAGs    # Errors  Last Runtime    Last Run
------------------------------------  -----  ---------  --------  ----------  --------------  -------------------
/opt/airflow/dags/retailpulse_dag.py                           1           0  0.99s           2026-08-26T12:18:02
================================================================================
[2026-08-26T12:18:55.560+0000] {manager.py:879} INFO - 
================================================================================
DAG File Processing Stats

File Path                             PID    Runtime      # DAGs    # Errors  Last Runtime    Last Run
------------------------------------  -----  ---------  --------  ----------  --------------  -------------------
/opt/airflow/dags/retailpulse_dag.py                           1           0  0.33s           2026-08-26T12:18:33
================================================================================
[2026-08-26T12:19:25.800+0000] {manager.py:879} INFO - 
================================================================================
DAG File Processing Stats

File Path                             PID    Runtime      # DAGs    # Errors  Last Runtime    Last Run
------------------------------------  -----  ---------  --------  ----------  --------------  -------------------
/opt/airflow/dags/retailpulse_dag.py                           1           0  10.24s          2026-08-26T12:19:14
================================================================================
[2026-08-26T12:19:55.981+0000] {manager.py:879} INFO - 
================================================================================
DAG File Processing Stats

File Path                             PID    Runtime      # DAGs    # Errors  Last Runtime    Last Run
------------------------------------  -----  ---------  --------  ----------  --------------  -------------------
/opt/airflow/dags/retailpulse_dag.py                           1           0  4.93s           2026-08-26T12:19:50
================================================================================
[2026-08-26T12:20:23.013+0000] {manager.py:738} INFO - Searching for files in /opt/airflow/dags
[2026-08-26T12:20:23.118+0000] {manager.py:741} INFO - There are 1 files in /opt/airflow/dags
[2026-08-26T12:20:26.490+0000] {manager.py:879} INFO - 
================================================================================
DAG File Processing Stats

File Path                             PID    Runtime      # DAGs    # Errors  Last Runtime    Last Run
------------------------------------  -----  ---------  --------  ----------  --------------  -------------------
/opt/airflow/dags/retailpulse_dag.py                           1           0  2.67s           2026-08-26T12:20:23
================================================================================
[2026-08-26T12:20:57.123+0000] {manager.py:879} INFO - 
================================================================================
DAG File Processing Stats

File Path                               PID  Runtime      # DAGs    # Errors  Last Runtime    Last Run
------------------------------------  -----  ---------  --------  ----------  --------------  -------------------
/opt/airflow/dags/retailpulse_dag.py    406  2.59s             1           0  2.67s           2026-08-26T12:20:23
================================================================================
[2026-08-26T12:21:27.341+0000] {manager.py:879} INFO - 
================================================================================
DAG File Processing Stats

File Path                             PID    Runtime      # DAGs    # Errors  Last Runtime    Last Run
------------------------------------  -----  ---------  --------  ----------  --------------  -------------------
/opt/airflow/dags/retailpulse_dag.py                           1           0  16.47s          2026-08-26T12:21:10
================================================================================
[2026-08-26T12:21:58.152+0000] {manager.py:879} INFO - 
================================================================================
DAG File Processing Stats

File Path                             PID    Runtime      # DAGs    # Errors  Last Runtime    Last Run
------------------------------------  -----  ---------  --------  ----------  --------------  -------------------
/opt/airflow/dags/retailpulse_dag.py                           1           0  2.15s           2026-08-26T12:21:43
================================================================================
[2026-08-26T12:22:28.415+0000] {manager.py:879} INFO - 
================================================================================
DAG File Processing Stats

File Path                             PID    Runtime      # DAGs    # Errors  Last Runtime    Last Run
------------------------------------  -----  ---------  --------  ----------  --------------  -------------------
/opt/airflow/dags/retailpulse_dag.py                           1           0  1.17s           2026-08-26T12:22:14
================================================================================
[2026-08-26T12:22:58.979+0000] {manager.py:879} INFO - 
================================================================================
DAG File Processing Stats

File Path                             PID    Runtime      # DAGs    # Errors  Last Runtime    Last Run
------------------------------------  -----  ---------  --------  ----------  --------------  -------------------
/opt/airflow/dags/retailpulse_dag.py                           1           0  7.03s           2026-08-26T12:22:52
================================================================================
[2026-08-26T12:23:29.241+0000] {manager.py:879} INFO - 
================================================================================
DAG File Processing Stats

File Path                             PID    Runtime      # DAGs    # Errors  Last Runtime    Last Run
------------------------------------  -----  ---------  --------  ----------  --------------  -------------------
/opt/airflow/dags/retailpulse_dag.py                           1           0  1.11s           2026-08-26T12:23:24
================================================================================
[2026-08-26T12:23:59.840+0000] {manager.py:879} INFO - 
================================================================================
DAG File Processing Stats

File Path                             PID    Runtime      # DAGs    # Errors  Last Runtime    Last Run
------------------------------------  -----  ---------  --------  ----------  --------------  -------------------
/opt/airflow/dags/retailpulse_dag.py                           1           0  1.00s           2026-08-26T12:23:55
================================================================================
[2026-08-26T12:24:29.897+0000] {manager.py:879} INFO - 
================================================================================
DAG File Processing Stats

File Path                             PID    Runtime      # DAGs    # Errors  Last Runtime    Last Run
------------------------------------  -----  ---------  --------  ----------  --------------  -------------------
/opt/airflow/dags/retailpulse_dag.py                           1           0  0.36s           2026-08-26T12:24:26
================================================================================
[2026-08-26T12:25:00.082+0000] {manager.py:879} INFO - 
================================================================================
DAG File Processing Stats

File Path                             PID    Runtime      # DAGs    # Errors  Last Runtime    Last Run
------------------------------------  -----  ---------  --------  ----------  --------------  -------------------
/opt/airflow/dags/retailpulse_dag.py                           1           0  0.30s           2026-08-26T12:24:57
================================================================================
[2026-08-26T12:25:23.207+0000] {manager.py:738} INFO - Searching for files in /opt/airflow/dags
[2026-08-26T12:25:23.236+0000] {manager.py:741} INFO - There are 1 files in /opt/airflow/dags
[2026-08-26T12:25:30.590+0000] {manager.py:879} INFO - 
================================================================================
DAG File Processing Stats

File Path                             PID    Runtime      # DAGs    # Errors  Last Runtime    Last Run
------------------------------------  -----  ---------  --------  ----------  --------------  -------------------
/opt/airflow/dags/retailpulse_dag.py                           1           0  0.32s           2026-08-26T12:25:27
================================================================================
[2026-08-26T12:26:01.088+0000] {manager.py:879} INFO - 
================================================================================
DAG File Processing Stats

File Path                             PID    Runtime      # DAGs    # Errors  Last Runtime    Last Run
------------------------------------  -----  ---------  --------  ----------  --------------  -------------------
/opt/airflow/dags/retailpulse_dag.py                           1           0  0.30s           2026-08-26T12:25:58
================================================================================
[2026-08-26T12:26:31.594+0000] {manager.py:879} INFO - 
================================================================================
DAG File Processing Stats

File Path                             PID    Runtime      # DAGs    # Errors  Last Runtime    Last Run
------------------------------------  -----  ---------  --------  ----------  --------------  -------------------
/opt/airflow/dags/retailpulse_dag.py                           1           0  0.30s           2026-08-26T12:26:28
================================================================================
[2026-08-26T12:27:02.071+0000] {manager.py:879} INFO - 
================================================================================
DAG File Processing Stats

File Path                             PID    Runtime      # DAGs    # Errors  Last Runtime    Last Run
------------------------------------  -----  ---------  --------  ----------  --------------  -------------------
/opt/airflow/dags/retailpulse_dag.py                           1           0  0.32s           2026-08-26T12:26:59
================================================================================
[2026-08-26T12:27:32.584+0000] {manager.py:879} INFO - 
================================================================================
DAG File Processing Stats

File Path                             PID    Runtime      # DAGs    # Errors  Last Runtime    Last Run
------------------------------------  -----  ---------  --------  ----------  --------------  -------------------
/opt/airflow/dags/retailpulse_dag.py                           1           0  0.34s           2026-08-26T12:27:29
================================================================================
[2026-08-26T12:28:03.102+0000] {manager.py:879} INFO - 
================================================================================
DAG File Processing Stats

File Path                             PID    Runtime      # DAGs    # Errors  Last Runtime    Last Run
------------------------------------  -----  ---------  --------  ----------  --------------  -------------------
/opt/airflow/dags/retailpulse_dag.py                           1           0  0.30s           2026-08-26T12:28:00
================================================================================
[2026-08-26T12:28:33.590+0000] {manager.py:879} INFO - 
================================================================================
DAG File Processing Stats

File Path                             PID    Runtime      # DAGs    # Errors  Last Runtime    Last Run
------------------------------------  -----  ---------  --------  ----------  --------------  -------------------
/opt/airflow/dags/retailpulse_dag.py                           1           0  0.32s           2026-08-26T12:28:30
================================================================================
[2026-08-26T12:29:04.090+0000] {manager.py:879} INFO - 
================================================================================
DAG File Processing Stats

File Path                             PID    Runtime      # DAGs    # Errors  Last Runtime    Last Run
------------------------------------  -----  ---------  --------  ----------  --------------  -------------------
/opt/airflow/dags/retailpulse_dag.py                           1           0  0.30s           2026-08-26T12:29:01
================================================================================
[2026-08-26T12:29:34.576+0000] {manager.py:879} INFO - 
================================================================================
DAG File Processing Stats

File Path                             PID    Runtime      # DAGs    # Errors  Last Runtime    Last Run
------------------------------------  -----  ---------  --------  ----------  --------------  -------------------
/opt/airflow/dags/retailpulse_dag.py                           1           0  0.32s           2026-08-26T12:29:31
================================================================================
[2026-08-26T12:30:05.118+0000] {manager.py:879} INFO - 
================================================================================
DAG File Processing Stats

File Path                             PID    Runtime      # DAGs    # Errors  Last Runtime    Last Run
------------------------------------  -----  ---------  --------  ----------  --------------  -------------------
/opt/airflow/dags/retailpulse_dag.py                           1           0  0.31s           2026-08-26T12:30:02
================================================================================
[2026-08-26T12:30:23.215+0000] {manager.py:738} INFO - Searching for files in /opt/airflow/dags
[2026-08-26T12:30:23.243+0000] {manager.py:741} INFO - There are 1 files in /opt/airflow/dags
[2026-08-26T12:30:35.623+0000] {manager.py:879} INFO - 
================================================================================
DAG File Processing Stats

File Path                             PID    Runtime      # DAGs    # Errors  Last Runtime    Last Run
------------------------------------  -----  ---------  --------  ----------  --------------  -------------------
/opt/airflow/dags/retailpulse_dag.py                           1           0  0.32s           2026-08-26T12:30:32
================================================================================
[2026-08-26T12:31:06.100+0000] {manager.py:879} INFO - 
================================================================================
DAG File Processing Stats

File Path                             PID    Runtime      # DAGs    # Errors  Last Runtime    Last Run
------------------------------------  -----  ---------  --------  ----------  --------------  -------------------
/opt/airflow/dags/retailpulse_dag.py                           1           0  0.30s           2026-08-26T12:31:03
================================================================================
[2026-08-26T12:31:36.353+0000] {manager.py:879} INFO - 
================================================================================
DAG File Processing Stats

File Path                               PID  Runtime      # DAGs    # Errors  Last Runtime    Last Run
------------------------------------  -----  ---------  --------  ----------  --------------  -------------------
/opt/airflow/dags/retailpulse_dag.py    766  2.05s             1           0  0.30s           2026-08-26T12:31:03
================================================================================
[2026-08-26T12:32:06.812+0000] {manager.py:879} INFO - 
================================================================================
DAG File Processing Stats

File Path                             PID    Runtime      # DAGs    # Errors  Last Runtime    Last Run
------------------------------------  -----  ---------  --------  ----------  --------------  -------------------
/opt/airflow/dags/retailpulse_dag.py                           1           0  6.46s           2026-08-26T12:31:40
================================================================================
[2026-08-26T12:32:37.052+0000] {manager.py:879} INFO - 
================================================================================
DAG File Processing Stats

File Path                             PID    Runtime      # DAGs    # Errors  Last Runtime    Last Run
------------------------------------  -----  ---------  --------  ----------  --------------  -------------------
/opt/airflow/dags/retailpulse_dag.py                           1           0  1.14s           2026-08-26T12:32:12
================================================================================
[2026-08-26T12:33:07.324+0000] {manager.py:879} INFO - 
================================================================================
DAG File Processing Stats

File Path                             PID    Runtime      # DAGs    # Errors  Last Runtime    Last Run
------------------------------------  -----  ---------  --------  ----------  --------------  -------------------
/opt/airflow/dags/retailpulse_dag.py                           1           0  0.29s           2026-08-26T12:32:42
================================================================================
[2026-08-26T12:33:37.681+0000] {manager.py:879} INFO - 
================================================================================
DAG File Processing Stats

File Path                             PID    Runtime      # DAGs    # Errors  Last Runtime    Last Run
------------------------------------  -----  ---------  --------  ----------  --------------  -------------------
/opt/airflow/dags/retailpulse_dag.py                           1           0  0.78s           2026-08-26T12:33:13
================================================================================
[2026-08-26T12:34:08.204+0000] {manager.py:879} INFO - 
================================================================================
DAG File Processing Stats

File Path                             PID    Runtime      # DAGs    # Errors  Last Runtime    Last Run
------------------------------------  -----  ---------  --------  ----------  --------------  -------------------
/opt/airflow/dags/retailpulse_dag.py                           1           0  1.40s           2026-08-26T12:33:45
================================================================================
[2026-08-26T12:34:38.517+0000] {manager.py:879} INFO - 
================================================================================
DAG File Processing Stats

File Path                             PID    Runtime      # DAGs    # Errors  Last Runtime    Last Run
------------------------------------  -----  ---------  --------  ----------  --------------  -------------------
/opt/airflow/dags/retailpulse_dag.py                           1           0  1.38s           2026-08-26T12:34:16
================================================================================
[2026-08-26T12:35:08.997+0000] {manager.py:879} INFO - 
================================================================================
DAG File Processing Stats

File Path                             PID    Runtime      # DAGs    # Errors  Last Runtime    Last Run
------------------------------------  -----  ---------  --------  ----------  --------------  -------------------
/opt/airflow/dags/retailpulse_dag.py                           1           0  1.36s           2026-08-26T12:34:50
================================================================================
[2026-08-26T12:35:23.790+0000] {manager.py:738} INFO - Searching for files in /opt/airflow/dags
[2026-08-26T12:35:23.828+0000] {manager.py:741} INFO - There are 1 files in /opt/airflow/dags
[2026-08-26T12:35:39.062+0000] {manager.py:879} INFO - 
================================================================================
DAG File Processing Stats

File Path                             PID    Runtime      # DAGs    # Errors  Last Runtime    Last Run
------------------------------------  -----  ---------  --------  ----------  --------------  -------------------
/opt/airflow/dags/retailpulse_dag.py                           1           0  1.18s           2026-08-26T12:35:21
================================================================================
[2026-08-26T12:36:09.225+0000] {manager.py:879} INFO - 
================================================================================
DAG File Processing Stats

File Path                             PID    Runtime      # DAGs    # Errors  Last Runtime    Last Run
------------------------------------  -----  ---------  --------  ----------  --------------  -------------------
/opt/airflow/dags/retailpulse_dag.py                           1           0  3.81s           2026-08-26T12:35:55
================================================================================
[2026-08-26T12:36:40.131+0000] {manager.py:879} INFO - 
================================================================================
DAG File Processing Stats

File Path                             PID    Runtime      # DAGs    # Errors  Last Runtime    Last Run
------------------------------------  -----  ---------  --------  ----------  --------------  -------------------
/opt/airflow/dags/retailpulse_dag.py                           1           0  7.17s           2026-08-26T12:36:33
================================================================================
[2026-08-26T12:37:10.560+0000] {manager.py:879} INFO - 
================================================================================
DAG File Processing Stats

File Path                             PID    Runtime      # DAGs    # Errors  Last Runtime    Last Run
------------------------------------  -----  ---------  --------  ----------  --------------  -------------------
/opt/airflow/dags/retailpulse_dag.py                           1           0  0.47s           2026-08-26T12:37:03
================================================================================
[2026-08-26T12:37:41.033+0000] {manager.py:879} INFO - 
================================================================================
DAG File Processing Stats

File Path                             PID    Runtime      # DAGs    # Errors  Last Runtime    Last Run
------------------------------------  -----  ---------  --------  ----------  --------------  -------------------
/opt/airflow/dags/retailpulse_dag.py                           1           0  1.88s           2026-08-26T12:37:35
================================================================================
[2026-08-26T12:38:11.718+0000] {manager.py:879} INFO - 
================================================================================
DAG File Processing Stats

File Path                             PID    Runtime      # DAGs    # Errors  Last Runtime    Last Run
------------------------------------  -----  ---------  --------  ----------  --------------  -------------------
/opt/airflow/dags/retailpulse_dag.py                           1           0  0.61s           2026-08-26T12:38:06
================================================================================
[2026-08-26T12:38:41.788+0000] {manager.py:879} INFO - 
================================================================================
DAG File Processing Stats

File Path                             PID    Runtime      # DAGs    # Errors  Last Runtime    Last Run
------------------------------------  -----  ---------  --------  ----------  --------------  -------------------
/opt/airflow/dags/retailpulse_dag.py                           1           0  0.35s           2026-08-26T12:38:37
================================================================================
[2026-08-26T12:39:12.046+0000] {manager.py:879} INFO - 
================================================================================
DAG File Processing Stats

File Path                             PID    Runtime      # DAGs    # Errors  Last Runtime    Last Run
------------------------------------  -----  ---------  --------  ----------  --------------  -------------------
/opt/airflow/dags/retailpulse_dag.py                           1           0  0.35s           2026-08-26T12:39:08
================================================================================
[2026-08-26T12:39:42.192+0000] {manager.py:879} INFO - 
================================================================================
DAG File Processing Stats

File Path                               PID  Runtime      # DAGs    # Errors  Last Runtime    Last Run
------------------------------------  -----  ---------  --------  ----------  --------------  -------------------
/opt/airflow/dags/retailpulse_dag.py   1494  3.05s             1           0  0.35s           2026-08-26T12:39:08
================================================================================
[2026-08-26T12:40:12.251+0000] {manager.py:879} INFO - 
================================================================================
DAG File Processing Stats

File Path                             PID    Runtime      # DAGs    # Errors  Last Runtime    Last Run
------------------------------------  -----  ---------  --------  ----------  --------------  -------------------
/opt/airflow/dags/retailpulse_dag.py                           1           0  5.87s           2026-08-26T12:39:45
================================================================================
[2026-08-26T12:40:24.394+0000] {manager.py:738} INFO - Searching for files in /opt/airflow/dags
[2026-08-26T12:40:24.442+0000] {manager.py:741} INFO - There are 1 files in /opt/airflow/dags
[2026-08-26T12:40:42.676+0000] {manager.py:879} INFO - 
================================================================================
DAG File Processing Stats

File Path                             PID    Runtime      # DAGs    # Errors  Last Runtime    Last Run
------------------------------------  -----  ---------  --------  ----------  --------------  -------------------
/opt/airflow/dags/retailpulse_dag.py                           1           0  4.12s           2026-08-26T12:40:19
================================================================================
[2026-08-26T12:41:12.988+0000] {manager.py:879} INFO - 
================================================================================
DAG File Processing Stats

File Path                             PID    Runtime      # DAGs    # Errors  Last Runtime    Last Run
------------------------------------  -----  ---------  --------  ----------  --------------  -------------------
/opt/airflow/dags/retailpulse_dag.py                           1           0  0.38s           2026-08-26T12:40:50
================================================================================
[2026-08-26T12:41:43.277+0000] {manager.py:879} INFO - 
================================================================================
DAG File Processing Stats

File Path                             PID    Runtime      # DAGs    # Errors  Last Runtime    Last Run
------------------------------------  -----  ---------  --------  ----------  --------------  -------------------
/opt/airflow/dags/retailpulse_dag.py                           1           0  3.63s           2026-08-26T12:41:24
================================================================================
[2026-08-26T12:42:13.603+0000] {manager.py:879} INFO - 
================================================================================
DAG File Processing Stats

File Path                             PID    Runtime      # DAGs    # Errors  Last Runtime    Last Run
------------------------------------  -----  ---------  --------  ----------  --------------  -------------------
/opt/airflow/dags/retailpulse_dag.py                           1           0  2.42s           2026-08-26T12:41:56
================================================================================
[2026-08-26T12:42:43.709+0000] {manager.py:879} INFO - 
================================================================================
DAG File Processing Stats

File Path                             PID    Runtime      # DAGs    # Errors  Last Runtime    Last Run
------------------------------------  -----  ---------  --------  ----------  --------------  -------------------
/opt/airflow/dags/retailpulse_dag.py                           1           0  0.45s           2026-08-26T12:42:27
================================================================================
[2026-08-26T12:43:14.015+0000] {manager.py:879} INFO - 
================================================================================
DAG File Processing Stats

File Path                             PID    Runtime      # DAGs    # Errors  Last Runtime    Last Run
------------------------------------  -----  ---------  --------  ----------  --------------  -------------------
/opt/airflow/dags/retailpulse_dag.py                           1           0  0.36s           2026-08-26T12:42:58
================================================================================
[2026-08-26T12:43:44.641+0000] {manager.py:879} INFO - 
================================================================================
DAG File Processing Stats

File Path                             PID    Runtime      # DAGs    # Errors  Last Runtime    Last Run
------------------------------------  -----  ---------  --------  ----------  --------------  -------------------
/opt/airflow/dags/retailpulse_dag.py                           1           0  4.18s           2026-08-26T12:43:32
================================================================================
[2026-08-26T12:44:14.979+0000] {manager.py:879} INFO - 
================================================================================
DAG File Processing Stats

File Path                             PID    Runtime      # DAGs    # Errors  Last Runtime    Last Run
------------------------------------  -----  ---------  --------  ----------  --------------  -------------------
/opt/airflow/dags/retailpulse_dag.py                           1           0  0.43s           2026-08-26T12:44:03
================================================================================
[2026-08-26T12:44:45.478+0000] {manager.py:879} INFO - 
================================================================================
DAG File Processing Stats

File Path                             PID    Runtime      # DAGs    # Errors  Last Runtime    Last Run
------------------------------------  -----  ---------  --------  ----------  --------------  -------------------
/opt/airflow/dags/retailpulse_dag.py                           1           0  0.26s           2026-08-26T12:44:33
================================================================================
[2026-08-26T12:45:16.218+0000] {manager.py:879} INFO - 
================================================================================
DAG File Processing Stats

File Path                             PID    Runtime      # DAGs    # Errors  Last Runtime    Last Run
------------------------------------  -----  ---------  --------  ----------  --------------  -------------------
/opt/airflow/dags/retailpulse_dag.py                           1           0  0.25s           2026-08-26T12:45:04
================================================================================
[2026-08-26T12:45:25.384+0000] {manager.py:738} INFO - Searching for files in /opt/airflow/dags
[2026-08-26T12:45:25.454+0000] {manager.py:741} INFO - There are 1 files in /opt/airflow/dags
[2026-08-26T12:45:46.865+0000] {manager.py:879} INFO - 
================================================================================
DAG File Processing Stats

File Path                             PID    Runtime      # DAGs    # Errors  Last Runtime    Last Run
------------------------------------  -----  ---------  --------  ----------  --------------  -------------------
/opt/airflow/dags/retailpulse_dag.py                           1           0  0.26s           2026-08-26T12:45:34
================================================================================
[2026-08-26T12:46:17.338+0000] {manager.py:879} INFO - 
================================================================================
DAG File Processing Stats

File Path                             PID    Runtime      # DAGs    # Errors  Last Runtime    Last Run
------------------------------------  -----  ---------  --------  ----------  --------------  -------------------
/opt/airflow/dags/retailpulse_dag.py                           1           0  0.25s           2026-08-26T12:46:05
================================================================================
[2026-08-26T12:46:47.946+0000] {manager.py:879} INFO - 
================================================================================
DAG File Processing Stats

File Path                             PID    Runtime      # DAGs    # Errors  Last Runtime    Last Run
------------------------------------  -----  ---------  --------  ----------  --------------  -------------------
/opt/airflow/dags/retailpulse_dag.py                           1           0  0.25s           2026-08-26T12:46:35
================================================================================
[2026-08-26T12:47:18.380+0000] {manager.py:879} INFO - 
================================================================================
DAG File Processing Stats

File Path                             PID    Runtime      # DAGs    # Errors  Last Runtime    Last Run
------------------------------------  -----  ---------  --------  ----------  --------------  -------------------
/opt/airflow/dags/retailpulse_dag.py                           1           0  0.26s           2026-08-26T12:47:06
================================================================================
[2026-08-26T12:47:49.052+0000] {manager.py:879} INFO - 
================================================================================
DAG File Processing Stats

File Path                             PID    Runtime      # DAGs    # Errors  Last Runtime    Last Run
------------------------------------  -----  ---------  --------  ----------  --------------  -------------------
/opt/airflow/dags/retailpulse_dag.py                           1           0  0.26s           2026-08-26T12:47:36
================================================================================
[2026-08-26T12:48:19.601+0000] {manager.py:879} INFO - 
================================================================================
DAG File Processing Stats

File Path                             PID    Runtime      # DAGs    # Errors  Last Runtime    Last Run
------------------------------------  -----  ---------  --------  ----------  --------------  -------------------
/opt/airflow/dags/retailpulse_dag.py                           1           0  0.25s           2026-08-26T12:48:07
================================================================================
[2026-08-26T12:48:50.308+0000] {manager.py:879} INFO - 
================================================================================
DAG File Processing Stats

File Path                             PID    Runtime      # DAGs    # Errors  Last Runtime    Last Run
------------------------------------  -----  ---------  --------  ----------  --------------  -------------------
/opt/airflow/dags/retailpulse_dag.py                           1           0  0.28s           2026-08-26T12:48:38
================================================================================
[2026-08-26T12:49:20.890+0000] {manager.py:879} INFO - 
================================================================================
DAG File Processing Stats

File Path                             PID    Runtime      # DAGs    # Errors  Last Runtime    Last Run
------------------------------------  -----  ---------  --------  ----------  --------------  -------------------
/opt/airflow/dags/retailpulse_dag.py                           1           0  0.25s           2026-08-26T12:49:08
================================================================================
[2026-08-26T12:49:51.541+0000] {manager.py:879} INFO - 
================================================================================
DAG File Processing Stats

File Path                             PID    Runtime      # DAGs    # Errors  Last Runtime    Last Run
------------------------------------  -----  ---------  --------  ----------  --------------  -------------------
/opt/airflow/dags/retailpulse_dag.py                           1           0  0.27s           2026-08-26T12:49:39
================================================================================
[2026-08-26T12:50:22.119+0000] {manager.py:879} INFO - 
================================================================================
DAG File Processing Stats

File Path                             PID    Runtime      # DAGs    # Errors  Last Runtime    Last Run
------------------------------------  -----  ---------  --------  ----------  --------------  -------------------
/opt/airflow/dags/retailpulse_dag.py                           1           0  0.35s           2026-08-26T12:50:10
================================================================================
[2026-08-26T12:50:25.388+0000] {manager.py:738} INFO - Searching for files in /opt/airflow/dags
[2026-08-26T12:50:25.411+0000] {manager.py:741} INFO - There are 1 files in /opt/airflow/dags
[2026-08-26T12:50:52.750+0000] {manager.py:879} INFO - 
================================================================================
DAG File Processing Stats

File Path                             PID    Runtime      # DAGs    # Errors  Last Runtime    Last Run
------------------------------------  -----  ---------  --------  ----------  --------------  -------------------
/opt/airflow/dags/retailpulse_dag.py                           1           0  0.28s           2026-08-26T12:50:40
================================================================================
[2026-08-26T12:51:23.330+0000] {manager.py:879} INFO - 
================================================================================
DAG File Processing Stats

File Path                             PID    Runtime      # DAGs    # Errors  Last Runtime    Last Run
------------------------------------  -----  ---------  --------  ----------  --------------  -------------------
/opt/airflow/dags/retailpulse_dag.py                           1           0  0.25s           2026-08-26T12:51:11
================================================================================
[2026-08-26T12:51:53.962+0000] {manager.py:879} INFO - 
================================================================================
DAG File Processing Stats

File Path                             PID    Runtime      # DAGs    # Errors  Last Runtime    Last Run
------------------------------------  -----  ---------  --------  ----------  --------------  -------------------
/opt/airflow/dags/retailpulse_dag.py                           1           0  0.23s           2026-08-26T12:51:41
================================================================================
[2026-08-26T12:52:24.393+0000] {manager.py:879} INFO - 
================================================================================
DAG File Processing Stats

File Path                             PID    Runtime      # DAGs    # Errors  Last Runtime    Last Run
------------------------------------  -----  ---------  --------  ----------  --------------  -------------------
/opt/airflow/dags/retailpulse_dag.py                           1           0  0.23s           2026-08-26T12:52:12
================================================================================
[2026-08-26T12:52:55.024+0000] {manager.py:879} INFO - 
================================================================================
DAG File Processing Stats

File Path                             PID    Runtime      # DAGs    # Errors  Last Runtime    Last Run
------------------------------------  -----  ---------  --------  ----------  --------------  -------------------
/opt/airflow/dags/retailpulse_dag.py                           1           0  0.26s           2026-08-26T12:52:42
================================================================================
[2026-08-26T12:53:25.498+0000] {manager.py:879} INFO - 
================================================================================
DAG File Processing Stats

File Path                             PID    Runtime      # DAGs    # Errors  Last Runtime    Last Run
------------------------------------  -----  ---------  --------  ----------  --------------  -------------------
/opt/airflow/dags/retailpulse_dag.py                           1           0  0.25s           2026-08-26T12:53:13
================================================================================
[2026-08-26T12:53:56.071+0000] {manager.py:879} INFO - 
================================================================================
DAG File Processing Stats

File Path                             PID    Runtime      # DAGs    # Errors  Last Runtime    Last Run
------------------------------------  -----  ---------  --------  ----------  --------------  -------------------
/opt/airflow/dags/retailpulse_dag.py                           1           0  0.25s           2026-08-26T12:53:44
================================================================================
[2026-08-26T12:54:26.587+0000] {manager.py:879} INFO - 
================================================================================
DAG File Processing Stats

File Path                             PID    Runtime      # DAGs    # Errors  Last Runtime    Last Run
------------------------------------  -----  ---------  --------  ----------  --------------  -------------------
/opt/airflow/dags/retailpulse_dag.py                           1           0  0.27s           2026-08-26T12:54:14
================================================================================
[2026-08-26T12:54:57.280+0000] {manager.py:879} INFO - 
================================================================================
DAG File Processing Stats

File Path                             PID    Runtime      # DAGs    # Errors  Last Runtime    Last Run
------------------------------------  -----  ---------  --------  ----------  --------------  -------------------
/opt/airflow/dags/retailpulse_dag.py                           1           0  0.25s           2026-08-26T12:54:45
================================================================================
[2026-08-26T12:55:25.634+0000] {manager.py:738} INFO - Searching for files in /opt/airflow/dags
[2026-08-26T12:55:25.709+0000] {manager.py:741} INFO - There are 1 files in /opt/airflow/dags
[2026-08-26T12:55:27.753+0000] {manager.py:879} INFO - 
================================================================================
DAG File Processing Stats

File Path                             PID    Runtime      # DAGs    # Errors  Last Runtime    Last Run
------------------------------------  -----  ---------  --------  ----------  --------------  -------------------
/opt/airflow/dags/retailpulse_dag.py                           1           0  0.27s           2026-08-26T12:55:15
================================================================================
[2026-08-26T12:55:58.378+0000] {manager.py:879} INFO - 
================================================================================
DAG File Processing Stats

File Path                             PID    Runtime      # DAGs    # Errors  Last Runtime    Last Run
------------------------------------  -----  ---------  --------  ----------  --------------  -------------------
/opt/airflow/dags/retailpulse_dag.py                           1           0  0.26s           2026-08-26T12:55:46
================================================================================
[2026-08-26T12:56:28.918+0000] {manager.py:879} INFO - 
================================================================================
DAG File Processing Stats

File Path                             PID    Runtime      # DAGs    # Errors  Last Runtime    Last Run
------------------------------------  -----  ---------  --------  ----------  --------------  -------------------
/opt/airflow/dags/retailpulse_dag.py                           1           0  0.25s           2026-08-26T12:56:16
================================================================================
[2026-08-26T12:56:59.470+0000] {manager.py:879} INFO - 
================================================================================
DAG File Processing Stats

File Path                             PID    Runtime      # DAGs    # Errors  Last Runtime    Last Run
------------------------------------  -----  ---------  --------  ----------  --------------  -------------------
/opt/airflow/dags/retailpulse_dag.py                           1           0  0.28s           2026-08-26T12:56:47
================================================================================
[2026-08-26T12:57:29.925+0000] {manager.py:879} INFO - 
================================================================================
DAG File Processing Stats

File Path                             PID    Runtime      # DAGs    # Errors  Last Runtime    Last Run
------------------------------------  -----  ---------  --------  ----------  --------------  -------------------
/opt/airflow/dags/retailpulse_dag.py                           1           0  0.27s           2026-08-26T12:57:17
================================================================================
[2026-08-26T12:58:00.568+0000] {manager.py:879} INFO - 
================================================================================
DAG File Processing Stats

File Path                             PID    Runtime      # DAGs    # Errors  Last Runtime    Last Run
------------------------------------  -----  ---------  --------  ----------  --------------  -------------------
/opt/airflow/dags/retailpulse_dag.py                           1           0  0.26s           2026-08-26T12:57:48
================================================================================
[2026-08-26T12:58:31.081+0000] {manager.py:879} INFO - 
================================================================================
DAG File Processing Stats

File Path                             PID    Runtime      # DAGs    # Errors  Last Runtime    Last Run
------------------------------------  -----  ---------  --------  ----------  --------------  -------------------
/opt/airflow/dags/retailpulse_dag.py                           1           0  0.26s           2026-08-26T12:58:19
================================================================================
[2026-08-26T12:59:01.663+0000] {manager.py:879} INFO - 
================================================================================
DAG File Processing Stats

File Path                             PID    Runtime      # DAGs    # Errors  Last Runtime    Last Run
------------------------------------  -----  ---------  --------  ----------  --------------  -------------------
/opt/airflow/dags/retailpulse_dag.py                           1           0  0.25s           2026-08-26T12:58:49
================================================================================
[2026-08-26T12:59:32.130+0000] {manager.py:879} INFO - 
================================================================================
DAG File Processing Stats

File Path                             PID    Runtime      # DAGs    # Errors  Last Runtime    Last Run
------------------------------------  -----  ---------  --------  ----------  --------------  -------------------
/opt/airflow/dags/retailpulse_dag.py                           1           0  0.27s           2026-08-26T12:59:20
================================================================================
[2026-08-26T13:00:02.804+0000] {manager.py:879} INFO - 
================================================================================
DAG File Processing Stats

File Path                             PID    Runtime      # DAGs    # Errors  Last Runtime    Last Run
------------------------------------  -----  ---------  --------  ----------  --------------  -------------------
/opt/airflow/dags/retailpulse_dag.py                           1           0  0.27s           2026-08-26T12:59:50
================================================================================
[2026-08-26T13:00:26.234+0000] {manager.py:738} INFO - Searching for files in /opt/airflow/dags
[2026-08-26T13:00:26.254+0000] {manager.py:741} INFO - There are 1 files in /opt/airflow/dags
[2026-08-26T13:00:33.348+0000] {manager.py:879} INFO - 
================================================================================
DAG File Processing Stats

File Path                             PID    Runtime      # DAGs    # Errors  Last Runtime    Last Run
------------------------------------  -----  ---------  --------  ----------  --------------  -------------------
/opt/airflow/dags/retailpulse_dag.py                           1           0  0.27s           2026-08-26T13:00:21
================================================================================
[2026-08-26T13:01:03.901+0000] {manager.py:879} INFO - 
================================================================================
DAG File Processing Stats

File Path                             PID    Runtime      # DAGs    # Errors  Last Runtime    Last Run
------------------------------------  -----  ---------  --------  ----------  --------------  -------------------
/opt/airflow/dags/retailpulse_dag.py                           1           0  0.23s           2026-08-26T13:00:51
================================================================================
[2026-08-26T13:01:34.152+0000] {manager.py:879} INFO - 
================================================================================
DAG File Processing Stats

File Path                             PID    Runtime      # DAGs    # Errors  Last Runtime    Last Run
------------------------------------  -----  ---------  --------  ----------  --------------  -------------------
/opt/airflow/dags/retailpulse_dag.py                           1           0  0.51s           2026-08-26T13:01:22
================================================================================
[2026-08-26T13:02:06.215+0000] {manager.py:879} INFO - 
================================================================================
DAG File Processing Stats

File Path                             PID    Runtime      # DAGs    # Errors  Last Runtime    Last Run
------------------------------------  -----  ---------  --------  ----------  --------------  -------------------
/opt/airflow/dags/retailpulse_dag.py                           1           0  0.33s           2026-08-26T13:01:53
================================================================================
[2026-08-26T13:02:36.639+0000] {manager.py:879} INFO - 
================================================================================
DAG File Processing Stats

File Path                             PID    Runtime      # DAGs    # Errors  Last Runtime    Last Run
------------------------------------  -----  ---------  --------  ----------  --------------  -------------------
/opt/airflow/dags/retailpulse_dag.py                           1           0  0.30s           2026-08-26T13:02:23
================================================================================
[2026-08-26T13:03:07.316+0000] {manager.py:879} INFO - 
================================================================================
DAG File Processing Stats

File Path                             PID    Runtime      # DAGs    # Errors  Last Runtime    Last Run
------------------------------------  -----  ---------  --------  ----------  --------------  -------------------
/opt/airflow/dags/retailpulse_dag.py                           1           0  0.29s           2026-08-26T13:02:54
================================================================================
[2026-08-26T13:03:37.840+0000] {manager.py:879} INFO - 
================================================================================
DAG File Processing Stats

File Path                             PID    Runtime      # DAGs    # Errors  Last Runtime    Last Run
------------------------------------  -----  ---------  --------  ----------  --------------  -------------------
/opt/airflow/dags/retailpulse_dag.py                           1           0  0.29s           2026-08-26T13:03:24
================================================================================
[2026-08-26T13:04:08.517+0000] {manager.py:879} INFO - 
================================================================================
DAG File Processing Stats

File Path                             PID    Runtime      # DAGs    # Errors  Last Runtime    Last Run
------------------------------------  -----  ---------  --------  ----------  --------------  -------------------
/opt/airflow/dags/retailpulse_dag.py                           1           0  0.30s           2026-08-26T13:03:55
================================================================================
[2026-08-26T13:04:39.069+0000] {manager.py:879} INFO - 
================================================================================
DAG File Processing Stats

File Path                             PID    Runtime      # DAGs    # Errors  Last Runtime    Last Run
------------------------------------  -----  ---------  --------  ----------  --------------  -------------------
/opt/airflow/dags/retailpulse_dag.py                           1           0  0.28s           2026-08-26T13:04:26
================================================================================
[2026-08-26T13:05:09.677+0000] {manager.py:879} INFO - 
================================================================================
DAG File Processing Stats

File Path                             PID    Runtime      # DAGs    # Errors  Last Runtime    Last Run
------------------------------------  -----  ---------  --------  ----------  --------------  -------------------
/opt/airflow/dags/retailpulse_dag.py                           1           0  0.28s           2026-08-26T13:04:56
================================================================================
[2026-08-26T13:05:26.866+0000] {manager.py:738} INFO - Searching for files in /opt/airflow/dags
[2026-08-26T13:05:26.934+0000] {manager.py:741} INFO - There are 1 files in /opt/airflow/dags
[2026-08-26T13:05:40.267+0000] {manager.py:879} INFO - 
================================================================================
DAG File Processing Stats

File Path                             PID    Runtime      # DAGs    # Errors  Last Runtime    Last Run
------------------------------------  -----  ---------  --------  ----------  --------------  -------------------
/opt/airflow/dags/retailpulse_dag.py                           1           0  0.43s           2026-08-26T13:05:27
================================================================================
[2026-08-26T13:06:10.843+0000] {manager.py:879} INFO - 
================================================================================
DAG File Processing Stats

File Path                             PID    Runtime      # DAGs    # Errors  Last Runtime    Last Run
------------------------------------  -----  ---------  --------  ----------  --------------  -------------------
/opt/airflow/dags/retailpulse_dag.py                           1           0  0.27s           2026-08-26T13:05:57
================================================================================
[2026-08-26T13:06:41.542+0000] {manager.py:879} INFO - 
================================================================================
DAG File Processing Stats

File Path                             PID    Runtime      # DAGs    # Errors  Last Runtime    Last Run
------------------------------------  -----  ---------  --------  ----------  --------------  -------------------
/opt/airflow/dags/retailpulse_dag.py                           1           0  0.28s           2026-08-26T13:06:28
================================================================================
[2026-08-26T13:07:12.026+0000] {manager.py:879} INFO - 
================================================================================
DAG File Processing Stats

File Path                             PID    Runtime      # DAGs    # Errors  Last Runtime    Last Run
------------------------------------  -----  ---------  --------  ----------  --------------  -------------------
/opt/airflow/dags/retailpulse_dag.py                           1           0  0.25s           2026-08-26T13:06:59
================================================================================
[2026-08-26T13:07:42.728+0000] {manager.py:879} INFO - 
================================================================================
DAG File Processing Stats

File Path                             PID    Runtime      # DAGs    # Errors  Last Runtime    Last Run
------------------------------------  -----  ---------  --------  ----------  --------------  -------------------
/opt/airflow/dags/retailpulse_dag.py                           1           0  0.27s           2026-08-26T13:07:29
================================================================================
[2026-08-26T13:08:13.232+0000] {manager.py:879} INFO - 
================================================================================
DAG File Processing Stats

File Path                             PID    Runtime      # DAGs    # Errors  Last Runtime    Last Run
------------------------------------  -----  ---------  --------  ----------  --------------  -------------------
/opt/airflow/dags/retailpulse_dag.py                           1           0  0.24s           2026-08-26T13:08:00
================================================================================
[2026-08-26T13:08:43.848+0000] {manager.py:879} INFO - 
================================================================================
DAG File Processing Stats

File Path                             PID    Runtime      # DAGs    # Errors  Last Runtime    Last Run
------------------------------------  -----  ---------  --------  ----------  --------------  -------------------
/opt/airflow/dags/retailpulse_dag.py                           1           0  0.26s           2026-08-26T13:08:30
================================================================================
[2026-08-26T13:09:14.363+0000] {manager.py:879} INFO - 
================================================================================
DAG File Processing Stats

File Path                             PID    Runtime      # DAGs    # Errors  Last Runtime    Last Run
------------------------------------  -----  ---------  --------  ----------  --------------  -------------------
/opt/airflow/dags/retailpulse_dag.py                           1           0  0.26s           2026-08-26T13:09:01
================================================================================
[2026-08-26T13:09:44.965+0000] {manager.py:879} INFO - 
================================================================================
DAG File Processing Stats

File Path                             PID    Runtime      # DAGs    # Errors  Last Runtime    Last Run
------------------------------------  -----  ---------  --------  ----------  --------------  -------------------
/opt/airflow/dags/retailpulse_dag.py                           1           0  0.24s           2026-08-26T13:09:31
================================================================================
[2026-08-26T13:10:15.494+0000] {manager.py:879} INFO - 
================================================================================
DAG File Processing Stats

File Path                             PID    Runtime      # DAGs    # Errors  Last Runtime    Last Run
------------------------------------  -----  ---------  --------  ----------  --------------  -------------------
/opt/airflow/dags/retailpulse_dag.py                           1           0  0.27s           2026-08-26T13:10:02
================================================================================
[2026-08-26T13:10:26.900+0000] {manager.py:738} INFO - Searching for files in /opt/airflow/dags
[2026-08-26T13:10:26.973+0000] {manager.py:741} INFO - There are 1 files in /opt/airflow/dags
[2026-08-26T13:10:46.250+0000] {manager.py:879} INFO - 
================================================================================
DAG File Processing Stats

File Path                             PID    Runtime      # DAGs    # Errors  Last Runtime    Last Run
------------------------------------  -----  ---------  --------  ----------  --------------  -------------------
/opt/airflow/dags/retailpulse_dag.py                           1           0  0.35s           2026-08-26T13:10:33
================================================================================
[2026-08-26T13:11:16.744+0000] {manager.py:879} INFO - 
================================================================================
DAG File Processing Stats

File Path                             PID    Runtime      # DAGs    # Errors  Last Runtime    Last Run
------------------------------------  -----  ---------  --------  ----------  --------------  -------------------
/opt/airflow/dags/retailpulse_dag.py                           1           0  0.25s           2026-08-26T13:11:03
================================================================================
[2026-08-26T13:11:47.424+0000] {manager.py:879} INFO - 
================================================================================
DAG File Processing Stats

File Path                             PID    Runtime      # DAGs    # Errors  Last Runtime    Last Run
------------------------------------  -----  ---------  --------  ----------  --------------  -------------------
/opt/airflow/dags/retailpulse_dag.py                           1           0  0.27s           2026-08-26T13:11:34
================================================================================
[2026-08-26T13:12:18.023+0000] {manager.py:879} INFO - 
================================================================================
DAG File Processing Stats

File Path                             PID    Runtime      # DAGs    # Errors  Last Runtime    Last Run
------------------------------------  -----  ---------  --------  ----------  --------------  -------------------
/opt/airflow/dags/retailpulse_dag.py                           1           0  0.25s           2026-08-26T13:12:05
================================================================================
[2026-08-26T13:12:48.612+0000] {manager.py:879} INFO - 
================================================================================
DAG File Processing Stats

File Path                             PID    Runtime      # DAGs    # Errors  Last Runtime    Last Run
------------------------------------  -----  ---------  --------  ----------  --------------  -------------------
/opt/airflow/dags/retailpulse_dag.py                           1           0  0.27s           2026-08-26T13:12:35
================================================================================
[2026-08-26T13:13:19.199+0000] {manager.py:879} INFO - 
================================================================================
DAG File Processing Stats

File Path                             PID    Runtime      # DAGs    # Errors  Last Runtime    Last Run
------------------------------------  -----  ---------  --------  ----------  --------------  -------------------
/opt/airflow/dags/retailpulse_dag.py                           1           0  0.29s           2026-08-26T13:13:06
================================================================================
[2026-08-26T13:13:49.883+0000] {manager.py:879} INFO - 
================================================================================
DAG File Processing Stats

File Path                             PID    Runtime      # DAGs    # Errors  Last Runtime    Last Run
------------------------------------  -----  ---------  --------  ----------  --------------  -------------------
/opt/airflow/dags/retailpulse_dag.py                           1           0  0.26s           2026-08-26T13:13:36
================================================================================
[2026-08-26T13:14:20.369+0000] {manager.py:879} INFO - 
================================================================================
DAG File Processing Stats

File Path                             PID    Runtime      # DAGs    # Errors  Last Runtime    Last Run
------------------------------------  -----  ---------  --------  ----------  --------------  -------------------
/opt/airflow/dags/retailpulse_dag.py                           1           0  0.24s           2026-08-26T13:14:07
================================================================================
[2026-08-26T13:14:51.089+0000] {manager.py:879} INFO - 
================================================================================
DAG File Processing Stats

File Path                             PID    Runtime      # DAGs    # Errors  Last Runtime    Last Run
------------------------------------  -----  ---------  --------  ----------  --------------  -------------------
/opt/airflow/dags/retailpulse_dag.py                           1           0  0.42s           2026-08-26T13:14:38
================================================================================
[2026-08-26T13:15:21.742+0000] {manager.py:879} INFO - 
================================================================================
DAG File Processing Stats

File Path                             PID    Runtime      # DAGs    # Errors  Last Runtime    Last Run
------------------------------------  -----  ---------  --------  ----------  --------------  -------------------
/opt/airflow/dags/retailpulse_dag.py                           1           0  0.26s           2026-08-26T13:15:08
================================================================================
[2026-08-26T13:15:27.868+0000] {manager.py:738} INFO - Searching for files in /opt/airflow/dags
[2026-08-26T13:15:27.944+0000] {manager.py:741} INFO - There are 1 files in /opt/airflow/dags
[2026-08-26T13:15:52.385+0000] {manager.py:879} INFO - 
================================================================================
DAG File Processing Stats

File Path                             PID    Runtime      # DAGs    # Errors  Last Runtime    Last Run
------------------------------------  -----  ---------  --------  ----------  --------------  -------------------
/opt/airflow/dags/retailpulse_dag.py                           1           0  0.30s           2026-08-26T13:15:39
================================================================================
[2026-08-26T13:16:22.968+0000] {manager.py:879} INFO - 
================================================================================
DAG File Processing Stats

File Path                             PID    Runtime      # DAGs    # Errors  Last Runtime    Last Run
------------------------------------  -----  ---------  --------  ----------  --------------  -------------------
/opt/airflow/dags/retailpulse_dag.py                           1           0  0.31s           2026-08-26T13:16:09
================================================================================
[2026-08-26T13:16:53.593+0000] {manager.py:879} INFO - 
================================================================================
DAG File Processing Stats

File Path                             PID    Runtime      # DAGs    # Errors  Last Runtime    Last Run
------------------------------------  -----  ---------  --------  ----------  --------------  -------------------
/opt/airflow/dags/retailpulse_dag.py                           1           0  0.27s           2026-08-26T13:16:40
================================================================================
[2026-08-26T13:17:24.123+0000] {manager.py:879} INFO - 
================================================================================
DAG File Processing Stats

File Path                             PID    Runtime      # DAGs    # Errors  Last Runtime    Last Run
------------------------------------  -----  ---------  --------  ----------  --------------  -------------------
/opt/airflow/dags/retailpulse_dag.py                           1           0  0.27s           2026-08-26T13:17:11
================================================================================
[2026-08-26T13:17:54.811+0000] {manager.py:879} INFO - 
================================================================================
DAG File Processing Stats

File Path                             PID    Runtime      # DAGs    # Errors  Last Runtime    Last Run
------------------------------------  -----  ---------  --------  ----------  --------------  -------------------
/opt/airflow/dags/retailpulse_dag.py                           1           0  0.31s           2026-08-26T13:17:41
================================================================================
[2026-08-26T13:18:25.411+0000] {manager.py:879} INFO - 
================================================================================
DAG File Processing Stats

File Path                             PID    Runtime      # DAGs    # Errors  Last Runtime    Last Run
------------------------------------  -----  ---------  --------  ----------  --------------  -------------------
/opt/airflow/dags/retailpulse_dag.py                           1           0  0.25s           2026-08-26T13:18:12
================================================================================
[2026-08-26T13:18:56.117+0000] {manager.py:879} INFO - 
================================================================================
DAG File Processing Stats

File Path                             PID    Runtime      # DAGs    # Errors  Last Runtime    Last Run
------------------------------------  -----  ---------  --------  ----------  --------------  -------------------
/opt/airflow/dags/retailpulse_dag.py                           1           0  0.24s           2026-08-26T13:18:42
================================================================================
[2026-08-26T13:19:26.620+0000] {manager.py:879} INFO - 
================================================================================
DAG File Processing Stats

File Path                             PID    Runtime      # DAGs    # Errors  Last Runtime    Last Run
------------------------------------  -----  ---------  --------  ----------  --------------  -------------------
/opt/airflow/dags/retailpulse_dag.py                           1           0  0.29s           2026-08-26T13:19:13
================================================================================
[2026-08-26T13:19:57.390+0000] {manager.py:879} INFO - 
================================================================================
DAG File Processing Stats

File Path                             PID    Runtime      # DAGs    # Errors  Last Runtime    Last Run
------------------------------------  -----  ---------  --------  ----------  --------------  -------------------
/opt/airflow/dags/retailpulse_dag.py                           1           0  0.27s           2026-08-26T13:19:44
================================================================================
[2026-08-26T13:20:27.919+0000] {manager.py:738} INFO - Searching for files in /opt/airflow/dags
[2026-08-26T13:20:27.986+0000] {manager.py:741} INFO - There are 1 files in /opt/airflow/dags
[2026-08-26T13:20:28.008+0000] {manager.py:879} INFO - 
================================================================================
DAG File Processing Stats

File Path                             PID    Runtime      # DAGs    # Errors  Last Runtime    Last Run
------------------------------------  -----  ---------  --------  ----------  --------------  -------------------
/opt/airflow/dags/retailpulse_dag.py                           1           0  0.24s           2026-08-26T13:20:14
================================================================================
[2026-08-26T13:20:58.500+0000] {manager.py:879} INFO - 
================================================================================
DAG File Processing Stats

File Path                             PID    Runtime      # DAGs    # Errors  Last Runtime    Last Run
------------------------------------  -----  ---------  --------  ----------  --------------  -------------------
/opt/airflow/dags/retailpulse_dag.py                           1           0  0.23s           2026-08-26T13:20:45
================================================================================
[2026-08-26T13:21:29.053+0000] {manager.py:879} INFO - 
================================================================================
DAG File Processing Stats

File Path                             PID    Runtime      # DAGs    # Errors  Last Runtime    Last Run
------------------------------------  -----  ---------  --------  ----------  --------------  -------------------
/opt/airflow/dags/retailpulse_dag.py                           1           0  0.25s           2026-08-26T13:21:16
================================================================================
[2026-08-26T13:21:59.578+0000] {manager.py:879} INFO - 
================================================================================
DAG File Processing Stats

File Path                             PID    Runtime      # DAGs    # Errors  Last Runtime    Last Run
------------------------------------  -----  ---------  --------  ----------  --------------  -------------------
/opt/airflow/dags/retailpulse_dag.py                           1           0  0.25s           2026-08-26T13:21:46
================================================================================
[2026-08-26T13:22:30.156+0000] {manager.py:879} INFO - 
================================================================================
DAG File Processing Stats

File Path                             PID    Runtime      # DAGs    # Errors  Last Runtime    Last Run
------------------------------------  -----  ---------  --------  ----------  --------------  -------------------
/opt/airflow/dags/retailpulse_dag.py                           1           0  0.26s           2026-08-26T13:22:17
================================================================================
[2026-08-26T13:23:00.760+0000] {manager.py:879} INFO - 
================================================================================
DAG File Processing Stats

File Path                             PID    Runtime      # DAGs    # Errors  Last Runtime    Last Run
------------------------------------  -----  ---------  --------  ----------  --------------  -------------------
/opt/airflow/dags/retailpulse_dag.py                           1           0  0.28s           2026-08-26T13:22:47
================================================================================
[2026-08-26T13:23:31.414+0000] {manager.py:879} INFO - 
================================================================================
DAG File Processing Stats

File Path                             PID    Runtime      # DAGs    # Errors  Last Runtime    Last Run
------------------------------------  -----  ---------  --------  ----------  --------------  -------------------
/opt/airflow/dags/retailpulse_dag.py                           1           0  0.26s           2026-08-26T13:23:18
================================================================================
[2026-08-26T13:24:01.976+0000] {manager.py:879} INFO - 
================================================================================
DAG File Processing Stats

File Path                             PID    Runtime      # DAGs    # Errors  Last Runtime    Last Run
------------------------------------  -----  ---------  --------  ----------  --------------  -------------------
/opt/airflow/dags/retailpulse_dag.py                           1           0  0.24s           2026-08-26T13:23:49
================================================================================
[2026-08-26T13:24:32.670+0000] {manager.py:879} INFO - 
================================================================================
DAG File Processing Stats

File Path                             PID    Runtime      # DAGs    # Errors  Last Runtime    Last Run
------------------------------------  -----  ---------  --------  ----------  --------------  -------------------
/opt/airflow/dags/retailpulse_dag.py                           1           0  0.25s           2026-08-26T13:24:19
================================================================================
[2026-08-26T13:25:03.228+0000] {manager.py:879} INFO - 
================================================================================
DAG File Processing Stats

File Path                             PID    Runtime      # DAGs    # Errors  Last Runtime    Last Run
------------------------------------  -----  ---------  --------  ----------  --------------  -------------------
/opt/airflow/dags/retailpulse_dag.py                           1           0  0.26s           2026-08-26T13:24:50
================================================================================
[2026-08-26T13:25:27.923+0000] {manager.py:738} INFO - Searching for files in /opt/airflow/dags
[2026-08-26T13:25:27.993+0000] {manager.py:741} INFO - There are 1 files in /opt/airflow/dags
[2026-08-26T13:25:33.947+0000] {manager.py:879} INFO - 
================================================================================
DAG File Processing Stats

File Path                             PID    Runtime      # DAGs    # Errors  Last Runtime    Last Run
------------------------------------  -----  ---------  --------  ----------  --------------  -------------------
/opt/airflow/dags/retailpulse_dag.py                           1           0  0.26s           2026-08-26T13:25:20
================================================================================
[2026-08-26T13:26:04.618+0000] {manager.py:879} INFO - 
================================================================================
DAG File Processing Stats

File Path                             PID    Runtime      # DAGs    # Errors  Last Runtime    Last Run
------------------------------------  -----  ---------  --------  ----------  --------------  -------------------
/opt/airflow/dags/retailpulse_dag.py                           1           0  0.25s           2026-08-26T13:25:51
================================================================================
[2026-08-26T13:26:35.082+0000] {manager.py:879} INFO - 
================================================================================
DAG File Processing Stats

File Path                             PID    Runtime      # DAGs    # Errors  Last Runtime    Last Run
------------------------------------  -----  ---------  --------  ----------  --------------  -------------------
/opt/airflow/dags/retailpulse_dag.py                           1           0  0.26s           2026-08-26T13:26:22
================================================================================
[2026-08-26T13:27:05.747+0000] {manager.py:879} INFO - 
================================================================================
DAG File Processing Stats

File Path                             PID    Runtime      # DAGs    # Errors  Last Runtime    Last Run
------------------------------------  -----  ---------  --------  ----------  --------------  -------------------
/opt/airflow/dags/retailpulse_dag.py                           1           0  0.27s           2026-08-26T13:26:52
================================================================================
[2026-08-26T13:27:36.306+0000] {manager.py:879} INFO - 
================================================================================
DAG File Processing Stats

File Path                             PID    Runtime      # DAGs    # Errors  Last Runtime    Last Run
------------------------------------  -----  ---------  --------  ----------  --------------  -------------------
/opt/airflow/dags/retailpulse_dag.py                           1           0  0.28s           2026-08-26T13:27:23
================================================================================
[2026-08-26T13:28:07.048+0000] {manager.py:879} INFO - 
================================================================================
DAG File Processing Stats

File Path                             PID    Runtime      # DAGs    # Errors  Last Runtime    Last Run
------------------------------------  -----  ---------  --------  ----------  --------------  -------------------
/opt/airflow/dags/retailpulse_dag.py                           1           0  0.38s           2026-08-26T13:27:53
================================================================================
[2026-08-26T13:28:37.640+0000] {manager.py:879} INFO - 
================================================================================
DAG File Processing Stats

File Path                             PID    Runtime      # DAGs    # Errors  Last Runtime    Last Run
------------------------------------  -----  ---------  --------  ----------  --------------  -------------------
/opt/airflow/dags/retailpulse_dag.py                           1           0  0.25s           2026-08-26T13:28:24
================================================================================
[2026-08-26T13:29:08.243+0000] {manager.py:879} INFO - 
================================================================================
DAG File Processing Stats

File Path                             PID    Runtime      # DAGs    # Errors  Last Runtime    Last Run
------------------------------------  -----  ---------  --------  ----------  --------------  -------------------
/opt/airflow/dags/retailpulse_dag.py                           1           0  0.33s           2026-08-26T13:28:55
================================================================================
[2026-08-26T13:29:38.857+0000] {manager.py:879} INFO - 
================================================================================
DAG File Processing Stats

File Path                             PID    Runtime      # DAGs    # Errors  Last Runtime    Last Run
------------------------------------  -----  ---------  --------  ----------  --------------  -------------------
/opt/airflow/dags/retailpulse_dag.py                           1           0  0.25s           2026-08-26T13:29:25
================================================================================
[2026-08-26T13:30:09.413+0000] {manager.py:879} INFO - 
================================================================================
DAG File Processing Stats

File Path                             PID    Runtime      # DAGs    # Errors  Last Runtime    Last Run
------------------------------------  -----  ---------  --------  ----------  --------------  -------------------
/opt/airflow/dags/retailpulse_dag.py                           1           0  0.27s           2026-08-26T13:29:56
================================================================================
[2026-08-26T13:30:27.962+0000] {manager.py:738} INFO - Searching for files in /opt/airflow/dags
[2026-08-26T13:30:27.988+0000] {manager.py:741} INFO - There are 1 files in /opt/airflow/dags
[2026-08-26T13:30:39.996+0000] {manager.py:879} INFO - 
================================================================================
DAG File Processing Stats

File Path                             PID    Runtime      # DAGs    # Errors  Last Runtime    Last Run
------------------------------------  -----  ---------  --------  ----------  --------------  -------------------
/opt/airflow/dags/retailpulse_dag.py                           1           0  0.25s           2026-08-26T13:30:26
================================================================================
[2026-08-26T13:31:10.530+0000] {manager.py:879} INFO - 
================================================================================
DAG File Processing Stats

File Path                             PID    Runtime      # DAGs    # Errors  Last Runtime    Last Run
------------------------------------  -----  ---------  --------  ----------  --------------  -------------------
/opt/airflow/dags/retailpulse_dag.py                           1           0  0.25s           2026-08-26T13:30:57
================================================================================
[2026-08-26T13:31:41.120+0000] {manager.py:879} INFO - 
================================================================================
DAG File Processing Stats

File Path                             PID    Runtime      # DAGs    # Errors  Last Runtime    Last Run
------------------------------------  -----  ---------  --------  ----------  --------------  -------------------
/opt/airflow/dags/retailpulse_dag.py                           1           0  0.24s           2026-08-26T13:31:28
================================================================================
[2026-08-26T13:32:11.676+0000] {manager.py:879} INFO - 
================================================================================
DAG File Processing Stats

File Path                             PID    Runtime      # DAGs    # Errors  Last Runtime    Last Run
------------------------------------  -----  ---------  --------  ----------  --------------  -------------------
/opt/airflow/dags/retailpulse_dag.py                           1           0  0.23s           2026-08-26T13:31:58
================================================================================
[2026-08-26T13:32:42.218+0000] {manager.py:879} INFO - 
================================================================================
DAG File Processing Stats

File Path                             PID    Runtime      # DAGs    # Errors  Last Runtime    Last Run
------------------------------------  -----  ---------  --------  ----------  --------------  -------------------
/opt/airflow/dags/retailpulse_dag.py                           1           0  0.26s           2026-08-26T13:32:29
================================================================================
[2026-08-26T13:33:12.675+0000] {manager.py:879} INFO - 
================================================================================
DAG File Processing Stats

File Path                             PID    Runtime      # DAGs    # Errors  Last Runtime    Last Run
------------------------------------  -----  ---------  --------  ----------  --------------  -------------------
/opt/airflow/dags/retailpulse_dag.py                           1           0  0.26s           2026-08-26T13:32:59
================================================================================
[2026-08-26T13:33:43.365+0000] {manager.py:879} INFO - 
================================================================================
DAG File Processing Stats

File Path                             PID    Runtime      # DAGs    # Errors  Last Runtime    Last Run
------------------------------------  -----  ---------  --------  ----------  --------------  -------------------
/opt/airflow/dags/retailpulse_dag.py                           1           0  0.25s           2026-08-26T13:33:30
================================================================================
[2026-08-26T13:34:13.824+0000] {manager.py:879} INFO - 
================================================================================
DAG File Processing Stats

File Path                             PID    Runtime      # DAGs    # Errors  Last Runtime    Last Run
------------------------------------  -----  ---------  --------  ----------  --------------  -------------------
/opt/airflow/dags/retailpulse_dag.py                           1           0  0.24s           2026-08-26T13:34:00
================================================================================
[2026-08-26T16:34:51.505+0000] {manager.py:879} INFO - 
================================================================================
DAG File Processing Stats

File Path                             PID    Runtime      # DAGs    # Errors  Last Runtime    Last Run
------------------------------------  -----  ---------  --------  ----------  --------------  -------------------
/opt/airflow/dags/retailpulse_dag.py                           1           0  1.57s           2026-08-26T13:34:35
================================================================================
[2026-08-27T02:36:00.333+0000] {manager.py:738} INFO - Searching for files in /opt/airflow/dags
[2026-08-27T02:36:02.483+0000] {manager.py:741} INFO - There are 1 files in /opt/airflow/dags
[2026-08-27T02:36:30.924+0000] {manager.py:879} INFO - 
================================================================================
DAG File Processing Stats

File Path                             PID    Runtime      # DAGs    # Errors  Last Runtime    Last Run
------------------------------------  -----  ---------  --------  ----------  --------------  -------------------
/opt/airflow/dags/retailpulse_dag.py                           1           0  1.02s           2026-08-27T02:36:03
================================================================================
[2026-08-27T02:37:01.215+0000] {manager.py:879} INFO - 
================================================================================
DAG File Processing Stats

File Path                             PID    Runtime      # DAGs    # Errors  Last Runtime    Last Run
------------------------------------  -----  ---------  --------  ----------  --------------  -------------------
/opt/airflow/dags/retailpulse_dag.py                           1           0  0.92s           2026-08-27T02:36:34
================================================================================
[2026-08-27T02:37:31.690+0000] {manager.py:879} INFO - 
================================================================================
DAG File Processing Stats

File Path                             PID    Runtime      # DAGs    # Errors  Last Runtime    Last Run
------------------------------------  -----  ---------  --------  ----------  --------------  -------------------
/opt/airflow/dags/retailpulse_dag.py                           1           0  0.42s           2026-08-27T02:37:05
================================================================================
[2026-08-27T02:38:02.230+0000] {manager.py:879} INFO - 
================================================================================
DAG File Processing Stats

File Path                             PID    Runtime      # DAGs    # Errors  Last Runtime    Last Run
------------------------------------  -----  ---------  --------  ----------  --------------  -------------------
/opt/airflow/dags/retailpulse_dag.py                           1           0  0.61s           2026-08-27T02:37:36
================================================================================
[2026-08-27T02:38:32.354+0000] {manager.py:879} INFO - 
================================================================================
DAG File Processing Stats

File Path                             PID    Runtime      # DAGs    # Errors  Last Runtime    Last Run
------------------------------------  -----  ---------  --------  ----------  --------------  -------------------
/opt/airflow/dags/retailpulse_dag.py                           1           0  0.40s           2026-08-27T02:38:07
================================================================================
[2026-08-27T02:39:02.644+0000] {manager.py:879} INFO - 
================================================================================
DAG File Processing Stats

File Path                             PID    Runtime      # DAGs    # Errors  Last Runtime    Last Run
------------------------------------  -----  ---------  --------  ----------  --------------  -------------------
/opt/airflow/dags/retailpulse_dag.py                           1           0  0.46s           2026-08-27T02:38:37
================================================================================
[2026-08-27T02:39:32.804+0000] {manager.py:879} INFO - 
================================================================================
DAG File Processing Stats

File Path                             PID    Runtime      # DAGs    # Errors  Last Runtime    Last Run
------------------------------------  -----  ---------  --------  ----------  --------------  -------------------
/opt/airflow/dags/retailpulse_dag.py                           1           0  1.35s           2026-08-27T02:39:09
================================================================================
[2026-08-27T02:40:03.353+0000] {manager.py:879} INFO - 
================================================================================
DAG File Processing Stats

File Path                             PID    Runtime      # DAGs    # Errors  Last Runtime    Last Run
------------------------------------  -----  ---------  --------  ----------  --------------  -------------------
/opt/airflow/dags/retailpulse_dag.py                           1           0  0.39s           2026-08-27T02:39:40
================================================================================
[2026-08-27T02:40:33.676+0000] {manager.py:879} INFO - 
================================================================================
DAG File Processing Stats

File Path                             PID    Runtime      # DAGs    # Errors  Last Runtime    Last Run
------------------------------------  -----  ---------  --------  ----------  --------------  -------------------
/opt/airflow/dags/retailpulse_dag.py                           1           0  0.32s           2026-08-27T02:40:10
================================================================================
[2026-08-27T02:41:00.373+0000] {manager.py:738} INFO - Searching for files in /opt/airflow/dags
[2026-08-27T02:41:00.537+0000] {manager.py:741} INFO - There are 1 files in /opt/airflow/dags
[2026-08-27T02:41:04.133+0000] {manager.py:879} INFO - 
================================================================================
DAG File Processing Stats

File Path                             PID    Runtime      # DAGs    # Errors  Last Runtime    Last Run
------------------------------------  -----  ---------  --------  ----------  --------------  -------------------
/opt/airflow/dags/retailpulse_dag.py                           1           0  0.32s           2026-08-27T02:40:41
================================================================================
[2026-08-27T02:41:34.187+0000] {manager.py:879} INFO - 
================================================================================
DAG File Processing Stats

File Path                             PID    Runtime      # DAGs    # Errors  Last Runtime    Last Run
------------------------------------  -----  ---------  --------  ----------  --------------  -------------------
/opt/airflow/dags/retailpulse_dag.py                           1           0  0.37s           2026-08-27T02:41:12
================================================================================
[2026-08-27T02:42:04.408+0000] {manager.py:879} INFO - 
================================================================================
DAG File Processing Stats

File Path                             PID    Runtime      # DAGs    # Errors  Last Runtime    Last Run
------------------------------------  -----  ---------  --------  ----------  --------------  -------------------
/opt/airflow/dags/retailpulse_dag.py                           1           0  0.35s           2026-08-27T02:41:42
================================================================================
[2026-08-27T02:42:34.943+0000] {manager.py:879} INFO - 
================================================================================
DAG File Processing Stats

File Path                             PID    Runtime      # DAGs    # Errors  Last Runtime    Last Run
------------------------------------  -----  ---------  --------  ----------  --------------  -------------------
/opt/airflow/dags/retailpulse_dag.py                           1           0  0.33s           2026-08-27T02:42:13
================================================================================
[2026-08-27T02:43:05.482+0000] {manager.py:879} INFO - 
================================================================================
DAG File Processing Stats

File Path                             PID    Runtime      # DAGs    # Errors  Last Runtime    Last Run
------------------------------------  -----  ---------  --------  ----------  --------------  -------------------
/opt/airflow/dags/retailpulse_dag.py                           1           0  0.32s           2026-08-27T02:42:43
================================================================================
[2026-08-27T02:43:36.032+0000] {manager.py:879} INFO - 
================================================================================
DAG File Processing Stats

File Path                             PID    Runtime      # DAGs    # Errors  Last Runtime    Last Run
------------------------------------  -----  ---------  --------  ----------  --------------  -------------------
/opt/airflow/dags/retailpulse_dag.py                           1           0  0.44s           2026-08-27T02:43:14
================================================================================
[2026-08-27T02:44:06.636+0000] {manager.py:879} INFO - 
================================================================================
DAG File Processing Stats

File Path                             PID    Runtime      # DAGs    # Errors  Last Runtime    Last Run
------------------------------------  -----  ---------  --------  ----------  --------------  -------------------
/opt/airflow/dags/retailpulse_dag.py                           1           0  0.31s           2026-08-27T02:43:44
================================================================================
[2026-08-27T02:44:37.155+0000] {manager.py:879} INFO - 
================================================================================
DAG File Processing Stats

File Path                             PID    Runtime      # DAGs    # Errors  Last Runtime    Last Run
------------------------------------  -----  ---------  --------  ----------  --------------  -------------------
/opt/airflow/dags/retailpulse_dag.py                           1           0  0.36s           2026-08-27T02:44:15
================================================================================
[2026-08-27T02:45:07.888+0000] {manager.py:879} INFO - 
================================================================================
DAG File Processing Stats

File Path                             PID    Runtime      # DAGs    # Errors  Last Runtime    Last Run
------------------------------------  -----  ---------  --------  ----------  --------------  -------------------
/opt/airflow/dags/retailpulse_dag.py                           1           0  1.05s           2026-08-27T02:44:46
================================================================================
[2026-08-27T02:45:38.139+0000] {manager.py:879} INFO - 
================================================================================
DAG File Processing Stats

File Path                             PID    Runtime      # DAGs    # Errors  Last Runtime    Last Run
------------------------------------  -----  ---------  --------  ----------  --------------  -------------------
/opt/airflow/dags/retailpulse_dag.py                           1           0  0.37s           2026-08-27T02:45:17
================================================================================
[2026-08-27T02:46:00.616+0000] {manager.py:738} INFO - Searching for files in /opt/airflow/dags
[2026-08-27T02:46:00.646+0000] {manager.py:741} INFO - There are 1 files in /opt/airflow/dags
[2026-08-27T02:46:08.748+0000] {manager.py:879} INFO - 
================================================================================
DAG File Processing Stats

File Path                             PID    Runtime      # DAGs    # Errors  Last Runtime    Last Run
------------------------------------  -----  ---------  --------  ----------  --------------  -------------------
/opt/airflow/dags/retailpulse_dag.py                           1           0  0.34s           2026-08-27T02:45:47
================================================================================
[2026-08-27T02:46:38.756+0000] {manager.py:879} INFO - 
================================================================================
DAG File Processing Stats

File Path                             PID    Runtime      # DAGs    # Errors  Last Runtime    Last Run
------------------------------------  -----  ---------  --------  ----------  --------------  -------------------
/opt/airflow/dags/retailpulse_dag.py                           1           0  0.47s           2026-08-27T02:46:18
================================================================================
[2026-08-27T02:47:09.073+0000] {manager.py:879} INFO - 
================================================================================
DAG File Processing Stats

File Path                             PID    Runtime      # DAGs    # Errors  Last Runtime    Last Run
------------------------------------  -----  ---------  --------  ----------  --------------  -------------------
/opt/airflow/dags/retailpulse_dag.py                           1           0  0.37s           2026-08-27T02:46:49
================================================================================
[2026-08-27T02:47:40.064+0000] {manager.py:879} INFO - 
================================================================================
DAG File Processing Stats

File Path                             PID    Runtime      # DAGs    # Errors  Last Runtime    Last Run
------------------------------------  -----  ---------  --------  ----------  --------------  -------------------
/opt/airflow/dags/retailpulse_dag.py                           1           0  0.63s           2026-08-27T02:47:20
================================================================================
[2026-08-27T02:48:10.159+0000] {manager.py:879} INFO - 
================================================================================
DAG File Processing Stats

File Path                             PID    Runtime      # DAGs    # Errors  Last Runtime    Last Run
------------------------------------  -----  ---------  --------  ----------  --------------  -------------------
/opt/airflow/dags/retailpulse_dag.py                           1           0  0.91s           2026-08-27T02:47:51
================================================================================
[2026-08-27T02:48:40.256+0000] {manager.py:879} INFO - 
================================================================================
DAG File Processing Stats

File Path                             PID    Runtime      # DAGs    # Errors  Last Runtime    Last Run
------------------------------------  -----  ---------  --------  ----------  --------------  -------------------
/opt/airflow/dags/retailpulse_dag.py                           1           0  0.48s           2026-08-27T02:48:21
================================================================================
[2026-08-27T02:49:10.896+0000] {manager.py:879} INFO - 
================================================================================
DAG File Processing Stats

File Path                             PID    Runtime      # DAGs    # Errors  Last Runtime    Last Run
------------------------------------  -----  ---------  --------  ----------  --------------  -------------------
/opt/airflow/dags/retailpulse_dag.py                           1           0  0.38s           2026-08-27T02:48:52
================================================================================
[2026-08-27T02:49:41.305+0000] {manager.py:879} INFO - 
================================================================================
DAG File Processing Stats

File Path                             PID    Runtime      # DAGs    # Errors  Last Runtime    Last Run
------------------------------------  -----  ---------  --------  ----------  --------------  -------------------
/opt/airflow/dags/retailpulse_dag.py                           1           0  0.40s           2026-08-27T02:49:23
================================================================================
[2026-08-27T02:50:11.757+0000] {manager.py:879} INFO - 
================================================================================
DAG File Processing Stats

File Path                             PID    Runtime      # DAGs    # Errors  Last Runtime    Last Run
------------------------------------  -----  ---------  --------  ----------  --------------  -------------------
/opt/airflow/dags/retailpulse_dag.py                           1           0  0.37s           2026-08-27T02:49:53
================================================================================
[2026-08-27T02:50:42.229+0000] {manager.py:879} INFO - 
================================================================================
DAG File Processing Stats

File Path                             PID    Runtime      # DAGs    # Errors  Last Runtime    Last Run
------------------------------------  -----  ---------  --------  ----------  --------------  -------------------
/opt/airflow/dags/retailpulse_dag.py                           1           0  1.77s           2026-08-27T02:50:26
================================================================================
[2026-08-27T02:51:00.663+0000] {manager.py:738} INFO - Searching for files in /opt/airflow/dags
[2026-08-27T02:51:00.777+0000] {manager.py:741} INFO - There are 1 files in /opt/airflow/dags
[2026-08-27T02:51:12.668+0000] {manager.py:879} INFO - 
================================================================================
DAG File Processing Stats

File Path                             PID    Runtime      # DAGs    # Errors  Last Runtime    Last Run
------------------------------------  -----  ---------  --------  ----------  --------------  -------------------
/opt/airflow/dags/retailpulse_dag.py                           1           0  1.17s           2026-08-27T02:50:57
================================================================================
[2026-08-27T02:51:43.304+0000] {manager.py:879} INFO - 
================================================================================
DAG File Processing Stats

File Path                             PID    Runtime      # DAGs    # Errors  Last Runtime    Last Run
------------------------------------  -----  ---------  --------  ----------  --------------  -------------------
/opt/airflow/dags/retailpulse_dag.py                           1           0  0.49s           2026-08-27T02:51:28
================================================================================
[2026-08-27T02:52:16.256+0000] {manager.py:879} INFO - 
================================================================================
DAG File Processing Stats

File Path                             PID    Runtime      # DAGs    # Errors  Last Runtime    Last Run
------------------------------------  -----  ---------  --------  ----------  --------------  -------------------
/opt/airflow/dags/retailpulse_dag.py                           1           0  0.61s           2026-08-27T02:51:59
================================================================================
[2026-08-27T02:52:46.368+0000] {manager.py:879} INFO - 
================================================================================
DAG File Processing Stats

File Path                             PID    Runtime      # DAGs    # Errors  Last Runtime    Last Run
------------------------------------  -----  ---------  --------  ----------  --------------  -------------------
/opt/airflow/dags/retailpulse_dag.py                           1           0  0.34s           2026-08-27T02:52:30
================================================================================
[2026-08-27T02:53:17.601+0000] {manager.py:879} INFO - 
================================================================================
DAG File Processing Stats

File Path                             PID    Runtime      # DAGs    # Errors  Last Runtime    Last Run
------------------------------------  -----  ---------  --------  ----------  --------------  -------------------
/opt/airflow/dags/retailpulse_dag.py                           1           0  2.78s           2026-08-27T02:53:04
================================================================================
[2026-08-27T02:53:48.227+0000] {manager.py:879} INFO - 
================================================================================
DAG File Processing Stats

File Path                             PID    Runtime      # DAGs    # Errors  Last Runtime    Last Run
------------------------------------  -----  ---------  --------  ----------  --------------  -------------------
/opt/airflow/dags/retailpulse_dag.py                           1           0  0.97s           2026-08-27T02:53:35
================================================================================
[2026-08-27T02:54:18.408+0000] {manager.py:879} INFO - 
================================================================================
DAG File Processing Stats

File Path                             PID    Runtime      # DAGs    # Errors  Last Runtime    Last Run
------------------------------------  -----  ---------  --------  ----------  --------------  -------------------
/opt/airflow/dags/retailpulse_dag.py                           1           0  11.65s          2026-08-27T02:54:17
================================================================================
[2026-08-27T02:54:48.662+0000] {manager.py:879} INFO - 
================================================================================
DAG File Processing Stats

File Path                               PID  Runtime      # DAGs    # Errors  Last Runtime    Last Run
------------------------------------  -----  ---------  --------  ----------  --------------  -------------------
/opt/airflow/dags/retailpulse_dag.py   4508  0.98s             1           0  11.65s          2026-08-27T02:54:17
================================================================================
[2026-08-27T02:55:19.057+0000] {manager.py:879} INFO - 
================================================================================
DAG File Processing Stats

File Path                             PID    Runtime      # DAGs    # Errors  Last Runtime    Last Run
------------------------------------  -----  ---------  --------  ----------  --------------  -------------------
/opt/airflow/dags/retailpulse_dag.py                           1           0  4.68s           2026-08-27T02:54:52
================================================================================
[2026-08-27T02:55:49.398+0000] {manager.py:879} INFO - 
================================================================================
DAG File Processing Stats

File Path                             PID    Runtime      # DAGs    # Errors  Last Runtime    Last Run
------------------------------------  -----  ---------  --------  ----------  --------------  -------------------
/opt/airflow/dags/retailpulse_dag.py                           1           0  0.46s           2026-08-27T02:55:22
================================================================================
[2026-08-27T02:56:00.962+0000] {manager.py:738} INFO - Searching for files in /opt/airflow/dags
[2026-08-27T02:56:01.011+0000] {manager.py:741} INFO - There are 1 files in /opt/airflow/dags
[2026-08-27T02:56:19.672+0000] {manager.py:879} INFO - 
================================================================================
DAG File Processing Stats

File Path                             PID    Runtime      # DAGs    # Errors  Last Runtime    Last Run
------------------------------------  -----  ---------  --------  ----------  --------------  -------------------
/opt/airflow/dags/retailpulse_dag.py                           1           0  0.39s           2026-08-27T02:55:53
================================================================================
[2026-08-27T02:56:49.751+0000] {manager.py:879} INFO - 
================================================================================
DAG File Processing Stats

File Path                             PID    Runtime      # DAGs    # Errors  Last Runtime    Last Run
------------------------------------  -----  ---------  --------  ----------  --------------  -------------------
/opt/airflow/dags/retailpulse_dag.py                           1           0  12.66s          2026-08-27T02:56:36
================================================================================
[2026-08-27T02:57:20.023+0000] {manager.py:879} INFO - 
================================================================================
DAG File Processing Stats

File Path                             PID    Runtime      # DAGs    # Errors  Last Runtime    Last Run
------------------------------------  -----  ---------  --------  ----------  --------------  -------------------
/opt/airflow/dags/retailpulse_dag.py                           1           0  8.63s           2026-08-27T02:57:15
================================================================================
[2026-08-27T02:57:50.502+0000] {manager.py:879} INFO - 
================================================================================
DAG File Processing Stats

File Path                             PID    Runtime      # DAGs    # Errors  Last Runtime    Last Run
------------------------------------  -----  ---------  --------  ----------  --------------  -------------------
/opt/airflow/dags/retailpulse_dag.py                           1           0  3.51s           2026-08-27T02:57:49
================================================================================
[2026-08-27T02:58:21.249+0000] {manager.py:879} INFO - 
================================================================================
DAG File Processing Stats

File Path                               PID  Runtime      # DAGs    # Errors  Last Runtime    Last Run
------------------------------------  -----  ---------  --------  ----------  --------------  -------------------
/opt/airflow/dags/retailpulse_dag.py   5463  1.06s             1           0  3.51s           2026-08-27T02:57:49
================================================================================
[2026-08-27T02:58:51.752+0000] {manager.py:879} INFO - 
================================================================================
DAG File Processing Stats

File Path                             PID    Runtime      # DAGs    # Errors  Last Runtime    Last Run
------------------------------------  -----  ---------  --------  ----------  --------------  -------------------
/opt/airflow/dags/retailpulse_dag.py                           1           0  6.63s           2026-08-27T02:58:26
================================================================================
[2026-08-27T02:59:22.447+0000] {manager.py:879} INFO - 
================================================================================
DAG File Processing Stats

File Path                             PID    Runtime      # DAGs    # Errors  Last Runtime    Last Run
------------------------------------  -----  ---------  --------  ----------  --------------  -------------------
/opt/airflow/dags/retailpulse_dag.py                           1           0  6.27s           2026-08-27T02:59:03
================================================================================
[2026-08-27T02:59:53.024+0000] {manager.py:879} INFO - 
================================================================================
DAG File Processing Stats

File Path                             PID    Runtime      # DAGs    # Errors  Last Runtime    Last Run
------------------------------------  -----  ---------  --------  ----------  --------------  -------------------
/opt/airflow/dags/retailpulse_dag.py                           1           0  2.05s           2026-08-27T02:59:35
================================================================================
[2026-08-27T03:00:23.131+0000] {manager.py:879} INFO - 
================================================================================
DAG File Processing Stats

File Path                             PID    Runtime      # DAGs    # Errors  Last Runtime    Last Run
------------------------------------  -----  ---------  --------  ----------  --------------  -------------------
/opt/airflow/dags/retailpulse_dag.py                           1           0  0.62s           2026-08-27T03:00:06
================================================================================
[2026-08-27T03:00:53.556+0000] {manager.py:879} INFO - 
================================================================================
DAG File Processing Stats

File Path                             PID    Runtime      # DAGs    # Errors  Last Runtime    Last Run
------------------------------------  -----  ---------  --------  ----------  --------------  -------------------
/opt/airflow/dags/retailpulse_dag.py                           1           0  0.52s           2026-08-27T03:00:38
================================================================================
[2026-08-27T03:01:01.215+0000] {manager.py:738} INFO - Searching for files in /opt/airflow/dags
[2026-08-27T03:01:01.292+0000] {manager.py:741} INFO - There are 1 files in /opt/airflow/dags
[2026-08-27T03:01:23.979+0000] {manager.py:879} INFO - 
================================================================================
DAG File Processing Stats

File Path                             PID    Runtime      # DAGs    # Errors  Last Runtime    Last Run
------------------------------------  -----  ---------  --------  ----------  --------------  -------------------
/opt/airflow/dags/retailpulse_dag.py                           1           0  0.69s           2026-08-27T03:01:09
================================================================================
[2026-08-27T03:01:54.384+0000] {manager.py:879} INFO - 
================================================================================
DAG File Processing Stats

File Path                             PID    Runtime      # DAGs    # Errors  Last Runtime    Last Run
------------------------------------  -----  ---------  --------  ----------  --------------  -------------------
/opt/airflow/dags/retailpulse_dag.py                           1           0  0.97s           2026-08-27T03:01:40
================================================================================
[2026-08-27T03:02:24.483+0000] {manager.py:879} INFO - 
================================================================================
DAG File Processing Stats

File Path                             PID    Runtime      # DAGs    # Errors  Last Runtime    Last Run
------------------------------------  -----  ---------  --------  ----------  --------------  -------------------
/opt/airflow/dags/retailpulse_dag.py                           1           0  0.72s           2026-08-27T03:02:11
================================================================================
[2026-08-27T03:02:54.898+0000] {manager.py:879} INFO - 
================================================================================
DAG File Processing Stats

File Path                             PID    Runtime      # DAGs    # Errors  Last Runtime    Last Run
------------------------------------  -----  ---------  --------  ----------  --------------  -------------------
/opt/airflow/dags/retailpulse_dag.py                           1           0  0.26s           2026-08-27T03:02:41
================================================================================
[2026-08-27T03:03:25.614+0000] {manager.py:879} INFO - 
================================================================================
DAG File Processing Stats

File Path                             PID    Runtime      # DAGs    # Errors  Last Runtime    Last Run
------------------------------------  -----  ---------  --------  ----------  --------------  -------------------
/opt/airflow/dags/retailpulse_dag.py                           1           0  0.30s           2026-08-27T03:03:12
================================================================================
[2026-08-27T03:03:56.157+0000] {manager.py:879} INFO - 
================================================================================
DAG File Processing Stats

File Path                             PID    Runtime      # DAGs    # Errors  Last Runtime    Last Run
------------------------------------  -----  ---------  --------  ----------  --------------  -------------------
/opt/airflow/dags/retailpulse_dag.py                           1           0  0.26s           2026-08-27T03:03:43
================================================================================
[2026-08-27T03:04:26.799+0000] {manager.py:879} INFO - 
================================================================================
DAG File Processing Stats

File Path                             PID    Runtime      # DAGs    # Errors  Last Runtime    Last Run
------------------------------------  -----  ---------  --------  ----------  --------------  -------------------
/opt/airflow/dags/retailpulse_dag.py                           1           0  0.28s           2026-08-27T03:04:13
================================================================================
[2026-08-27T03:04:57.298+0000] {manager.py:879} INFO - 
================================================================================
DAG File Processing Stats

File Path                             PID    Runtime      # DAGs    # Errors  Last Runtime    Last Run
------------------------------------  -----  ---------  --------  ----------  --------------  -------------------
/opt/airflow/dags/retailpulse_dag.py                           1           0  0.26s           2026-08-27T03:04:44
================================================================================
[2026-08-27T03:05:27.845+0000] {manager.py:879} INFO - 
================================================================================
DAG File Processing Stats

File Path                             PID    Runtime      # DAGs    # Errors  Last Runtime    Last Run
------------------------------------  -----  ---------  --------  ----------  --------------  -------------------
/opt/airflow/dags/retailpulse_dag.py                           1           0  0.29s           2026-08-27T03:05:14
================================================================================
[2026-08-27T03:05:58.437+0000] {manager.py:879} INFO - 
================================================================================
DAG File Processing Stats

File Path                             PID    Runtime      # DAGs    # Errors  Last Runtime    Last Run
------------------------------------  -----  ---------  --------  ----------  --------------  -------------------
/opt/airflow/dags/retailpulse_dag.py                           1           0  0.29s           2026-08-27T03:05:45
================================================================================
[2026-08-27T03:06:01.472+0000] {manager.py:738} INFO - Searching for files in /opt/airflow/dags
[2026-08-27T03:06:01.493+0000] {manager.py:741} INFO - There are 1 files in /opt/airflow/dags
[2026-08-27T03:06:29.035+0000] {manager.py:879} INFO - 
================================================================================
DAG File Processing Stats

File Path                             PID    Runtime      # DAGs    # Errors  Last Runtime    Last Run
------------------------------------  -----  ---------  --------  ----------  --------------  -------------------
/opt/airflow/dags/retailpulse_dag.py                           1           0  0.26s           2026-08-27T03:06:16
================================================================================
[2026-08-27T03:06:59.632+0000] {manager.py:879} INFO - 
================================================================================
DAG File Processing Stats

File Path                             PID    Runtime      # DAGs    # Errors  Last Runtime    Last Run
------------------------------------  -----  ---------  --------  ----------  --------------  -------------------
/opt/airflow/dags/retailpulse_dag.py                           1           0  0.30s           2026-08-27T03:06:46
================================================================================
[2026-08-27T03:07:30.157+0000] {manager.py:879} INFO - 
================================================================================
DAG File Processing Stats

File Path                             PID    Runtime      # DAGs    # Errors  Last Runtime    Last Run
------------------------------------  -----  ---------  --------  ----------  --------------  -------------------
/opt/airflow/dags/retailpulse_dag.py                           1           0  0.28s           2026-08-27T03:07:17
================================================================================
[2026-08-27T03:08:00.684+0000] {manager.py:879} INFO - 
================================================================================
DAG File Processing Stats

File Path                             PID    Runtime      # DAGs    # Errors  Last Runtime    Last Run
------------------------------------  -----  ---------  --------  ----------  --------------  -------------------
/opt/airflow/dags/retailpulse_dag.py                           1           0  0.27s           2026-08-27T03:07:47
================================================================================
[2026-08-27T03:08:31.263+0000] {manager.py:879} INFO - 
================================================================================
DAG File Processing Stats

File Path                             PID    Runtime      # DAGs    # Errors  Last Runtime    Last Run
------------------------------------  -----  ---------  --------  ----------  --------------  -------------------
/opt/airflow/dags/retailpulse_dag.py                           1           0  0.26s           2026-08-27T03:08:18
================================================================================
[2026-08-27T03:09:01.704+0000] {manager.py:879} INFO - 
================================================================================
DAG File Processing Stats

File Path                             PID    Runtime      # DAGs    # Errors  Last Runtime    Last Run
------------------------------------  -----  ---------  --------  ----------  --------------  -------------------
/opt/airflow/dags/retailpulse_dag.py                           1           0  0.26s           2026-08-27T03:08:48
================================================================================
[2026-08-27T03:09:32.381+0000] {manager.py:879} INFO - 
================================================================================
DAG File Processing Stats

File Path                             PID    Runtime      # DAGs    # Errors  Last Runtime    Last Run
------------------------------------  -----  ---------  --------  ----------  --------------  -------------------
/opt/airflow/dags/retailpulse_dag.py                           1           0  0.30s           2026-08-27T03:09:19
================================================================================
[2026-08-27T03:10:02.725+0000] {manager.py:879} INFO - 
================================================================================
DAG File Processing Stats

File Path                             PID    Runtime      # DAGs    # Errors  Last Runtime    Last Run
------------------------------------  -----  ---------  --------  ----------  --------------  -------------------
/opt/airflow/dags/retailpulse_dag.py                           1           0  0.28s           2026-08-27T03:09:49
================================================================================
[2026-08-27T03:10:33.423+0000] {manager.py:879} INFO - 
================================================================================
DAG File Processing Stats

File Path                             PID    Runtime      # DAGs    # Errors  Last Runtime    Last Run
------------------------------------  -----  ---------  --------  ----------  --------------  -------------------
/opt/airflow/dags/retailpulse_dag.py                           1           0  0.32s           2026-08-27T03:10:20
================================================================================
[2026-08-27T03:11:01.813+0000] {manager.py:738} INFO - Searching for files in /opt/airflow/dags
[2026-08-27T03:11:01.860+0000] {manager.py:741} INFO - There are 1 files in /opt/airflow/dags
[2026-08-27T03:11:03.921+0000] {manager.py:879} INFO - 
================================================================================
DAG File Processing Stats

File Path                             PID    Runtime      # DAGs    # Errors  Last Runtime    Last Run
------------------------------------  -----  ---------  --------  ----------  --------------  -------------------
/opt/airflow/dags/retailpulse_dag.py                           1           0  0.25s           2026-08-27T03:10:50
================================================================================
[2026-08-27T03:11:34.387+0000] {manager.py:879} INFO - 
================================================================================
DAG File Processing Stats

File Path                             PID    Runtime      # DAGs    # Errors  Last Runtime    Last Run
------------------------------------  -----  ---------  --------  ----------  --------------  -------------------
/opt/airflow/dags/retailpulse_dag.py                           1           0  0.41s           2026-08-27T03:11:21
================================================================================
[2026-08-27T03:12:05.063+0000] {manager.py:879} INFO - 
================================================================================
DAG File Processing Stats

File Path                             PID    Runtime      # DAGs    # Errors  Last Runtime    Last Run
------------------------------------  -----  ---------  --------  ----------  --------------  -------------------
/opt/airflow/dags/retailpulse_dag.py                           1           0  0.25s           2026-08-27T03:11:51
================================================================================
[2026-08-27T03:12:35.571+0000] {manager.py:879} INFO - 
================================================================================
DAG File Processing Stats

File Path                             PID    Runtime      # DAGs    # Errors  Last Runtime    Last Run
------------------------------------  -----  ---------  --------  ----------  --------------  -------------------
/opt/airflow/dags/retailpulse_dag.py                           1           0  0.30s           2026-08-27T03:12:22
================================================================================
[2026-08-27T03:13:06.189+0000] {manager.py:879} INFO - 
================================================================================
DAG File Processing Stats

File Path                             PID    Runtime      # DAGs    # Errors  Last Runtime    Last Run
------------------------------------  -----  ---------  --------  ----------  --------------  -------------------
/opt/airflow/dags/retailpulse_dag.py                           1           0  0.31s           2026-08-27T03:12:53
================================================================================
[2026-08-27T03:13:36.694+0000] {manager.py:879} INFO - 
================================================================================
DAG File Processing Stats

File Path                             PID    Runtime      # DAGs    # Errors  Last Runtime    Last Run
------------------------------------  -----  ---------  --------  ----------  --------------  -------------------
/opt/airflow/dags/retailpulse_dag.py                           1           0  0.29s           2026-08-27T03:13:23
================================================================================
[2026-08-27T03:14:07.166+0000] {manager.py:879} INFO - 
================================================================================
DAG File Processing Stats

File Path                             PID    Runtime      # DAGs    # Errors  Last Runtime    Last Run
------------------------------------  -----  ---------  --------  ----------  --------------  -------------------
/opt/airflow/dags/retailpulse_dag.py                           1           0  0.26s           2026-08-27T03:13:54
================================================================================
[2026-08-27T03:14:37.786+0000] {manager.py:879} INFO - 
================================================================================
DAG File Processing Stats

File Path                             PID    Runtime      # DAGs    # Errors  Last Runtime    Last Run
------------------------------------  -----  ---------  --------  ----------  --------------  -------------------
/opt/airflow/dags/retailpulse_dag.py                           1           0  0.30s           2026-08-27T03:14:24
================================================================================
[2026-08-27T03:15:08.203+0000] {manager.py:879} INFO - 
================================================================================
DAG File Processing Stats

File Path                             PID    Runtime      # DAGs    # Errors  Last Runtime    Last Run
------------------------------------  -----  ---------  --------  ----------  --------------  -------------------
/opt/airflow/dags/retailpulse_dag.py                           1           0  0.31s           2026-08-27T03:14:55
================================================================================
[2026-08-27T03:15:38.769+0000] {manager.py:879} INFO - 
================================================================================
DAG File Processing Stats

File Path                             PID    Runtime      # DAGs    # Errors  Last Runtime    Last Run
------------------------------------  -----  ---------  --------  ----------  --------------  -------------------
/opt/airflow/dags/retailpulse_dag.py                           1           0  0.31s           2026-08-27T03:15:25
================================================================================
[2026-08-27T03:16:02.052+0000] {manager.py:738} INFO - Searching for files in /opt/airflow/dags
[2026-08-27T03:16:02.078+0000] {manager.py:741} INFO - There are 1 files in /opt/airflow/dags
[2026-08-27T03:16:09.181+0000] {manager.py:879} INFO - 
================================================================================
DAG File Processing Stats

File Path                             PID    Runtime      # DAGs    # Errors  Last Runtime    Last Run
------------------------------------  -----  ---------  --------  ----------  --------------  -------------------
/opt/airflow/dags/retailpulse_dag.py                           1           0  0.31s           2026-08-27T03:15:56
================================================================================
[2026-08-27T03:16:39.863+0000] {manager.py:879} INFO - 
================================================================================
DAG File Processing Stats

File Path                             PID    Runtime      # DAGs    # Errors  Last Runtime    Last Run
------------------------------------  -----  ---------  --------  ----------  --------------  -------------------
/opt/airflow/dags/retailpulse_dag.py                           1           0  0.29s           2026-08-27T03:16:26
================================================================================
[2026-08-27T03:17:10.432+0000] {manager.py:879} INFO - 
================================================================================
DAG File Processing Stats

File Path                             PID    Runtime      # DAGs    # Errors  Last Runtime    Last Run
------------------------------------  -----  ---------  --------  ----------  --------------  -------------------
/opt/airflow/dags/retailpulse_dag.py                           1           0  0.69s           2026-08-27T03:16:58
================================================================================
[2026-08-27T03:17:40.484+0000] {manager.py:879} INFO - 
================================================================================
DAG File Processing Stats

File Path                             PID    Runtime      # DAGs    # Errors  Last Runtime    Last Run
------------------------------------  -----  ---------  --------  ----------  --------------  -------------------
/opt/airflow/dags/retailpulse_dag.py                           1           0  0.33s           2026-08-27T03:17:29
================================================================================
[2026-08-27T03:18:10.823+0000] {manager.py:879} INFO - 
================================================================================
DAG File Processing Stats

File Path                             PID    Runtime      # DAGs    # Errors  Last Runtime    Last Run
------------------------------------  -----  ---------  --------  ----------  --------------  -------------------
/opt/airflow/dags/retailpulse_dag.py                           1           0  0.48s           2026-08-27T03:17:59
================================================================================
[2026-08-27T03:18:41.581+0000] {manager.py:879} INFO - 
================================================================================
DAG File Processing Stats

File Path                             PID    Runtime      # DAGs    # Errors  Last Runtime    Last Run
------------------------------------  -----  ---------  --------  ----------  --------------  -------------------
/opt/airflow/dags/retailpulse_dag.py                           1           0  0.36s           2026-08-27T03:18:30
================================================================================
[2026-08-27T03:19:12.043+0000] {manager.py:879} INFO - 
================================================================================
DAG File Processing Stats

File Path                             PID    Runtime      # DAGs    # Errors  Last Runtime    Last Run
------------------------------------  -----  ---------  --------  ----------  --------------  -------------------
/opt/airflow/dags/retailpulse_dag.py                           1           0  0.35s           2026-08-27T03:19:01
================================================================================
[2026-08-27T03:19:42.706+0000] {manager.py:879} INFO - 
================================================================================
DAG File Processing Stats

File Path                             PID    Runtime      # DAGs    # Errors  Last Runtime    Last Run
------------------------------------  -----  ---------  --------  ----------  --------------  -------------------
/opt/airflow/dags/retailpulse_dag.py                           1           0  0.31s           2026-08-27T03:19:31
================================================================================
[2026-08-27T03:20:13.134+0000] {manager.py:879} INFO - 
================================================================================
DAG File Processing Stats

File Path                             PID    Runtime      # DAGs    # Errors  Last Runtime    Last Run
------------------------------------  -----  ---------  --------  ----------  --------------  -------------------
/opt/airflow/dags/retailpulse_dag.py                           1           0  0.35s           2026-08-27T03:20:02
================================================================================
[2026-08-27T03:20:43.343+0000] {manager.py:879} INFO - 
================================================================================
DAG File Processing Stats

File Path                             PID    Runtime      # DAGs    # Errors  Last Runtime    Last Run
------------------------------------  -----  ---------  --------  ----------  --------------  -------------------
/opt/airflow/dags/retailpulse_dag.py                           1           0  0.82s           2026-08-27T03:20:33
================================================================================
[2026-08-27T03:21:02.176+0000] {manager.py:738} INFO - Searching for files in /opt/airflow/dags
[2026-08-27T03:21:02.206+0000] {manager.py:741} INFO - There are 1 files in /opt/airflow/dags
[2026-08-27T03:21:13.363+0000] {manager.py:879} INFO - 
================================================================================
DAG File Processing Stats

File Path                             PID    Runtime      # DAGs    # Errors  Last Runtime    Last Run
------------------------------------  -----  ---------  --------  ----------  --------------  -------------------
/opt/airflow/dags/retailpulse_dag.py                           1           0  0.31s           2026-08-27T03:21:03
================================================================================
[2026-08-27T03:21:43.512+0000] {manager.py:879} INFO - 
================================================================================
DAG File Processing Stats

File Path                             PID    Runtime      # DAGs    # Errors  Last Runtime    Last Run
------------------------------------  -----  ---------  --------  ----------  --------------  -------------------
/opt/airflow/dags/retailpulse_dag.py                           1           0  0.76s           2026-08-27T03:21:34
================================================================================
[2026-08-27T03:22:13.594+0000] {manager.py:879} INFO - 
================================================================================
DAG File Processing Stats

File Path                             PID    Runtime      # DAGs    # Errors  Last Runtime    Last Run
------------------------------------  -----  ---------  --------  ----------  --------------  -------------------
/opt/airflow/dags/retailpulse_dag.py                           1           0  0.26s           2026-08-27T03:22:04
================================================================================
[2026-08-27T03:22:43.684+0000] {manager.py:879} INFO - 
================================================================================
DAG File Processing Stats

File Path                             PID    Runtime      # DAGs    # Errors  Last Runtime    Last Run
------------------------------------  -----  ---------  --------  ----------  --------------  -------------------
/opt/airflow/dags/retailpulse_dag.py                           1           0  0.78s           2026-08-27T03:22:35
================================================================================
[2026-08-27T03:23:14.070+0000] {manager.py:879} INFO - 
================================================================================
DAG File Processing Stats

File Path                             PID    Runtime      # DAGs    # Errors  Last Runtime    Last Run
------------------------------------  -----  ---------  --------  ----------  --------------  -------------------
/opt/airflow/dags/retailpulse_dag.py                           1           0  0.29s           2026-08-27T03:23:06
================================================================================
[2026-08-27T03:23:44.345+0000] {manager.py:879} INFO - 
================================================================================
DAG File Processing Stats

File Path                             PID    Runtime      # DAGs    # Errors  Last Runtime    Last Run
------------------------------------  -----  ---------  --------  ----------  --------------  -------------------
/opt/airflow/dags/retailpulse_dag.py                           1           0  0.25s           2026-08-27T03:23:36
================================================================================
[2026-08-27T03:24:14.686+0000] {manager.py:879} INFO - 
================================================================================
DAG File Processing Stats

File Path                             PID    Runtime      # DAGs    # Errors  Last Runtime    Last Run
------------------------------------  -----  ---------  --------  ----------  --------------  -------------------
/opt/airflow/dags/retailpulse_dag.py                           1           0  0.28s           2026-08-27T03:24:06
================================================================================
[2026-08-27T03:24:45.041+0000] {manager.py:879} INFO - 
================================================================================
DAG File Processing Stats

File Path                             PID    Runtime      # DAGs    # Errors  Last Runtime    Last Run
------------------------------------  -----  ---------  --------  ----------  --------------  -------------------
/opt/airflow/dags/retailpulse_dag.py                           1           0  0.26s           2026-08-27T03:24:37
================================================================================
[2026-08-27T03:25:15.663+0000] {manager.py:879} INFO - 
================================================================================
DAG File Processing Stats

File Path                             PID    Runtime      # DAGs    # Errors  Last Runtime    Last Run
------------------------------------  -----  ---------  --------  ----------  --------------  -------------------
/opt/airflow/dags/retailpulse_dag.py                           1           0  0.29s           2026-08-27T03:25:07
================================================================================
[2026-08-27T03:25:46.097+0000] {manager.py:879} INFO - 
================================================================================
DAG File Processing Stats

File Path                             PID    Runtime      # DAGs    # Errors  Last Runtime    Last Run
------------------------------------  -----  ---------  --------  ----------  --------------  -------------------
/opt/airflow/dags/retailpulse_dag.py                           1           0  0.28s           2026-08-27T03:25:38
================================================================================
[2026-08-27T03:26:02.292+0000] {manager.py:738} INFO - Searching for files in /opt/airflow/dags
[2026-08-27T03:26:02.331+0000] {manager.py:741} INFO - There are 1 files in /opt/airflow/dags
[2026-08-27T03:26:16.720+0000] {manager.py:879} INFO - 
================================================================================
DAG File Processing Stats

File Path                             PID    Runtime      # DAGs    # Errors  Last Runtime    Last Run
------------------------------------  -----  ---------  --------  ----------  --------------  -------------------
/opt/airflow/dags/retailpulse_dag.py                           1           0  0.27s           2026-08-27T03:26:08
================================================================================
[2026-08-27T03:26:47.190+0000] {manager.py:879} INFO - 
================================================================================
DAG File Processing Stats

File Path                             PID    Runtime      # DAGs    # Errors  Last Runtime    Last Run
------------------------------------  -----  ---------  --------  ----------  --------------  -------------------
/opt/airflow/dags/retailpulse_dag.py                           1           0  0.27s           2026-08-27T03:26:39
================================================================================
[2026-08-27T03:27:17.892+0000] {manager.py:879} INFO - 
================================================================================
DAG File Processing Stats

File Path                             PID    Runtime      # DAGs    # Errors  Last Runtime    Last Run
------------------------------------  -----  ---------  --------  ----------  --------------  -------------------
/opt/airflow/dags/retailpulse_dag.py                           1           0  0.36s           2026-08-27T03:27:09
================================================================================
[2026-08-27T03:27:48.390+0000] {manager.py:879} INFO - 
================================================================================
DAG File Processing Stats

File Path                             PID    Runtime      # DAGs    # Errors  Last Runtime    Last Run
------------------------------------  -----  ---------  --------  ----------  --------------  -------------------
/opt/airflow/dags/retailpulse_dag.py                           1           0  0.28s           2026-08-27T03:27:40
================================================================================
[2026-08-27T03:28:19.047+0000] {manager.py:879} INFO - 
================================================================================
DAG File Processing Stats

File Path                             PID    Runtime      # DAGs    # Errors  Last Runtime    Last Run
------------------------------------  -----  ---------  --------  ----------  --------------  -------------------
/opt/airflow/dags/retailpulse_dag.py                           1           0  0.48s           2026-08-27T03:28:11
================================================================================
[2026-08-27T03:28:49.442+0000] {manager.py:879} INFO - 
================================================================================
DAG File Processing Stats

File Path                             PID    Runtime      # DAGs    # Errors  Last Runtime    Last Run
------------------------------------  -----  ---------  --------  ----------  --------------  -------------------
/opt/airflow/dags/retailpulse_dag.py                           1           0  0.27s           2026-08-27T03:28:41
================================================================================
[2026-08-27T03:29:19.848+0000] {manager.py:879} INFO - 
================================================================================
DAG File Processing Stats

File Path                             PID    Runtime      # DAGs    # Errors  Last Runtime    Last Run
------------------------------------  -----  ---------  --------  ----------  --------------  -------------------
/opt/airflow/dags/retailpulse_dag.py                           1           0  0.24s           2026-08-27T03:29:11
================================================================================
[2026-08-27T03:29:50.482+0000] {manager.py:879} INFO - 
================================================================================
DAG File Processing Stats

File Path                             PID    Runtime      # DAGs    # Errors  Last Runtime    Last Run
------------------------------------  -----  ---------  --------  ----------  --------------  -------------------
/opt/airflow/dags/retailpulse_dag.py                           1           0  0.25s           2026-08-27T03:29:42
================================================================================
[2026-08-27T03:30:20.952+0000] {manager.py:879} INFO - 
================================================================================
DAG File Processing Stats

File Path                             PID    Runtime      # DAGs    # Errors  Last Runtime    Last Run
------------------------------------  -----  ---------  --------  ----------  --------------  -------------------
/opt/airflow/dags/retailpulse_dag.py                           1           0  0.27s           2026-08-27T03:30:13
================================================================================
[2026-08-27T03:30:51.633+0000] {manager.py:879} INFO - 
================================================================================
DAG File Processing Stats

File Path                             PID    Runtime      # DAGs    # Errors  Last Runtime    Last Run
------------------------------------  -----  ---------  --------  ----------  --------------  -------------------
/opt/airflow/dags/retailpulse_dag.py                           1           0  0.30s           2026-08-27T03:30:43
================================================================================
[2026-08-27T03:31:02.782+0000] {manager.py:738} INFO - Searching for files in /opt/airflow/dags
[2026-08-27T03:31:02.856+0000] {manager.py:741} INFO - There are 1 files in /opt/airflow/dags
[2026-08-27T03:31:22.298+0000] {manager.py:879} INFO - 
================================================================================
DAG File Processing Stats

File Path                             PID    Runtime      # DAGs    # Errors  Last Runtime    Last Run
------------------------------------  -----  ---------  --------  ----------  --------------  -------------------
/opt/airflow/dags/retailpulse_dag.py                           1           0  0.27s           2026-08-27T03:31:14
================================================================================
[2026-08-27T03:31:52.860+0000] {manager.py:879} INFO - 
================================================================================
DAG File Processing Stats

File Path                             PID    Runtime      # DAGs    # Errors  Last Runtime    Last Run
------------------------------------  -----  ---------  --------  ----------  --------------  -------------------
/opt/airflow/dags/retailpulse_dag.py                           1           0  0.24s           2026-08-27T03:31:44
================================================================================
[2026-08-27T03:32:23.446+0000] {manager.py:879} INFO - 
================================================================================
DAG File Processing Stats

File Path                             PID    Runtime      # DAGs    # Errors  Last Runtime    Last Run
------------------------------------  -----  ---------  --------  ----------  --------------  -------------------
/opt/airflow/dags/retailpulse_dag.py                           1           0  0.26s           2026-08-27T03:32:15
================================================================================
[2026-08-27T03:32:54.060+0000] {manager.py:879} INFO - 
================================================================================
DAG File Processing Stats

File Path                             PID    Runtime      # DAGs    # Errors  Last Runtime    Last Run
------------------------------------  -----  ---------  --------  ----------  --------------  -------------------
/opt/airflow/dags/retailpulse_dag.py                           1           0  0.30s           2026-08-27T03:32:46
================================================================================
[2026-08-27T03:33:24.592+0000] {manager.py:879} INFO - 
================================================================================
DAG File Processing Stats

File Path                             PID    Runtime      # DAGs    # Errors  Last Runtime    Last Run
------------------------------------  -----  ---------  --------  ----------  --------------  -------------------
/opt/airflow/dags/retailpulse_dag.py                           1           0  0.29s           2026-08-27T03:33:16
================================================================================
[2026-08-27T03:33:55.279+0000] {manager.py:879} INFO - 
================================================================================
DAG File Processing Stats

File Path                             PID    Runtime      # DAGs    # Errors  Last Runtime    Last Run
------------------------------------  -----  ---------  --------  ----------  --------------  -------------------
/opt/airflow/dags/retailpulse_dag.py                           1           0  0.41s           2026-08-27T03:33:47
================================================================================
[2026-08-27T03:34:25.982+0000] {manager.py:879} INFO - 
================================================================================
DAG File Processing Stats

File Path                             PID    Runtime      # DAGs    # Errors  Last Runtime    Last Run
------------------------------------  -----  ---------  --------  ----------  --------------  -------------------
/opt/airflow/dags/retailpulse_dag.py                           1           0  0.26s           2026-08-27T03:34:17
================================================================================
[2026-08-27T03:34:56.590+0000] {manager.py:879} INFO - 
================================================================================
DAG File Processing Stats

File Path                             PID    Runtime      # DAGs    # Errors  Last Runtime    Last Run
------------------------------------  -----  ---------  --------  ----------  --------------  -------------------
/opt/airflow/dags/retailpulse_dag.py                           1           0  0.29s           2026-08-27T03:34:48
================================================================================
[2026-08-27T03:35:27.215+0000] {manager.py:879} INFO - 
================================================================================
DAG File Processing Stats

File Path                             PID    Runtime      # DAGs    # Errors  Last Runtime    Last Run
------------------------------------  -----  ---------  --------  ----------  --------------  -------------------
/opt/airflow/dags/retailpulse_dag.py                           1           0  0.29s           2026-08-27T03:35:19
================================================================================
[2026-08-27T03:35:57.715+0000] {manager.py:879} INFO - 
================================================================================
DAG File Processing Stats

File Path                             PID    Runtime      # DAGs    # Errors  Last Runtime    Last Run
------------------------------------  -----  ---------  --------  ----------  --------------  -------------------
/opt/airflow/dags/retailpulse_dag.py                           1           0  0.28s           2026-08-27T03:35:49
================================================================================
[2026-08-27T03:36:02.993+0000] {manager.py:738} INFO - Searching for files in /opt/airflow/dags
[2026-08-27T03:36:03.032+0000] {manager.py:741} INFO - There are 1 files in /opt/airflow/dags
[2026-08-27T03:36:28.412+0000] {manager.py:879} INFO - 
================================================================================
DAG File Processing Stats

File Path                             PID    Runtime      # DAGs    # Errors  Last Runtime    Last Run
------------------------------------  -----  ---------  --------  ----------  --------------  -------------------
/opt/airflow/dags/retailpulse_dag.py                           1           0  0.27s           2026-08-27T03:36:20
================================================================================
[2026-08-27T03:36:58.963+0000] {manager.py:879} INFO - 
================================================================================
DAG File Processing Stats

File Path                             PID    Runtime      # DAGs    # Errors  Last Runtime    Last Run
------------------------------------  -----  ---------  --------  ----------  --------------  -------------------
/opt/airflow/dags/retailpulse_dag.py                           1           0  0.27s           2026-08-27T03:36:51
================================================================================
[2026-08-27T03:37:29.605+0000] {manager.py:879} INFO - 
================================================================================
DAG File Processing Stats

File Path                             PID    Runtime      # DAGs    # Errors  Last Runtime    Last Run
------------------------------------  -----  ---------  --------  ----------  --------------  -------------------
/opt/airflow/dags/retailpulse_dag.py                           1           0  0.27s           2026-08-27T03:37:21
================================================================================
[2026-08-27T03:38:00.075+0000] {manager.py:879} INFO - 
================================================================================
DAG File Processing Stats

File Path                             PID    Runtime      # DAGs    # Errors  Last Runtime    Last Run
------------------------------------  -----  ---------  --------  ----------  --------------  -------------------
/opt/airflow/dags/retailpulse_dag.py                           1           0  0.28s           2026-08-27T03:37:52
================================================================================
[2026-08-27T03:38:30.748+0000] {manager.py:879} INFO - 
================================================================================
DAG File Processing Stats

File Path                             PID    Runtime      # DAGs    # Errors  Last Runtime    Last Run
------------------------------------  -----  ---------  --------  ----------  --------------  -------------------
/opt/airflow/dags/retailpulse_dag.py                           1           0  0.29s           2026-08-27T03:38:22
================================================================================
[2026-08-27T03:39:01.250+0000] {manager.py:879} INFO - 
================================================================================
DAG File Processing Stats

File Path                             PID    Runtime      # DAGs    # Errors  Last Runtime    Last Run
------------------------------------  -----  ---------  --------  ----------  --------------  -------------------
/opt/airflow/dags/retailpulse_dag.py                           1           0  0.24s           2026-08-27T03:38:53
================================================================================
[2026-08-27T03:39:31.861+0000] {manager.py:879} INFO - 
================================================================================
DAG File Processing Stats

File Path                             PID    Runtime      # DAGs    # Errors  Last Runtime    Last Run
------------------------------------  -----  ---------  --------  ----------  --------------  -------------------
/opt/airflow/dags/retailpulse_dag.py                           1           0  0.26s           2026-08-27T03:39:23
================================================================================
[2026-08-27T03:40:02.336+0000] {manager.py:879} INFO - 
================================================================================
DAG File Processing Stats

File Path                             PID    Runtime      # DAGs    # Errors  Last Runtime    Last Run
------------------------------------  -----  ---------  --------  ----------  --------------  -------------------
/opt/airflow/dags/retailpulse_dag.py                           1           0  0.26s           2026-08-27T03:39:54
================================================================================
[2026-08-27T03:40:32.961+0000] {manager.py:879} INFO - 
================================================================================
DAG File Processing Stats

File Path                             PID    Runtime      # DAGs    # Errors  Last Runtime    Last Run
------------------------------------  -----  ---------  --------  ----------  --------------  -------------------
/opt/airflow/dags/retailpulse_dag.py                           1           0  0.26s           2026-08-27T03:40:24
================================================================================
[2026-08-27T03:41:03.495+0000] {manager.py:738} INFO - Searching for files in /opt/airflow/dags
[2026-08-27T03:41:03.599+0000] {manager.py:741} INFO - There are 1 files in /opt/airflow/dags
[2026-08-27T03:41:03.628+0000] {manager.py:879} INFO - 
================================================================================
DAG File Processing Stats

File Path                             PID    Runtime      # DAGs    # Errors  Last Runtime    Last Run
------------------------------------  -----  ---------  --------  ----------  --------------  -------------------
/opt/airflow/dags/retailpulse_dag.py                           1           0  0.26s           2026-08-27T03:40:55
================================================================================
[2026-08-27T03:41:34.110+0000] {manager.py:879} INFO - 
================================================================================
DAG File Processing Stats

File Path                             PID    Runtime      # DAGs    # Errors  Last Runtime    Last Run
------------------------------------  -----  ---------  --------  ----------  --------------  -------------------
/opt/airflow/dags/retailpulse_dag.py                           1           0  0.26s           2026-08-27T03:41:26
================================================================================
[2026-08-27T03:42:04.762+0000] {manager.py:879} INFO - 
================================================================================
DAG File Processing Stats

File Path                             PID    Runtime      # DAGs    # Errors  Last Runtime    Last Run
------------------------------------  -----  ---------  --------  ----------  --------------  -------------------
/opt/airflow/dags/retailpulse_dag.py                           1           0  0.25s           2026-08-27T03:41:56
================================================================================
[2026-08-27T03:42:35.306+0000] {manager.py:879} INFO - 
================================================================================
DAG File Processing Stats

File Path                             PID    Runtime      # DAGs    # Errors  Last Runtime    Last Run
------------------------------------  -----  ---------  --------  ----------  --------------  -------------------
/opt/airflow/dags/retailpulse_dag.py                           1           0  0.25s           2026-08-27T03:42:27
================================================================================
[2026-08-27T03:43:05.506+0000] {manager.py:879} INFO - 
================================================================================
DAG File Processing Stats

File Path                             PID    Runtime      # DAGs    # Errors  Last Runtime    Last Run
------------------------------------  -----  ---------  --------  ----------  --------------  -------------------
/opt/airflow/dags/retailpulse_dag.py                           1           0  0.65s           2026-08-27T03:42:58
================================================================================
[2026-08-27T05:20:24.667+0000] {manager.py:738} INFO - Searching for files in /opt/airflow/dags
[2026-08-27T05:20:34.143+0000] {manager.py:741} INFO - There are 1 files in /opt/airflow/dags
[2026-08-27T05:20:40.200+0000] {manager.py:879} INFO - 
================================================================================
DAG File Processing Stats

File Path                             PID    Runtime      # DAGs    # Errors  Last Runtime    Last Run
------------------------------------  -----  ---------  --------  ----------  --------------  -------------------
/opt/airflow/dags/retailpulse_dag.py                           1           0  2.78s           2026-08-27T05:20:38
================================================================================
[2026-08-27T05:21:10.544+0000] {manager.py:879} INFO - 
================================================================================
DAG File Processing Stats

File Path                             PID    Runtime      # DAGs    # Errors  Last Runtime    Last Run
------------------------------------  -----  ---------  --------  ----------  --------------  -------------------
/opt/airflow/dags/retailpulse_dag.py                           1           0  0.35s           2026-08-27T05:21:08
================================================================================
[2026-08-27T05:21:40.839+0000] {manager.py:879} INFO - 
================================================================================
DAG File Processing Stats

File Path                             PID    Runtime      # DAGs    # Errors  Last Runtime    Last Run
------------------------------------  -----  ---------  --------  ----------  --------------  -------------------
/opt/airflow/dags/retailpulse_dag.py                           1           0  0.32s           2026-08-27T05:21:39
================================================================================
[2026-08-27T05:22:11.352+0000] {manager.py:879} INFO - 
================================================================================
DAG File Processing Stats

File Path                             PID    Runtime      # DAGs    # Errors  Last Runtime    Last Run
------------------------------------  -----  ---------  --------  ----------  --------------  -------------------
/opt/airflow/dags/retailpulse_dag.py                           1           0  0.34s           2026-08-27T05:22:09
================================================================================
[2026-08-27T05:22:41.438+0000] {manager.py:879} INFO - 
================================================================================
DAG File Processing Stats

File Path                             PID    Runtime      # DAGs    # Errors  Last Runtime    Last Run
------------------------------------  -----  ---------  --------  ----------  --------------  -------------------
/opt/airflow/dags/retailpulse_dag.py                           1           0  0.30s           2026-08-27T05:22:40
================================================================================
[2026-08-27T05:23:11.732+0000] {manager.py:879} INFO - 
================================================================================
DAG File Processing Stats

File Path                             PID    Runtime      # DAGs    # Errors  Last Runtime    Last Run
------------------------------------  -----  ---------  --------  ----------  --------------  -------------------
/opt/airflow/dags/retailpulse_dag.py                           1           0  0.26s           2026-08-27T05:23:10
================================================================================
[2026-08-27T05:23:42.131+0000] {manager.py:879} INFO - 
================================================================================
DAG File Processing Stats

File Path                             PID    Runtime      # DAGs    # Errors  Last Runtime    Last Run
------------------------------------  -----  ---------  --------  ----------  --------------  -------------------
/opt/airflow/dags/retailpulse_dag.py                           1           0  0.52s           2026-08-27T05:23:41
================================================================================
[2026-08-27T05:24:12.168+0000] {manager.py:879} INFO - 
================================================================================
DAG File Processing Stats

File Path                             PID    Runtime      # DAGs    # Errors  Last Runtime    Last Run
------------------------------------  -----  ---------  --------  ----------  --------------  -------------------
/opt/airflow/dags/retailpulse_dag.py                           1           0  0.29s           2026-08-27T05:24:12
================================================================================
[2026-08-27T05:24:42.240+0000] {manager.py:879} INFO - 
================================================================================
DAG File Processing Stats

File Path                               PID  Runtime      # DAGs    # Errors  Last Runtime    Last Run
------------------------------------  -----  ---------  --------  ----------  --------------  -------------------
/opt/airflow/dags/retailpulse_dag.py   6768  0.01s             1           0  0.29s           2026-08-27T05:24:12
================================================================================
[2026-08-27T05:25:12.512+0000] {manager.py:879} INFO - 
================================================================================
DAG File Processing Stats

File Path                             PID    Runtime      # DAGs    # Errors  Last Runtime    Last Run
------------------------------------  -----  ---------  --------  ----------  --------------  -------------------
/opt/airflow/dags/retailpulse_dag.py                           1           0  0.28s           2026-08-27T05:24:42
================================================================================
[2026-08-27T05:25:25.003+0000] {manager.py:738} INFO - Searching for files in /opt/airflow/dags
[2026-08-27T05:25:25.074+0000] {manager.py:741} INFO - There are 1 files in /opt/airflow/dags
[2026-08-27T05:25:42.791+0000] {manager.py:879} INFO - 
================================================================================
DAG File Processing Stats

File Path                             PID    Runtime      # DAGs    # Errors  Last Runtime    Last Run
------------------------------------  -----  ---------  --------  ----------  --------------  -------------------
/opt/airflow/dags/retailpulse_dag.py                           1           0  0.48s           2026-08-27T05:25:13
================================================================================
[2026-08-27T05:26:03.354+0000] {manager.py:451} INFO - Exiting gracefully upon receiving signal 15
