[2026-08-26T12:15:23.037+0000] {processor.py:161} INFO - Started process (PID=163) to work on /opt/airflow/dags/retailpulse_dag.py
[2026-08-26T12:15:23.040+0000] {processor.py:830} INFO - Processing file /opt/airflow/dags/retailpulse_dag.py for tasks to queue
[2026-08-26T12:15:23.045+0000] {logging_mixin.py:188} INFO - [2026-08-26T12:15:23.044+0000] {dagbag.py:538} INFO - Filling up the DagBag from /opt/airflow/dags/retailpulse_dag.py
[2026-08-26T12:15:23.157+0000] {processor.py:840} INFO - DAG(s) 'retailpulse_medallion_pipeline' retrieved from /opt/airflow/dags/retailpulse_dag.py
[2026-08-26T12:15:23.957+0000] {logging_mixin.py:188} INFO - [2026-08-26T12:15:23.956+0000] {override.py:1769} INFO - Created Permission View: can edit on DAG:retailpulse_medallion_pipeline
[2026-08-26T12:15:23.991+0000] {logging_mixin.py:188} INFO - [2026-08-26T12:15:23.990+0000] {override.py:1769} INFO - Created Permission View: can read on DAG:retailpulse_medallion_pipeline
[2026-08-26T12:15:24.009+0000] {logging_mixin.py:188} INFO - [2026-08-26T12:15:24.009+0000] {override.py:1769} INFO - Created Permission View: can delete on DAG:retailpulse_medallion_pipeline
[2026-08-26T12:15:24.014+0000] {logging_mixin.py:188} INFO - [2026-08-26T12:15:24.014+0000] {dag.py:3036} INFO - Sync 1 DAGs
[2026-08-26T12:15:24.040+0000] {logging_mixin.py:188} INFO - [2026-08-26T12:15:24.040+0000] {dag.py:3058} INFO - Creating ORM DAG for retailpulse_medallion_pipeline
[2026-08-26T12:15:24.069+0000] {logging_mixin.py:188} INFO - [2026-08-26T12:15:24.068+0000] {dag.py:3823} INFO - Setting next_dagrun for retailpulse_medallion_pipeline to 2026-08-25 00:00:00+00:00, run_after=2026-08-26 00:00:00+00:00
[2026-08-26T12:15:24.136+0000] {processor.py:183} INFO - Processing /opt/airflow/dags/retailpulse_dag.py took 1.106 seconds
[2026-08-26T12:15:54.752+0000] {processor.py:161} INFO - Started process (PID=168) to work on /opt/airflow/dags/retailpulse_dag.py
[2026-08-26T12:15:54.754+0000] {processor.py:830} INFO - Processing file /opt/airflow/dags/retailpulse_dag.py for tasks to queue
[2026-08-26T12:15:54.757+0000] {logging_mixin.py:188} INFO - [2026-08-26T12:15:54.757+0000] {dagbag.py:538} INFO - Filling up the DagBag from /opt/airflow/dags/retailpulse_dag.py
[2026-08-26T12:15:54.902+0000] {processor.py:840} INFO - DAG(s) 'retailpulse_medallion_pipeline' retrieved from /opt/airflow/dags/retailpulse_dag.py
[2026-08-26T12:15:55.004+0000] {logging_mixin.py:188} INFO - [2026-08-26T12:15:55.003+0000] {dag.py:3036} INFO - Sync 1 DAGs
[2026-08-26T12:15:55.061+0000] {logging_mixin.py:188} INFO - [2026-08-26T12:15:55.061+0000] {dag.py:3823} INFO - Setting next_dagrun for retailpulse_medallion_pipeline to 2026-08-25 00:00:00+00:00, run_after=2026-08-26 00:00:00+00:00
[2026-08-26T12:15:55.102+0000] {processor.py:183} INFO - Processing /opt/airflow/dags/retailpulse_dag.py took 0.358 seconds
[2026-08-26T12:16:25.539+0000] {processor.py:161} INFO - Started process (PID=230) to work on /opt/airflow/dags/retailpulse_dag.py
[2026-08-26T12:16:25.543+0000] {processor.py:830} INFO - Processing file /opt/airflow/dags/retailpulse_dag.py for tasks to queue
[2026-08-26T12:16:25.547+0000] {logging_mixin.py:188} INFO - [2026-08-26T12:16:25.546+0000] {dagbag.py:538} INFO - Filling up the DagBag from /opt/airflow/dags/retailpulse_dag.py
[2026-08-26T12:16:25.651+0000] {processor.py:840} INFO - DAG(s) 'retailpulse_medallion_pipeline' retrieved from /opt/airflow/dags/retailpulse_dag.py
[2026-08-26T12:16:25.808+0000] {logging_mixin.py:188} INFO - [2026-08-26T12:16:25.807+0000] {dag.py:3036} INFO - Sync 1 DAGs
[2026-08-26T12:16:25.867+0000] {logging_mixin.py:188} INFO - [2026-08-26T12:16:25.867+0000] {dag.py:3823} INFO - Setting next_dagrun for retailpulse_medallion_pipeline to 2026-08-26 00:00:00+00:00, run_after=2026-08-27 00:00:00+00:00
[2026-08-26T12:16:25.939+0000] {processor.py:183} INFO - Processing /opt/airflow/dags/retailpulse_dag.py took 0.422 seconds
[2026-08-26T12:16:56.821+0000] {processor.py:161} INFO - Started process (PID=236) to work on /opt/airflow/dags/retailpulse_dag.py
[2026-08-26T12:16:56.832+0000] {processor.py:830} INFO - Processing file /opt/airflow/dags/retailpulse_dag.py for tasks to queue
[2026-08-26T12:16:56.837+0000] {logging_mixin.py:188} INFO - [2026-08-26T12:16:56.836+0000] {dagbag.py:538} INFO - Filling up the DagBag from /opt/airflow/dags/retailpulse_dag.py
[2026-08-26T12:16:56.992+0000] {processor.py:840} INFO - DAG(s) 'retailpulse_medallion_pipeline' retrieved from /opt/airflow/dags/retailpulse_dag.py
[2026-08-26T12:16:57.299+0000] {logging_mixin.py:188} INFO - [2026-08-26T12:16:57.298+0000] {dag.py:3036} INFO - Sync 1 DAGs
[2026-08-26T12:16:57.426+0000] {logging_mixin.py:188} INFO - [2026-08-26T12:16:57.424+0000] {dag.py:3823} INFO - Setting next_dagrun for retailpulse_medallion_pipeline to 2026-08-26 00:00:00+00:00, run_after=2026-08-27 00:00:00+00:00
[2026-08-26T12:16:57.520+0000] {processor.py:183} INFO - Processing /opt/airflow/dags/retailpulse_dag.py took 0.729 seconds
[2026-08-26T12:17:27.703+0000] {processor.py:161} INFO - Started process (PID=308) to work on /opt/airflow/dags/retailpulse_dag.py
[2026-08-26T12:17:27.706+0000] {processor.py:830} INFO - Processing file /opt/airflow/dags/retailpulse_dag.py for tasks to queue
[2026-08-26T12:17:29.489+0000] {logging_mixin.py:188} INFO - [2026-08-26T12:17:27.707+0000] {dagbag.py:538} INFO - Filling up the DagBag from /opt/airflow/dags/retailpulse_dag.py
[2026-08-26T12:17:30.351+0000] {processor.py:840} INFO - DAG(s) 'retailpulse_medallion_pipeline' retrieved from /opt/airflow/dags/retailpulse_dag.py
[2026-08-26T12:17:30.832+0000] {logging_mixin.py:188} INFO - [2026-08-26T12:17:30.832+0000] {dag.py:3036} INFO - Sync 1 DAGs
[2026-08-26T12:17:31.082+0000] {logging_mixin.py:188} INFO - [2026-08-26T12:17:31.081+0000] {dag.py:3823} INFO - Setting next_dagrun for retailpulse_medallion_pipeline to 2026-08-26 00:00:00+00:00, run_after=2026-08-27 00:00:00+00:00
[2026-08-26T12:17:31.283+0000] {processor.py:183} INFO - Processing /opt/airflow/dags/retailpulse_dag.py took 3.587 seconds
[2026-08-26T12:18:02.020+0000] {processor.py:161} INFO - Started process (PID=324) to work on /opt/airflow/dags/retailpulse_dag.py
[2026-08-26T12:18:02.031+0000] {processor.py:830} INFO - Processing file /opt/airflow/dags/retailpulse_dag.py for tasks to queue
[2026-08-26T12:18:02.049+0000] {logging_mixin.py:188} INFO - [2026-08-26T12:18:02.041+0000] {dagbag.py:538} INFO - Filling up the DagBag from /opt/airflow/dags/retailpulse_dag.py
[2026-08-26T12:18:02.361+0000] {processor.py:840} INFO - DAG(s) 'retailpulse_medallion_pipeline' retrieved from /opt/airflow/dags/retailpulse_dag.py
[2026-08-26T12:18:02.562+0000] {logging_mixin.py:188} INFO - [2026-08-26T12:18:02.562+0000] {dag.py:3036} INFO - Sync 1 DAGs
[2026-08-26T12:18:02.825+0000] {logging_mixin.py:188} INFO - [2026-08-26T12:18:02.822+0000] {dag.py:3823} INFO - Setting next_dagrun for retailpulse_medallion_pipeline to 2026-08-26 00:00:00+00:00, run_after=2026-08-27 00:00:00+00:00
[2026-08-26T12:18:02.891+0000] {processor.py:183} INFO - Processing /opt/airflow/dags/retailpulse_dag.py took 0.913 seconds
[2026-08-26T12:18:33.311+0000] {processor.py:161} INFO - Started process (PID=332) to work on /opt/airflow/dags/retailpulse_dag.py
[2026-08-26T12:18:33.314+0000] {processor.py:830} INFO - Processing file /opt/airflow/dags/retailpulse_dag.py for tasks to queue
[2026-08-26T12:18:33.316+0000] {logging_mixin.py:188} INFO - [2026-08-26T12:18:33.316+0000] {dagbag.py:538} INFO - Filling up the DagBag from /opt/airflow/dags/retailpulse_dag.py
[2026-08-26T12:18:33.375+0000] {processor.py:840} INFO - DAG(s) 'retailpulse_medallion_pipeline' retrieved from /opt/airflow/dags/retailpulse_dag.py
[2026-08-26T12:18:33.479+0000] {logging_mixin.py:188} INFO - [2026-08-26T12:18:33.479+0000] {dag.py:3036} INFO - Sync 1 DAGs
[2026-08-26T12:18:33.533+0000] {logging_mixin.py:188} INFO - [2026-08-26T12:18:33.532+0000] {dag.py:3823} INFO - Setting next_dagrun for retailpulse_medallion_pipeline to 2026-08-26 00:00:00+00:00, run_after=2026-08-27 00:00:00+00:00
[2026-08-26T12:18:33.571+0000] {processor.py:183} INFO - Processing /opt/airflow/dags/retailpulse_dag.py took 0.274 seconds
[2026-08-26T12:19:04.766+0000] {processor.py:161} INFO - Started process (PID=369) to work on /opt/airflow/dags/retailpulse_dag.py
[2026-08-26T12:19:05.178+0000] {processor.py:830} INFO - Processing file /opt/airflow/dags/retailpulse_dag.py for tasks to queue
[2026-08-26T12:19:05.606+0000] {logging_mixin.py:188} INFO - [2026-08-26T12:19:05.604+0000] {dagbag.py:538} INFO - Filling up the DagBag from /opt/airflow/dags/retailpulse_dag.py
[2026-08-26T12:19:10.088+0000] {processor.py:840} INFO - DAG(s) 'retailpulse_medallion_pipeline' retrieved from /opt/airflow/dags/retailpulse_dag.py
[2026-08-26T12:19:11.065+0000] {logging_mixin.py:188} INFO - [2026-08-26T12:19:11.064+0000] {dag.py:3036} INFO - Sync 1 DAGs
[2026-08-26T12:19:13.803+0000] {logging_mixin.py:188} INFO - [2026-08-26T12:19:13.802+0000] {dag.py:3823} INFO - Setting next_dagrun for retailpulse_medallion_pipeline to 2026-08-26 00:00:00+00:00, run_after=2026-08-27 00:00:00+00:00
[2026-08-26T12:19:14.441+0000] {processor.py:183} INFO - Processing /opt/airflow/dags/retailpulse_dag.py took 9.694 seconds
[2026-08-26T12:19:48.592+0000] {processor.py:161} INFO - Started process (PID=396) to work on /opt/airflow/dags/retailpulse_dag.py
[2026-08-26T12:19:48.655+0000] {processor.py:830} INFO - Processing file /opt/airflow/dags/retailpulse_dag.py for tasks to queue
[2026-08-26T12:19:48.737+0000] {logging_mixin.py:188} INFO - [2026-08-26T12:19:48.689+0000] {dagbag.py:538} INFO - Filling up the DagBag from /opt/airflow/dags/retailpulse_dag.py
[2026-08-26T12:19:49.479+0000] {processor.py:840} INFO - DAG(s) 'retailpulse_medallion_pipeline' retrieved from /opt/airflow/dags/retailpulse_dag.py
[2026-08-26T12:19:50.020+0000] {logging_mixin.py:188} INFO - [2026-08-26T12:19:50.019+0000] {dag.py:3036} INFO - Sync 1 DAGs
[2026-08-26T12:19:50.339+0000] {logging_mixin.py:188} INFO - [2026-08-26T12:19:50.338+0000] {dag.py:3823} INFO - Setting next_dagrun for retailpulse_medallion_pipeline to 2026-08-26 00:00:00+00:00, run_after=2026-08-27 00:00:00+00:00
[2026-08-26T12:19:50.514+0000] {processor.py:183} INFO - Processing /opt/airflow/dags/retailpulse_dag.py took 2.070 seconds
[2026-08-26T12:20:21.156+0000] {processor.py:161} INFO - Started process (PID=401) to work on /opt/airflow/dags/retailpulse_dag.py
[2026-08-26T12:20:21.169+0000] {processor.py:830} INFO - Processing file /opt/airflow/dags/retailpulse_dag.py for tasks to queue
[2026-08-26T12:20:21.174+0000] {logging_mixin.py:188} INFO - [2026-08-26T12:20:21.174+0000] {dagbag.py:538} INFO - Filling up the DagBag from /opt/airflow/dags/retailpulse_dag.py
[2026-08-26T12:20:21.447+0000] {processor.py:840} INFO - DAG(s) 'retailpulse_medallion_pipeline' retrieved from /opt/airflow/dags/retailpulse_dag.py
[2026-08-26T12:20:22.265+0000] {logging_mixin.py:188} INFO - [2026-08-26T12:20:22.262+0000] {dag.py:3036} INFO - Sync 1 DAGs
[2026-08-26T12:20:23.213+0000] {logging_mixin.py:188} INFO - [2026-08-26T12:20:23.213+0000] {dag.py:3823} INFO - Setting next_dagrun for retailpulse_medallion_pipeline to 2026-08-26 00:00:00+00:00, run_after=2026-08-27 00:00:00+00:00
[2026-08-26T12:20:23.482+0000] {processor.py:183} INFO - Processing /opt/airflow/dags/retailpulse_dag.py took 2.343 seconds
[2026-08-26T12:20:57.121+0000] {processor.py:161} INFO - Started process (PID=406) to work on /opt/airflow/dags/retailpulse_dag.py
[2026-08-26T12:20:57.173+0000] {processor.py:830} INFO - Processing file /opt/airflow/dags/retailpulse_dag.py for tasks to queue
[2026-08-26T12:20:57.591+0000] {logging_mixin.py:188} INFO - [2026-08-26T12:20:57.590+0000] {dagbag.py:538} INFO - Filling up the DagBag from /opt/airflow/dags/retailpulse_dag.py
[2026-08-26T12:21:04.647+0000] {processor.py:840} INFO - DAG(s) 'retailpulse_medallion_pipeline' retrieved from /opt/airflow/dags/retailpulse_dag.py
[2026-08-26T12:21:08.281+0000] {logging_mixin.py:188} INFO - [2026-08-26T12:21:08.280+0000] {dag.py:3036} INFO - Sync 1 DAGs
[2026-08-26T12:21:10.081+0000] {logging_mixin.py:188} INFO - [2026-08-26T12:21:10.078+0000] {dag.py:3823} INFO - Setting next_dagrun for retailpulse_medallion_pipeline to 2026-08-26 00:00:00+00:00, run_after=2026-08-27 00:00:00+00:00
[2026-08-26T12:21:10.847+0000] {processor.py:183} INFO - Processing /opt/airflow/dags/retailpulse_dag.py took 14.834 seconds
[2026-08-26T12:21:41.502+0000] {processor.py:161} INFO - Started process (PID=411) to work on /opt/airflow/dags/retailpulse_dag.py
[2026-08-26T12:21:41.517+0000] {processor.py:830} INFO - Processing file /opt/airflow/dags/retailpulse_dag.py for tasks to queue
[2026-08-26T12:21:41.573+0000] {logging_mixin.py:188} INFO - [2026-08-26T12:21:41.572+0000] {dagbag.py:538} INFO - Filling up the DagBag from /opt/airflow/dags/retailpulse_dag.py
[2026-08-26T12:21:41.770+0000] {processor.py:840} INFO - DAG(s) 'retailpulse_medallion_pipeline' retrieved from /opt/airflow/dags/retailpulse_dag.py
[2026-08-26T12:21:42.274+0000] {logging_mixin.py:188} INFO - [2026-08-26T12:21:42.273+0000] {dag.py:3036} INFO - Sync 1 DAGs
[2026-08-26T12:21:42.465+0000] {logging_mixin.py:188} INFO - [2026-08-26T12:21:42.464+0000] {dag.py:3823} INFO - Setting next_dagrun for retailpulse_medallion_pipeline to 2026-08-26 00:00:00+00:00, run_after=2026-08-27 00:00:00+00:00
[2026-08-26T12:21:42.837+0000] {processor.py:183} INFO - Processing /opt/airflow/dags/retailpulse_dag.py took 1.475 seconds
[2026-08-26T12:22:14.079+0000] {processor.py:161} INFO - Started process (PID=416) to work on /opt/airflow/dags/retailpulse_dag.py
[2026-08-26T12:22:14.087+0000] {processor.py:830} INFO - Processing file /opt/airflow/dags/retailpulse_dag.py for tasks to queue
[2026-08-26T12:22:14.105+0000] {logging_mixin.py:188} INFO - [2026-08-26T12:22:14.104+0000] {dagbag.py:538} INFO - Filling up the DagBag from /opt/airflow/dags/retailpulse_dag.py
[2026-08-26T12:22:14.265+0000] {processor.py:840} INFO - DAG(s) 'retailpulse_medallion_pipeline' retrieved from /opt/airflow/dags/retailpulse_dag.py
[2026-08-26T12:22:14.675+0000] {logging_mixin.py:188} INFO - [2026-08-26T12:22:14.674+0000] {dag.py:3036} INFO - Sync 1 DAGs
[2026-08-26T12:22:14.863+0000] {logging_mixin.py:188} INFO - [2026-08-26T12:22:14.862+0000] {dag.py:3823} INFO - Setting next_dagrun for retailpulse_medallion_pipeline to 2026-08-26 00:00:00+00:00, run_after=2026-08-27 00:00:00+00:00
[2026-08-26T12:22:14.956+0000] {processor.py:183} INFO - Processing /opt/airflow/dags/retailpulse_dag.py took 0.896 seconds
[2026-08-26T12:22:46.297+0000] {processor.py:161} INFO - Started process (PID=421) to work on /opt/airflow/dags/retailpulse_dag.py
[2026-08-26T12:22:46.300+0000] {processor.py:830} INFO - Processing file /opt/airflow/dags/retailpulse_dag.py for tasks to queue
[2026-08-26T12:22:46.303+0000] {logging_mixin.py:188} INFO - [2026-08-26T12:22:46.303+0000] {dagbag.py:538} INFO - Filling up the DagBag from /opt/airflow/dags/retailpulse_dag.py
[2026-08-26T12:22:48.081+0000] {processor.py:840} INFO - DAG(s) 'retailpulse_medallion_pipeline' retrieved from /opt/airflow/dags/retailpulse_dag.py
[2026-08-26T12:22:51.850+0000] {logging_mixin.py:188} INFO - [2026-08-26T12:22:51.839+0000] {dag.py:3036} INFO - Sync 1 DAGs
[2026-08-26T12:22:52.123+0000] {logging_mixin.py:188} INFO - [2026-08-26T12:22:52.123+0000] {dag.py:3823} INFO - Setting next_dagrun for retailpulse_medallion_pipeline to 2026-08-26 00:00:00+00:00, run_after=2026-08-27 00:00:00+00:00
[2026-08-26T12:22:52.376+0000] {processor.py:183} INFO - Processing /opt/airflow/dags/retailpulse_dag.py took 6.085 seconds
[2026-08-26T12:23:23.223+0000] {processor.py:161} INFO - Started process (PID=426) to work on /opt/airflow/dags/retailpulse_dag.py
[2026-08-26T12:23:23.234+0000] {processor.py:830} INFO - Processing file /opt/airflow/dags/retailpulse_dag.py for tasks to queue
[2026-08-26T12:23:23.252+0000] {logging_mixin.py:188} INFO - [2026-08-26T12:23:23.251+0000] {dagbag.py:538} INFO - Filling up the DagBag from /opt/airflow/dags/retailpulse_dag.py
[2026-08-26T12:23:23.468+0000] {processor.py:840} INFO - DAG(s) 'retailpulse_medallion_pipeline' retrieved from /opt/airflow/dags/retailpulse_dag.py
[2026-08-26T12:23:23.927+0000] {logging_mixin.py:188} INFO - [2026-08-26T12:23:23.916+0000] {dag.py:3036} INFO - Sync 1 DAGs
[2026-08-26T12:23:24.075+0000] {logging_mixin.py:188} INFO - [2026-08-26T12:23:24.074+0000] {dag.py:3823} INFO - Setting next_dagrun for retailpulse_medallion_pipeline to 2026-08-26 00:00:00+00:00, run_after=2026-08-27 00:00:00+00:00
[2026-08-26T12:23:24.167+0000] {processor.py:183} INFO - Processing /opt/airflow/dags/retailpulse_dag.py took 0.964 seconds
[2026-08-26T12:23:54.869+0000] {processor.py:161} INFO - Started process (PID=440) to work on /opt/airflow/dags/retailpulse_dag.py
[2026-08-26T12:23:54.872+0000] {processor.py:830} INFO - Processing file /opt/airflow/dags/retailpulse_dag.py for tasks to queue
[2026-08-26T12:23:54.878+0000] {logging_mixin.py:188} INFO - [2026-08-26T12:23:54.876+0000] {dagbag.py:538} INFO - Filling up the DagBag from /opt/airflow/dags/retailpulse_dag.py
[2026-08-26T12:23:55.025+0000] {processor.py:840} INFO - DAG(s) 'retailpulse_medallion_pipeline' retrieved from /opt/airflow/dags/retailpulse_dag.py
[2026-08-26T12:23:55.264+0000] {logging_mixin.py:188} INFO - [2026-08-26T12:23:55.263+0000] {dag.py:3036} INFO - Sync 1 DAGs
[2026-08-26T12:23:55.595+0000] {logging_mixin.py:188} INFO - [2026-08-26T12:23:55.593+0000] {dag.py:3823} INFO - Setting next_dagrun for retailpulse_medallion_pipeline to 2026-08-26 00:00:00+00:00, run_after=2026-08-27 00:00:00+00:00
[2026-08-26T12:23:55.717+0000] {processor.py:183} INFO - Processing /opt/airflow/dags/retailpulse_dag.py took 0.876 seconds
[2026-08-26T12:24:26.577+0000] {processor.py:161} INFO - Started process (PID=578) to work on /opt/airflow/dags/retailpulse_dag.py
[2026-08-26T12:24:26.579+0000] {processor.py:830} INFO - Processing file /opt/airflow/dags/retailpulse_dag.py for tasks to queue
[2026-08-26T12:24:26.582+0000] {logging_mixin.py:188} INFO - [2026-08-26T12:24:26.581+0000] {dagbag.py:538} INFO - Filling up the DagBag from /opt/airflow/dags/retailpulse_dag.py
[2026-08-26T12:24:26.655+0000] {processor.py:840} INFO - DAG(s) 'retailpulse_medallion_pipeline' retrieved from /opt/airflow/dags/retailpulse_dag.py
[2026-08-26T12:24:26.774+0000] {logging_mixin.py:188} INFO - [2026-08-26T12:24:26.774+0000] {dag.py:3036} INFO - Sync 1 DAGs
[2026-08-26T12:24:26.822+0000] {logging_mixin.py:188} INFO - [2026-08-26T12:24:26.821+0000] {dag.py:3823} INFO - Setting next_dagrun for retailpulse_medallion_pipeline to 2026-08-26 00:00:00+00:00, run_after=2026-08-27 00:00:00+00:00
[2026-08-26T12:24:26.854+0000] {processor.py:183} INFO - Processing /opt/airflow/dags/retailpulse_dag.py took 0.285 seconds
[2026-08-26T12:24:57.097+0000] {processor.py:161} INFO - Started process (PID=583) to work on /opt/airflow/dags/retailpulse_dag.py
[2026-08-26T12:24:57.100+0000] {processor.py:830} INFO - Processing file /opt/airflow/dags/retailpulse_dag.py for tasks to queue
[2026-08-26T12:24:57.103+0000] {logging_mixin.py:188} INFO - [2026-08-26T12:24:57.102+0000] {dagbag.py:538} INFO - Filling up the DagBag from /opt/airflow/dags/retailpulse_dag.py
[2026-08-26T12:24:57.158+0000] {processor.py:840} INFO - DAG(s) 'retailpulse_medallion_pipeline' retrieved from /opt/airflow/dags/retailpulse_dag.py
[2026-08-26T12:24:57.263+0000] {logging_mixin.py:188} INFO - [2026-08-26T12:24:57.263+0000] {dag.py:3036} INFO - Sync 1 DAGs
[2026-08-26T12:24:57.314+0000] {logging_mixin.py:188} INFO - [2026-08-26T12:24:57.314+0000] {dag.py:3823} INFO - Setting next_dagrun for retailpulse_medallion_pipeline to 2026-08-26 00:00:00+00:00, run_after=2026-08-27 00:00:00+00:00
[2026-08-26T12:24:57.349+0000] {processor.py:183} INFO - Processing /opt/airflow/dags/retailpulse_dag.py took 0.259 seconds
[2026-08-26T12:25:27.603+0000] {processor.py:161} INFO - Started process (PID=588) to work on /opt/airflow/dags/retailpulse_dag.py
[2026-08-26T12:25:27.608+0000] {processor.py:830} INFO - Processing file /opt/airflow/dags/retailpulse_dag.py for tasks to queue
[2026-08-26T12:25:27.611+0000] {logging_mixin.py:188} INFO - [2026-08-26T12:25:27.610+0000] {dagbag.py:538} INFO - Filling up the DagBag from /opt/airflow/dags/retailpulse_dag.py
[2026-08-26T12:25:27.670+0000] {processor.py:840} INFO - DAG(s) 'retailpulse_medallion_pipeline' retrieved from /opt/airflow/dags/retailpulse_dag.py
[2026-08-26T12:25:27.776+0000] {logging_mixin.py:188} INFO - [2026-08-26T12:25:27.776+0000] {dag.py:3036} INFO - Sync 1 DAGs
[2026-08-26T12:25:27.821+0000] {logging_mixin.py:188} INFO - [2026-08-26T12:25:27.820+0000] {dag.py:3823} INFO - Setting next_dagrun for retailpulse_medallion_pipeline to 2026-08-26 00:00:00+00:00, run_after=2026-08-27 00:00:00+00:00
[2026-08-26T12:25:27.858+0000] {processor.py:183} INFO - Processing /opt/airflow/dags/retailpulse_dag.py took 0.263 seconds
[2026-08-26T12:25:58.102+0000] {processor.py:161} INFO - Started process (PID=593) to work on /opt/airflow/dags/retailpulse_dag.py
[2026-08-26T12:25:58.104+0000] {processor.py:830} INFO - Processing file /opt/airflow/dags/retailpulse_dag.py for tasks to queue
[2026-08-26T12:25:58.107+0000] {logging_mixin.py:188} INFO - [2026-08-26T12:25:58.106+0000] {dagbag.py:538} INFO - Filling up the DagBag from /opt/airflow/dags/retailpulse_dag.py
[2026-08-26T12:25:58.157+0000] {processor.py:840} INFO - DAG(s) 'retailpulse_medallion_pipeline' retrieved from /opt/airflow/dags/retailpulse_dag.py
[2026-08-26T12:25:58.260+0000] {logging_mixin.py:188} INFO - [2026-08-26T12:25:58.259+0000] {dag.py:3036} INFO - Sync 1 DAGs
[2026-08-26T12:25:58.305+0000] {logging_mixin.py:188} INFO - [2026-08-26T12:25:58.304+0000] {dag.py:3823} INFO - Setting next_dagrun for retailpulse_medallion_pipeline to 2026-08-26 00:00:00+00:00, run_after=2026-08-27 00:00:00+00:00
[2026-08-26T12:25:58.347+0000] {processor.py:183} INFO - Processing /opt/airflow/dags/retailpulse_dag.py took 0.253 seconds
[2026-08-26T12:26:28.608+0000] {processor.py:161} INFO - Started process (PID=598) to work on /opt/airflow/dags/retailpulse_dag.py
[2026-08-26T12:26:28.612+0000] {processor.py:830} INFO - Processing file /opt/airflow/dags/retailpulse_dag.py for tasks to queue
[2026-08-26T12:26:28.615+0000] {logging_mixin.py:188} INFO - [2026-08-26T12:26:28.614+0000] {dagbag.py:538} INFO - Filling up the DagBag from /opt/airflow/dags/retailpulse_dag.py
[2026-08-26T12:26:28.667+0000] {processor.py:840} INFO - DAG(s) 'retailpulse_medallion_pipeline' retrieved from /opt/airflow/dags/retailpulse_dag.py
[2026-08-26T12:26:28.773+0000] {logging_mixin.py:188} INFO - [2026-08-26T12:26:28.773+0000] {dag.py:3036} INFO - Sync 1 DAGs
[2026-08-26T12:26:28.818+0000] {logging_mixin.py:188} INFO - [2026-08-26T12:26:28.818+0000] {dag.py:3823} INFO - Setting next_dagrun for retailpulse_medallion_pipeline to 2026-08-26 00:00:00+00:00, run_after=2026-08-27 00:00:00+00:00
[2026-08-26T12:26:28.853+0000] {processor.py:183} INFO - Processing /opt/airflow/dags/retailpulse_dag.py took 0.252 seconds
[2026-08-26T12:26:59.089+0000] {processor.py:161} INFO - Started process (PID=603) to work on /opt/airflow/dags/retailpulse_dag.py
[2026-08-26T12:26:59.091+0000] {processor.py:830} INFO - Processing file /opt/airflow/dags/retailpulse_dag.py for tasks to queue
[2026-08-26T12:26:59.094+0000] {logging_mixin.py:188} INFO - [2026-08-26T12:26:59.093+0000] {dagbag.py:538} INFO - Filling up the DagBag from /opt/airflow/dags/retailpulse_dag.py
[2026-08-26T12:26:59.150+0000] {processor.py:840} INFO - DAG(s) 'retailpulse_medallion_pipeline' retrieved from /opt/airflow/dags/retailpulse_dag.py
[2026-08-26T12:26:59.265+0000] {logging_mixin.py:188} INFO - [2026-08-26T12:26:59.265+0000] {dag.py:3036} INFO - Sync 1 DAGs
[2026-08-26T12:26:59.312+0000] {logging_mixin.py:188} INFO - [2026-08-26T12:26:59.312+0000] {dag.py:3823} INFO - Setting next_dagrun for retailpulse_medallion_pipeline to 2026-08-26 00:00:00+00:00, run_after=2026-08-27 00:00:00+00:00
[2026-08-26T12:26:59.348+0000] {processor.py:183} INFO - Processing /opt/airflow/dags/retailpulse_dag.py took 0.268 seconds
[2026-08-26T12:27:29.604+0000] {processor.py:161} INFO - Started process (PID=608) to work on /opt/airflow/dags/retailpulse_dag.py
[2026-08-26T12:27:29.607+0000] {processor.py:830} INFO - Processing file /opt/airflow/dags/retailpulse_dag.py for tasks to queue
[2026-08-26T12:27:29.610+0000] {logging_mixin.py:188} INFO - [2026-08-26T12:27:29.609+0000] {dagbag.py:538} INFO - Filling up the DagBag from /opt/airflow/dags/retailpulse_dag.py
[2026-08-26T12:27:29.677+0000] {processor.py:840} INFO - DAG(s) 'retailpulse_medallion_pipeline' retrieved from /opt/airflow/dags/retailpulse_dag.py
[2026-08-26T12:27:29.791+0000] {logging_mixin.py:188} INFO - [2026-08-26T12:27:29.790+0000] {dag.py:3036} INFO - Sync 1 DAGs
[2026-08-26T12:27:29.833+0000] {logging_mixin.py:188} INFO - [2026-08-26T12:27:29.833+0000] {dag.py:3823} INFO - Setting next_dagrun for retailpulse_medallion_pipeline to 2026-08-26 00:00:00+00:00, run_after=2026-08-27 00:00:00+00:00
[2026-08-26T12:27:29.873+0000] {processor.py:183} INFO - Processing /opt/airflow/dags/retailpulse_dag.py took 0.276 seconds
[2026-08-26T12:28:00.111+0000] {processor.py:161} INFO - Started process (PID=613) to work on /opt/airflow/dags/retailpulse_dag.py
[2026-08-26T12:28:00.114+0000] {processor.py:830} INFO - Processing file /opt/airflow/dags/retailpulse_dag.py for tasks to queue
[2026-08-26T12:28:00.116+0000] {logging_mixin.py:188} INFO - [2026-08-26T12:28:00.115+0000] {dagbag.py:538} INFO - Filling up the DagBag from /opt/airflow/dags/retailpulse_dag.py
[2026-08-26T12:28:00.168+0000] {processor.py:840} INFO - DAG(s) 'retailpulse_medallion_pipeline' retrieved from /opt/airflow/dags/retailpulse_dag.py
[2026-08-26T12:28:00.267+0000] {logging_mixin.py:188} INFO - [2026-08-26T12:28:00.267+0000] {dag.py:3036} INFO - Sync 1 DAGs
[2026-08-26T12:28:00.316+0000] {logging_mixin.py:188} INFO - [2026-08-26T12:28:00.316+0000] {dag.py:3823} INFO - Setting next_dagrun for retailpulse_medallion_pipeline to 2026-08-26 00:00:00+00:00, run_after=2026-08-27 00:00:00+00:00
[2026-08-26T12:28:00.354+0000] {processor.py:183} INFO - Processing /opt/airflow/dags/retailpulse_dag.py took 0.249 seconds
[2026-08-26T12:28:30.601+0000] {processor.py:161} INFO - Started process (PID=618) to work on /opt/airflow/dags/retailpulse_dag.py
[2026-08-26T12:28:30.606+0000] {processor.py:830} INFO - Processing file /opt/airflow/dags/retailpulse_dag.py for tasks to queue
[2026-08-26T12:28:30.608+0000] {logging_mixin.py:188} INFO - [2026-08-26T12:28:30.607+0000] {dagbag.py:538} INFO - Filling up the DagBag from /opt/airflow/dags/retailpulse_dag.py
[2026-08-26T12:28:30.668+0000] {processor.py:840} INFO - DAG(s) 'retailpulse_medallion_pipeline' retrieved from /opt/airflow/dags/retailpulse_dag.py
[2026-08-26T12:28:30.775+0000] {logging_mixin.py:188} INFO - [2026-08-26T12:28:30.774+0000] {dag.py:3036} INFO - Sync 1 DAGs
[2026-08-26T12:28:30.822+0000] {logging_mixin.py:188} INFO - [2026-08-26T12:28:30.822+0000] {dag.py:3823} INFO - Setting next_dagrun for retailpulse_medallion_pipeline to 2026-08-26 00:00:00+00:00, run_after=2026-08-27 00:00:00+00:00
[2026-08-26T12:28:30.858+0000] {processor.py:183} INFO - Processing /opt/airflow/dags/retailpulse_dag.py took 0.265 seconds
[2026-08-26T12:29:01.102+0000] {processor.py:161} INFO - Started process (PID=623) to work on /opt/airflow/dags/retailpulse_dag.py
[2026-08-26T12:29:01.104+0000] {processor.py:830} INFO - Processing file /opt/airflow/dags/retailpulse_dag.py for tasks to queue
[2026-08-26T12:29:01.106+0000] {logging_mixin.py:188} INFO - [2026-08-26T12:29:01.105+0000] {dagbag.py:538} INFO - Filling up the DagBag from /opt/airflow/dags/retailpulse_dag.py
[2026-08-26T12:29:01.160+0000] {processor.py:840} INFO - DAG(s) 'retailpulse_medallion_pipeline' retrieved from /opt/airflow/dags/retailpulse_dag.py
[2026-08-26T12:29:01.263+0000] {logging_mixin.py:188} INFO - [2026-08-26T12:29:01.263+0000] {dag.py:3036} INFO - Sync 1 DAGs
[2026-08-26T12:29:01.307+0000] {logging_mixin.py:188} INFO - [2026-08-26T12:29:01.307+0000] {dag.py:3823} INFO - Setting next_dagrun for retailpulse_medallion_pipeline to 2026-08-26 00:00:00+00:00, run_after=2026-08-27 00:00:00+00:00
[2026-08-26T12:29:01.343+0000] {processor.py:183} INFO - Processing /opt/airflow/dags/retailpulse_dag.py took 0.250 seconds
[2026-08-26T12:29:31.580+0000] {processor.py:161} INFO - Started process (PID=628) to work on /opt/airflow/dags/retailpulse_dag.py
[2026-08-26T12:29:31.584+0000] {processor.py:830} INFO - Processing file /opt/airflow/dags/retailpulse_dag.py for tasks to queue
[2026-08-26T12:29:31.587+0000] {logging_mixin.py:188} INFO - [2026-08-26T12:29:31.586+0000] {dagbag.py:538} INFO - Filling up the DagBag from /opt/airflow/dags/retailpulse_dag.py
[2026-08-26T12:29:31.642+0000] {processor.py:840} INFO - DAG(s) 'retailpulse_medallion_pipeline' retrieved from /opt/airflow/dags/retailpulse_dag.py
[2026-08-26T12:29:31.750+0000] {logging_mixin.py:188} INFO - [2026-08-26T12:29:31.750+0000] {dag.py:3036} INFO - Sync 1 DAGs
[2026-08-26T12:29:31.795+0000] {logging_mixin.py:188} INFO - [2026-08-26T12:29:31.795+0000] {dag.py:3823} INFO - Setting next_dagrun for retailpulse_medallion_pipeline to 2026-08-26 00:00:00+00:00, run_after=2026-08-27 00:00:00+00:00
[2026-08-26T12:29:31.845+0000] {processor.py:183} INFO - Processing /opt/airflow/dags/retailpulse_dag.py took 0.272 seconds
[2026-08-26T12:30:02.131+0000] {processor.py:161} INFO - Started process (PID=633) to work on /opt/airflow/dags/retailpulse_dag.py
[2026-08-26T12:30:02.137+0000] {processor.py:830} INFO - Processing file /opt/airflow/dags/retailpulse_dag.py for tasks to queue
[2026-08-26T12:30:02.140+0000] {logging_mixin.py:188} INFO - [2026-08-26T12:30:02.139+0000] {dagbag.py:538} INFO - Filling up the DagBag from /opt/airflow/dags/retailpulse_dag.py
[2026-08-26T12:30:02.198+0000] {processor.py:840} INFO - DAG(s) 'retailpulse_medallion_pipeline' retrieved from /opt/airflow/dags/retailpulse_dag.py
[2026-08-26T12:30:02.305+0000] {logging_mixin.py:188} INFO - [2026-08-26T12:30:02.305+0000] {dag.py:3036} INFO - Sync 1 DAGs
[2026-08-26T12:30:02.352+0000] {logging_mixin.py:188} INFO - [2026-08-26T12:30:02.352+0000] {dag.py:3823} INFO - Setting next_dagrun for retailpulse_medallion_pipeline to 2026-08-26 00:00:00+00:00, run_after=2026-08-27 00:00:00+00:00
[2026-08-26T12:30:02.386+0000] {processor.py:183} INFO - Processing /opt/airflow/dags/retailpulse_dag.py took 0.263 seconds
[2026-08-26T12:30:32.629+0000] {processor.py:161} INFO - Started process (PID=638) to work on /opt/airflow/dags/retailpulse_dag.py
[2026-08-26T12:30:32.632+0000] {processor.py:830} INFO - Processing file /opt/airflow/dags/retailpulse_dag.py for tasks to queue
[2026-08-26T12:30:32.636+0000] {logging_mixin.py:188} INFO - [2026-08-26T12:30:32.635+0000] {dagbag.py:538} INFO - Filling up the DagBag from /opt/airflow/dags/retailpulse_dag.py
[2026-08-26T12:30:32.694+0000] {processor.py:840} INFO - DAG(s) 'retailpulse_medallion_pipeline' retrieved from /opt/airflow/dags/retailpulse_dag.py
[2026-08-26T12:30:32.808+0000] {logging_mixin.py:188} INFO - [2026-08-26T12:30:32.807+0000] {dag.py:3036} INFO - Sync 1 DAGs
[2026-08-26T12:30:32.857+0000] {logging_mixin.py:188} INFO - [2026-08-26T12:30:32.856+0000] {dag.py:3823} INFO - Setting next_dagrun for retailpulse_medallion_pipeline to 2026-08-26 00:00:00+00:00, run_after=2026-08-27 00:00:00+00:00
[2026-08-26T12:30:32.892+0000] {processor.py:183} INFO - Processing /opt/airflow/dags/retailpulse_dag.py took 0.271 seconds
[2026-08-26T12:31:03.114+0000] {processor.py:161} INFO - Started process (PID=643) to work on /opt/airflow/dags/retailpulse_dag.py
[2026-08-26T12:31:03.117+0000] {processor.py:830} INFO - Processing file /opt/airflow/dags/retailpulse_dag.py for tasks to queue
[2026-08-26T12:31:03.119+0000] {logging_mixin.py:188} INFO - [2026-08-26T12:31:03.119+0000] {dagbag.py:538} INFO - Filling up the DagBag from /opt/airflow/dags/retailpulse_dag.py
[2026-08-26T12:31:03.172+0000] {processor.py:840} INFO - DAG(s) 'retailpulse_medallion_pipeline' retrieved from /opt/airflow/dags/retailpulse_dag.py
[2026-08-26T12:31:03.273+0000] {logging_mixin.py:188} INFO - [2026-08-26T12:31:03.273+0000] {dag.py:3036} INFO - Sync 1 DAGs
[2026-08-26T12:31:03.322+0000] {logging_mixin.py:188} INFO - [2026-08-26T12:31:03.322+0000] {dag.py:3823} INFO - Setting next_dagrun for retailpulse_medallion_pipeline to 2026-08-26 00:00:00+00:00, run_after=2026-08-27 00:00:00+00:00
[2026-08-26T12:31:03.357+0000] {processor.py:183} INFO - Processing /opt/airflow/dags/retailpulse_dag.py took 0.249 seconds
[2026-08-26T12:31:37.254+0000] {processor.py:161} INFO - Started process (PID=766) to work on /opt/airflow/dags/retailpulse_dag.py
[2026-08-26T12:31:37.262+0000] {processor.py:830} INFO - Processing file /opt/airflow/dags/retailpulse_dag.py for tasks to queue
[2026-08-26T12:31:37.271+0000] {logging_mixin.py:188} INFO - [2026-08-26T12:31:37.270+0000] {dagbag.py:538} INFO - Filling up the DagBag from /opt/airflow/dags/retailpulse_dag.py
[2026-08-26T12:31:39.938+0000] {processor.py:840} INFO - DAG(s) 'retailpulse_medallion_pipeline' retrieved from /opt/airflow/dags/retailpulse_dag.py
[2026-08-26T12:31:40.508+0000] {logging_mixin.py:188} INFO - [2026-08-26T12:31:40.507+0000] {dag.py:3036} INFO - Sync 1 DAGs
[2026-08-26T12:31:40.634+0000] {logging_mixin.py:188} INFO - [2026-08-26T12:31:40.633+0000] {dag.py:3823} INFO - Setting next_dagrun for retailpulse_medallion_pipeline to 2026-08-26 00:00:00+00:00, run_after=2026-08-27 00:00:00+00:00
[2026-08-26T12:31:40.706+0000] {processor.py:183} INFO - Processing /opt/airflow/dags/retailpulse_dag.py took 4.832 seconds
[2026-08-26T12:32:11.097+0000] {processor.py:161} INFO - Started process (PID=774) to work on /opt/airflow/dags/retailpulse_dag.py
[2026-08-26T12:32:11.162+0000] {processor.py:830} INFO - Processing file /opt/airflow/dags/retailpulse_dag.py for tasks to queue
[2026-08-26T12:32:11.205+0000] {logging_mixin.py:188} INFO - [2026-08-26T12:32:11.203+0000] {dagbag.py:538} INFO - Filling up the DagBag from /opt/airflow/dags/retailpulse_dag.py
[2026-08-26T12:32:11.429+0000] {processor.py:840} INFO - DAG(s) 'retailpulse_medallion_pipeline' retrieved from /opt/airflow/dags/retailpulse_dag.py
[2026-08-26T12:32:11.584+0000] {logging_mixin.py:188} INFO - [2026-08-26T12:32:11.583+0000] {dag.py:3036} INFO - Sync 1 DAGs
[2026-08-26T12:32:11.904+0000] {logging_mixin.py:188} INFO - [2026-08-26T12:32:11.904+0000] {dag.py:3823} INFO - Setting next_dagrun for retailpulse_medallion_pipeline to 2026-08-26 00:00:00+00:00, run_after=2026-08-27 00:00:00+00:00
[2026-08-26T12:32:12.009+0000] {processor.py:183} INFO - Processing /opt/airflow/dags/retailpulse_dag.py took 1.003 seconds
[2026-08-26T12:32:42.139+0000] {processor.py:161} INFO - Started process (PID=780) to work on /opt/airflow/dags/retailpulse_dag.py
[2026-08-26T12:32:42.144+0000] {processor.py:830} INFO - Processing file /opt/airflow/dags/retailpulse_dag.py for tasks to queue
[2026-08-26T12:32:42.148+0000] {logging_mixin.py:188} INFO - [2026-08-26T12:32:42.146+0000] {dagbag.py:538} INFO - Filling up the DagBag from /opt/airflow/dags/retailpulse_dag.py
[2026-08-26T12:32:42.216+0000] {processor.py:840} INFO - DAG(s) 'retailpulse_medallion_pipeline' retrieved from /opt/airflow/dags/retailpulse_dag.py
[2026-08-26T12:32:42.300+0000] {logging_mixin.py:188} INFO - [2026-08-26T12:32:42.299+0000] {dag.py:3036} INFO - Sync 1 DAGs
[2026-08-26T12:32:42.335+0000] {logging_mixin.py:188} INFO - [2026-08-26T12:32:42.335+0000] {dag.py:3823} INFO - Setting next_dagrun for retailpulse_medallion_pipeline to 2026-08-26 00:00:00+00:00, run_after=2026-08-27 00:00:00+00:00
[2026-08-26T12:32:42.372+0000] {processor.py:183} INFO - Processing /opt/airflow/dags/retailpulse_dag.py took 0.243 seconds
[2026-08-26T12:33:12.819+0000] {processor.py:161} INFO - Started process (PID=785) to work on /opt/airflow/dags/retailpulse_dag.py
[2026-08-26T12:33:12.826+0000] {processor.py:830} INFO - Processing file /opt/airflow/dags/retailpulse_dag.py for tasks to queue
[2026-08-26T12:33:12.836+0000] {logging_mixin.py:188} INFO - [2026-08-26T12:33:12.832+0000] {dagbag.py:538} INFO - Filling up the DagBag from /opt/airflow/dags/retailpulse_dag.py
[2026-08-26T12:33:13.046+0000] {processor.py:840} INFO - DAG(s) 'retailpulse_medallion_pipeline' retrieved from /opt/airflow/dags/retailpulse_dag.py
[2026-08-26T12:33:13.271+0000] {logging_mixin.py:188} INFO - [2026-08-26T12:33:13.271+0000] {dag.py:3036} INFO - Sync 1 DAGs
[2026-08-26T12:33:13.346+0000] {logging_mixin.py:188} INFO - [2026-08-26T12:33:13.345+0000] {dag.py:3823} INFO - Setting next_dagrun for retailpulse_medallion_pipeline to 2026-08-26 00:00:00+00:00, run_after=2026-08-27 00:00:00+00:00
[2026-08-26T12:33:13.391+0000] {processor.py:183} INFO - Processing /opt/airflow/dags/retailpulse_dag.py took 0.663 seconds
[2026-08-26T12:33:43.996+0000] {processor.py:161} INFO - Started process (PID=820) to work on /opt/airflow/dags/retailpulse_dag.py
[2026-08-26T12:33:44.005+0000] {processor.py:830} INFO - Processing file /opt/airflow/dags/retailpulse_dag.py for tasks to queue
[2026-08-26T12:33:44.022+0000] {logging_mixin.py:188} INFO - [2026-08-26T12:33:44.012+0000] {dagbag.py:538} INFO - Filling up the DagBag from /opt/airflow/dags/retailpulse_dag.py
[2026-08-26T12:33:44.596+0000] {processor.py:840} INFO - DAG(s) 'retailpulse_medallion_pipeline' retrieved from /opt/airflow/dags/retailpulse_dag.py
[2026-08-26T12:33:44.988+0000] {logging_mixin.py:188} INFO - [2026-08-26T12:33:44.987+0000] {dag.py:3036} INFO - Sync 1 DAGs
[2026-08-26T12:33:45.082+0000] {logging_mixin.py:188} INFO - [2026-08-26T12:33:45.082+0000] {dag.py:3823} INFO - Setting next_dagrun for retailpulse_medallion_pipeline to 2026-08-26 00:00:00+00:00, run_after=2026-08-27 00:00:00+00:00
[2026-08-26T12:33:45.162+0000] {processor.py:183} INFO - Processing /opt/airflow/dags/retailpulse_dag.py took 1.203 seconds
[2026-08-26T12:34:15.336+0000] {processor.py:161} INFO - Started process (PID=930) to work on /opt/airflow/dags/retailpulse_dag.py
[2026-08-26T12:34:15.339+0000] {processor.py:830} INFO - Processing file /opt/airflow/dags/retailpulse_dag.py for tasks to queue
[2026-08-26T12:34:15.341+0000] {logging_mixin.py:188} INFO - [2026-08-26T12:34:15.340+0000] {dagbag.py:538} INFO - Filling up the DagBag from /opt/airflow/dags/retailpulse_dag.py
[2026-08-26T12:34:15.866+0000] {processor.py:840} INFO - DAG(s) 'retailpulse_medallion_pipeline' retrieved from /opt/airflow/dags/retailpulse_dag.py
[2026-08-26T12:34:15.948+0000] {logging_mixin.py:188} INFO - [2026-08-26T12:34:15.947+0000] {dag.py:3036} INFO - Sync 1 DAGs
[2026-08-26T12:34:16.099+0000] {logging_mixin.py:188} INFO - [2026-08-26T12:34:16.099+0000] {dag.py:3823} INFO - Setting next_dagrun for retailpulse_medallion_pipeline to 2026-08-26 00:00:00+00:00, run_after=2026-08-27 00:00:00+00:00
[2026-08-26T12:34:16.484+0000] {processor.py:183} INFO - Processing /opt/airflow/dags/retailpulse_dag.py took 1.156 seconds
[2026-08-26T12:34:49.545+0000] {processor.py:161} INFO - Started process (PID=1014) to work on /opt/airflow/dags/retailpulse_dag.py
[2026-08-26T12:34:49.560+0000] {processor.py:830} INFO - Processing file /opt/airflow/dags/retailpulse_dag.py for tasks to queue
[2026-08-26T12:34:49.626+0000] {logging_mixin.py:188} INFO - [2026-08-26T12:34:49.621+0000] {dagbag.py:538} INFO - Filling up the DagBag from /opt/airflow/dags/retailpulse_dag.py
[2026-08-26T12:34:50.217+0000] {processor.py:840} INFO - DAG(s) 'retailpulse_medallion_pipeline' retrieved from /opt/airflow/dags/retailpulse_dag.py
[2026-08-26T12:34:50.370+0000] {logging_mixin.py:188} INFO - [2026-08-26T12:34:50.370+0000] {dag.py:3036} INFO - Sync 1 DAGs
[2026-08-26T12:34:50.523+0000] {logging_mixin.py:188} INFO - [2026-08-26T12:34:50.521+0000] {dag.py:3823} INFO - Setting next_dagrun for retailpulse_medallion_pipeline to 2026-08-26 00:00:00+00:00, run_after=2026-08-27 00:00:00+00:00
[2026-08-26T12:34:50.579+0000] {processor.py:183} INFO - Processing /opt/airflow/dags/retailpulse_dag.py took 1.110 seconds
[2026-08-26T12:35:21.362+0000] {processor.py:161} INFO - Started process (PID=1107) to work on /opt/airflow/dags/retailpulse_dag.py
[2026-08-26T12:35:21.375+0000] {processor.py:830} INFO - Processing file /opt/airflow/dags/retailpulse_dag.py for tasks to queue
[2026-08-26T12:35:21.389+0000] {logging_mixin.py:188} INFO - [2026-08-26T12:35:21.386+0000] {dagbag.py:538} INFO - Filling up the DagBag from /opt/airflow/dags/retailpulse_dag.py
[2026-08-26T12:35:21.523+0000] {processor.py:840} INFO - DAG(s) 'retailpulse_medallion_pipeline' retrieved from /opt/airflow/dags/retailpulse_dag.py
[2026-08-26T12:35:21.774+0000] {logging_mixin.py:188} INFO - [2026-08-26T12:35:21.773+0000] {dag.py:3036} INFO - Sync 1 DAGs
[2026-08-26T12:35:21.859+0000] {logging_mixin.py:188} INFO - [2026-08-26T12:35:21.859+0000] {dag.py:3823} INFO - Setting next_dagrun for retailpulse_medallion_pipeline to 2026-08-26 00:00:00+00:00, run_after=2026-08-27 00:00:00+00:00
[2026-08-26T12:35:21.924+0000] {processor.py:183} INFO - Processing /opt/airflow/dags/retailpulse_dag.py took 0.649 seconds
[2026-08-26T12:35:55.080+0000] {processor.py:161} INFO - Started process (PID=1112) to work on /opt/airflow/dags/retailpulse_dag.py
[2026-08-26T12:35:55.091+0000] {processor.py:830} INFO - Processing file /opt/airflow/dags/retailpulse_dag.py for tasks to queue
[2026-08-26T12:35:55.112+0000] {logging_mixin.py:188} INFO - [2026-08-26T12:35:55.097+0000] {dagbag.py:538} INFO - Filling up the DagBag from /opt/airflow/dags/retailpulse_dag.py
[2026-08-26T12:35:55.379+0000] {processor.py:840} INFO - DAG(s) 'retailpulse_medallion_pipeline' retrieved from /opt/airflow/dags/retailpulse_dag.py
[2026-08-26T12:35:55.614+0000] {logging_mixin.py:188} INFO - [2026-08-26T12:35:55.613+0000] {dag.py:3036} INFO - Sync 1 DAGs
[2026-08-26T12:35:55.677+0000] {logging_mixin.py:188} INFO - [2026-08-26T12:35:55.677+0000] {dag.py:3823} INFO - Setting next_dagrun for retailpulse_medallion_pipeline to 2026-08-26 00:00:00+00:00, run_after=2026-08-27 00:00:00+00:00
[2026-08-26T12:35:55.775+0000] {processor.py:183} INFO - Processing /opt/airflow/dags/retailpulse_dag.py took 0.808 seconds
[2026-08-26T12:36:26.052+0000] {processor.py:161} INFO - Started process (PID=1117) to work on /opt/airflow/dags/retailpulse_dag.py
[2026-08-26T12:36:26.055+0000] {processor.py:830} INFO - Processing file /opt/airflow/dags/retailpulse_dag.py for tasks to queue
[2026-08-26T12:36:26.057+0000] {logging_mixin.py:188} INFO - [2026-08-26T12:36:26.057+0000] {dagbag.py:538} INFO - Filling up the DagBag from /opt/airflow/dags/retailpulse_dag.py
[2026-08-26T12:36:32.574+0000] {processor.py:840} INFO - DAG(s) 'retailpulse_medallion_pipeline' retrieved from /opt/airflow/dags/retailpulse_dag.py
[2026-08-26T12:36:32.813+0000] {logging_mixin.py:188} INFO - [2026-08-26T12:36:32.812+0000] {dag.py:3036} INFO - Sync 1 DAGs
[2026-08-26T12:36:32.912+0000] {logging_mixin.py:188} INFO - [2026-08-26T12:36:32.911+0000] {dag.py:3823} INFO - Setting next_dagrun for retailpulse_medallion_pipeline to 2026-08-26 00:00:00+00:00, run_after=2026-08-27 00:00:00+00:00
[2026-08-26T12:36:33.088+0000] {processor.py:183} INFO - Processing /opt/airflow/dags/retailpulse_dag.py took 7.060 seconds
[2026-08-26T12:37:03.548+0000] {processor.py:161} INFO - Started process (PID=1167) to work on /opt/airflow/dags/retailpulse_dag.py
[2026-08-26T12:37:03.551+0000] {processor.py:830} INFO - Processing file /opt/airflow/dags/retailpulse_dag.py for tasks to queue
[2026-08-26T12:37:03.554+0000] {logging_mixin.py:188} INFO - [2026-08-26T12:37:03.553+0000] {dagbag.py:538} INFO - Filling up the DagBag from /opt/airflow/dags/retailpulse_dag.py
[2026-08-26T12:37:03.692+0000] {processor.py:840} INFO - DAG(s) 'retailpulse_medallion_pipeline' retrieved from /opt/airflow/dags/retailpulse_dag.py
[2026-08-26T12:37:03.820+0000] {logging_mixin.py:188} INFO - [2026-08-26T12:37:03.820+0000] {dag.py:3036} INFO - Sync 1 DAGs
[2026-08-26T12:37:03.904+0000] {logging_mixin.py:188} INFO - [2026-08-26T12:37:03.904+0000] {dag.py:3823} INFO - Setting next_dagrun for retailpulse_medallion_pipeline to 2026-08-26 00:00:00+00:00, run_after=2026-08-27 00:00:00+00:00
[2026-08-26T12:37:03.940+0000] {processor.py:183} INFO - Processing /opt/airflow/dags/retailpulse_dag.py took 0.409 seconds
[2026-08-26T12:37:34.331+0000] {processor.py:161} INFO - Started process (PID=1172) to work on /opt/airflow/dags/retailpulse_dag.py
[2026-08-26T12:37:34.342+0000] {processor.py:830} INFO - Processing file /opt/airflow/dags/retailpulse_dag.py for tasks to queue
[2026-08-26T12:37:34.355+0000] {logging_mixin.py:188} INFO - [2026-08-26T12:37:34.354+0000] {dagbag.py:538} INFO - Filling up the DagBag from /opt/airflow/dags/retailpulse_dag.py
[2026-08-26T12:37:35.585+0000] {processor.py:840} INFO - DAG(s) 'retailpulse_medallion_pipeline' retrieved from /opt/airflow/dags/retailpulse_dag.py
[2026-08-26T12:37:35.767+0000] {logging_mixin.py:188} INFO - [2026-08-26T12:37:35.766+0000] {dag.py:3036} INFO - Sync 1 DAGs
[2026-08-26T12:37:35.888+0000] {logging_mixin.py:188} INFO - [2026-08-26T12:37:35.888+0000] {dag.py:3823} INFO - Setting next_dagrun for retailpulse_medallion_pipeline to 2026-08-26 00:00:00+00:00, run_after=2026-08-27 00:00:00+00:00
[2026-08-26T12:37:35.969+0000] {processor.py:183} INFO - Processing /opt/airflow/dags/retailpulse_dag.py took 1.683 seconds
[2026-08-26T12:38:06.389+0000] {processor.py:161} INFO - Started process (PID=1186) to work on /opt/airflow/dags/retailpulse_dag.py
[2026-08-26T12:38:06.392+0000] {processor.py:830} INFO - Processing file /opt/airflow/dags/retailpulse_dag.py for tasks to queue
[2026-08-26T12:38:06.394+0000] {logging_mixin.py:188} INFO - [2026-08-26T12:38:06.394+0000] {dagbag.py:538} INFO - Filling up the DagBag from /opt/airflow/dags/retailpulse_dag.py
[2026-08-26T12:38:06.663+0000] {processor.py:840} INFO - DAG(s) 'retailpulse_medallion_pipeline' retrieved from /opt/airflow/dags/retailpulse_dag.py
[2026-08-26T12:38:06.824+0000] {logging_mixin.py:188} INFO - [2026-08-26T12:38:06.823+0000] {dag.py:3036} INFO - Sync 1 DAGs
[2026-08-26T12:38:06.882+0000] {logging_mixin.py:188} INFO - [2026-08-26T12:38:06.881+0000] {dag.py:3823} INFO - Setting next_dagrun for retailpulse_medallion_pipeline to 2026-08-26 00:00:00+00:00, run_after=2026-08-27 00:00:00+00:00
[2026-08-26T12:38:06.929+0000] {processor.py:183} INFO - Processing /opt/airflow/dags/retailpulse_dag.py took 0.551 seconds
[2026-08-26T12:38:37.447+0000] {processor.py:161} INFO - Started process (PID=1191) to work on /opt/airflow/dags/retailpulse_dag.py
[2026-08-26T12:38:37.449+0000] {processor.py:830} INFO - Processing file /opt/airflow/dags/retailpulse_dag.py for tasks to queue
[2026-08-26T12:38:37.453+0000] {logging_mixin.py:188} INFO - [2026-08-26T12:38:37.452+0000] {dagbag.py:538} INFO - Filling up the DagBag from /opt/airflow/dags/retailpulse_dag.py
[2026-08-26T12:38:37.528+0000] {processor.py:840} INFO - DAG(s) 'retailpulse_medallion_pipeline' retrieved from /opt/airflow/dags/retailpulse_dag.py
[2026-08-26T12:38:37.650+0000] {logging_mixin.py:188} INFO - [2026-08-26T12:38:37.649+0000] {dag.py:3036} INFO - Sync 1 DAGs
[2026-08-26T12:38:37.699+0000] {logging_mixin.py:188} INFO - [2026-08-26T12:38:37.698+0000] {dag.py:3823} INFO - Setting next_dagrun for retailpulse_medallion_pipeline to 2026-08-26 00:00:00+00:00, run_after=2026-08-27 00:00:00+00:00
[2026-08-26T12:38:37.733+0000] {processor.py:183} INFO - Processing /opt/airflow/dags/retailpulse_dag.py took 0.294 seconds
[2026-08-26T12:39:08.065+0000] {processor.py:161} INFO - Started process (PID=1355) to work on /opt/airflow/dags/retailpulse_dag.py
[2026-08-26T12:39:08.068+0000] {processor.py:830} INFO - Processing file /opt/airflow/dags/retailpulse_dag.py for tasks to queue
[2026-08-26T12:39:08.071+0000] {logging_mixin.py:188} INFO - [2026-08-26T12:39:08.071+0000] {dagbag.py:538} INFO - Filling up the DagBag from /opt/airflow/dags/retailpulse_dag.py
[2026-08-26T12:39:08.145+0000] {processor.py:840} INFO - DAG(s) 'retailpulse_medallion_pipeline' retrieved from /opt/airflow/dags/retailpulse_dag.py
[2026-08-26T12:39:08.249+0000] {logging_mixin.py:188} INFO - [2026-08-26T12:39:08.249+0000] {dag.py:3036} INFO - Sync 1 DAGs
[2026-08-26T12:39:08.290+0000] {logging_mixin.py:188} INFO - [2026-08-26T12:39:08.290+0000] {dag.py:3823} INFO - Setting next_dagrun for retailpulse_medallion_pipeline to 2026-08-26 00:00:00+00:00, run_after=2026-08-27 00:00:00+00:00
[2026-08-26T12:39:08.352+0000] {processor.py:183} INFO - Processing /opt/airflow/dags/retailpulse_dag.py took 0.296 seconds
[2026-08-26T12:39:39.182+0000] {processor.py:161} INFO - Started process (PID=1494) to work on /opt/airflow/dags/retailpulse_dag.py
[2026-08-26T12:39:44.061+0000] {processor.py:830} INFO - Processing file /opt/airflow/dags/retailpulse_dag.py for tasks to queue
[2026-08-26T12:39:44.074+0000] {logging_mixin.py:188} INFO - [2026-08-26T12:39:44.073+0000] {dagbag.py:538} INFO - Filling up the DagBag from /opt/airflow/dags/retailpulse_dag.py
[2026-08-26T12:39:44.213+0000] {processor.py:840} INFO - DAG(s) 'retailpulse_medallion_pipeline' retrieved from /opt/airflow/dags/retailpulse_dag.py
[2026-08-26T12:39:44.861+0000] {logging_mixin.py:188} INFO - [2026-08-26T12:39:44.861+0000] {dag.py:3036} INFO - Sync 1 DAGs
[2026-08-26T12:39:44.934+0000] {logging_mixin.py:188} INFO - [2026-08-26T12:39:44.933+0000] {dag.py:3823} INFO - Setting next_dagrun for retailpulse_medallion_pipeline to 2026-08-26 00:00:00+00:00, run_after=2026-08-27 00:00:00+00:00
[2026-08-26T12:39:44.989+0000] {processor.py:183} INFO - Processing /opt/airflow/dags/retailpulse_dag.py took 5.817 seconds
[2026-08-26T12:40:16.584+0000] {processor.py:161} INFO - Started process (PID=1598) to work on /opt/airflow/dags/retailpulse_dag.py
[2026-08-26T12:40:16.588+0000] {processor.py:830} INFO - Processing file /opt/airflow/dags/retailpulse_dag.py for tasks to queue
[2026-08-26T12:40:16.593+0000] {logging_mixin.py:188} INFO - [2026-08-26T12:40:16.592+0000] {dagbag.py:538} INFO - Filling up the DagBag from /opt/airflow/dags/retailpulse_dag.py
[2026-08-26T12:40:17.149+0000] {processor.py:840} INFO - DAG(s) 'retailpulse_medallion_pipeline' retrieved from /opt/airflow/dags/retailpulse_dag.py
[2026-08-26T12:40:19.248+0000] {logging_mixin.py:188} INFO - [2026-08-26T12:40:19.247+0000] {dag.py:3036} INFO - Sync 1 DAGs
[2026-08-26T12:40:19.330+0000] {logging_mixin.py:188} INFO - [2026-08-26T12:40:19.329+0000] {dag.py:3823} INFO - Setting next_dagrun for retailpulse_medallion_pipeline to 2026-08-26 00:00:00+00:00, run_after=2026-08-27 00:00:00+00:00
[2026-08-26T12:40:19.384+0000] {processor.py:183} INFO - Processing /opt/airflow/dags/retailpulse_dag.py took 2.813 seconds
[2026-08-26T12:40:49.805+0000] {processor.py:161} INFO - Started process (PID=1835) to work on /opt/airflow/dags/retailpulse_dag.py
[2026-08-26T12:40:49.807+0000] {processor.py:830} INFO - Processing file /opt/airflow/dags/retailpulse_dag.py for tasks to queue
[2026-08-26T12:40:49.810+0000] {logging_mixin.py:188} INFO - [2026-08-26T12:40:49.809+0000] {dagbag.py:538} INFO - Filling up the DagBag from /opt/airflow/dags/retailpulse_dag.py
[2026-08-26T12:40:49.870+0000] {processor.py:840} INFO - DAG(s) 'retailpulse_medallion_pipeline' retrieved from /opt/airflow/dags/retailpulse_dag.py
[2026-08-26T12:40:50.003+0000] {logging_mixin.py:188} INFO - [2026-08-26T12:40:50.002+0000] {dag.py:3036} INFO - Sync 1 DAGs
[2026-08-26T12:40:50.067+0000] {logging_mixin.py:188} INFO - [2026-08-26T12:40:50.066+0000] {dag.py:3823} INFO - Setting next_dagrun for retailpulse_medallion_pipeline to 2026-08-26 00:00:00+00:00, run_after=2026-08-27 00:00:00+00:00
[2026-08-26T12:40:50.116+0000] {processor.py:183} INFO - Processing /opt/airflow/dags/retailpulse_dag.py took 0.319 seconds
[2026-08-26T12:41:20.460+0000] {processor.py:161} INFO - Started process (PID=1967) to work on /opt/airflow/dags/retailpulse_dag.py
[2026-08-26T12:41:20.463+0000] {processor.py:830} INFO - Processing file /opt/airflow/dags/retailpulse_dag.py for tasks to queue
[2026-08-26T12:41:20.470+0000] {logging_mixin.py:188} INFO - [2026-08-26T12:41:20.470+0000] {dagbag.py:538} INFO - Filling up the DagBag from /opt/airflow/dags/retailpulse_dag.py
[2026-08-26T12:41:23.364+0000] {processor.py:840} INFO - DAG(s) 'retailpulse_medallion_pipeline' retrieved from /opt/airflow/dags/retailpulse_dag.py
[2026-08-26T12:41:23.723+0000] {logging_mixin.py:188} INFO - [2026-08-26T12:41:23.723+0000] {dag.py:3036} INFO - Sync 1 DAGs
[2026-08-26T12:41:23.790+0000] {logging_mixin.py:188} INFO - [2026-08-26T12:41:23.789+0000] {dag.py:3823} INFO - Setting next_dagrun for retailpulse_medallion_pipeline to 2026-08-26 00:00:00+00:00, run_after=2026-08-27 00:00:00+00:00
[2026-08-26T12:41:23.989+0000] {processor.py:183} INFO - Processing /opt/airflow/dags/retailpulse_dag.py took 3.535 seconds
[2026-08-26T12:41:54.457+0000] {processor.py:161} INFO - Started process (PID=2285) to work on /opt/airflow/dags/retailpulse_dag.py
[2026-08-26T12:41:55.064+0000] {processor.py:830} INFO - Processing file /opt/airflow/dags/retailpulse_dag.py for tasks to queue
[2026-08-26T12:41:55.068+0000] {logging_mixin.py:188} INFO - [2026-08-26T12:41:55.067+0000] {dagbag.py:538} INFO - Filling up the DagBag from /opt/airflow/dags/retailpulse_dag.py
[2026-08-26T12:41:55.371+0000] {processor.py:840} INFO - DAG(s) 'retailpulse_medallion_pipeline' retrieved from /opt/airflow/dags/retailpulse_dag.py
[2026-08-26T12:41:55.794+0000] {logging_mixin.py:188} INFO - [2026-08-26T12:41:55.794+0000] {dag.py:3036} INFO - Sync 1 DAGs
[2026-08-26T12:41:55.831+0000] {logging_mixin.py:188} INFO - [2026-08-26T12:41:55.831+0000] {dag.py:3823} INFO - Setting next_dagrun for retailpulse_medallion_pipeline to 2026-08-26 00:00:00+00:00, run_after=2026-08-27 00:00:00+00:00
[2026-08-26T12:41:56.810+0000] {processor.py:183} INFO - Processing /opt/airflow/dags/retailpulse_dag.py took 2.360 seconds
[2026-08-26T12:42:27.170+0000] {processor.py:161} INFO - Started process (PID=2365) to work on /opt/airflow/dags/retailpulse_dag.py
[2026-08-26T12:42:27.173+0000] {processor.py:830} INFO - Processing file /opt/airflow/dags/retailpulse_dag.py for tasks to queue
[2026-08-26T12:42:27.177+0000] {logging_mixin.py:188} INFO - [2026-08-26T12:42:27.176+0000] {dagbag.py:538} INFO - Filling up the DagBag from /opt/airflow/dags/retailpulse_dag.py
[2026-08-26T12:42:27.276+0000] {processor.py:840} INFO - DAG(s) 'retailpulse_medallion_pipeline' retrieved from /opt/airflow/dags/retailpulse_dag.py
[2026-08-26T12:42:27.447+0000] {logging_mixin.py:188} INFO - [2026-08-26T12:42:27.447+0000] {dag.py:3036} INFO - Sync 1 DAGs
[2026-08-26T12:42:27.502+0000] {logging_mixin.py:188} INFO - [2026-08-26T12:42:27.502+0000] {dag.py:3823} INFO - Setting next_dagrun for retailpulse_medallion_pipeline to 2026-08-26 00:00:00+00:00, run_after=2026-08-27 00:00:00+00:00
[2026-08-26T12:42:27.549+0000] {processor.py:183} INFO - Processing /opt/airflow/dags/retailpulse_dag.py took 0.391 seconds
[2026-08-26T12:42:57.927+0000] {processor.py:161} INFO - Started process (PID=2690) to work on /opt/airflow/dags/retailpulse_dag.py
[2026-08-26T12:42:57.930+0000] {processor.py:830} INFO - Processing file /opt/airflow/dags/retailpulse_dag.py for tasks to queue
[2026-08-26T12:42:57.935+0000] {logging_mixin.py:188} INFO - [2026-08-26T12:42:57.934+0000] {dagbag.py:538} INFO - Filling up the DagBag from /opt/airflow/dags/retailpulse_dag.py
[2026-08-26T12:42:58.001+0000] {processor.py:840} INFO - DAG(s) 'retailpulse_medallion_pipeline' retrieved from /opt/airflow/dags/retailpulse_dag.py
[2026-08-26T12:42:58.127+0000] {logging_mixin.py:188} INFO - [2026-08-26T12:42:58.126+0000] {dag.py:3036} INFO - Sync 1 DAGs
[2026-08-26T12:42:58.177+0000] {logging_mixin.py:188} INFO - [2026-08-26T12:42:58.177+0000] {dag.py:3823} INFO - Setting next_dagrun for retailpulse_medallion_pipeline to 2026-08-26 00:00:00+00:00, run_after=2026-08-27 00:00:00+00:00
[2026-08-26T12:42:58.219+0000] {processor.py:183} INFO - Processing /opt/airflow/dags/retailpulse_dag.py took 0.300 seconds
[2026-08-26T12:43:28.495+0000] {processor.py:161} INFO - Started process (PID=2911) to work on /opt/airflow/dags/retailpulse_dag.py
[2026-08-26T12:43:28.502+0000] {processor.py:830} INFO - Processing file /opt/airflow/dags/retailpulse_dag.py for tasks to queue
[2026-08-26T12:43:28.507+0000] {logging_mixin.py:188} INFO - [2026-08-26T12:43:28.506+0000] {dagbag.py:538} INFO - Filling up the DagBag from /opt/airflow/dags/retailpulse_dag.py
[2026-08-26T12:43:28.607+0000] {processor.py:840} INFO - DAG(s) 'retailpulse_medallion_pipeline' retrieved from /opt/airflow/dags/retailpulse_dag.py
[2026-08-26T12:43:28.808+0000] {logging_mixin.py:188} INFO - [2026-08-26T12:43:28.808+0000] {dag.py:3036} INFO - Sync 1 DAGs
[2026-08-26T12:43:32.450+0000] {logging_mixin.py:188} INFO - [2026-08-26T12:43:32.449+0000] {dag.py:3823} INFO - Setting next_dagrun for retailpulse_medallion_pipeline to 2026-08-26 00:00:00+00:00, run_after=2026-08-27 00:00:00+00:00
[2026-08-26T12:43:32.549+0000] {processor.py:183} INFO - Processing /opt/airflow/dags/retailpulse_dag.py took 4.076 seconds
[2026-08-26T12:44:02.871+0000] {processor.py:161} INFO - Started process (PID=3026) to work on /opt/airflow/dags/retailpulse_dag.py
[2026-08-26T12:44:02.874+0000] {processor.py:830} INFO - Processing file /opt/airflow/dags/retailpulse_dag.py for tasks to queue
[2026-08-26T12:44:02.877+0000] {logging_mixin.py:188} INFO - [2026-08-26T12:44:02.876+0000] {dagbag.py:538} INFO - Filling up the DagBag from /opt/airflow/dags/retailpulse_dag.py
[2026-08-26T12:44:02.932+0000] {processor.py:840} INFO - DAG(s) 'retailpulse_medallion_pipeline' retrieved from /opt/airflow/dags/retailpulse_dag.py
[2026-08-26T12:44:03.033+0000] {logging_mixin.py:188} INFO - [2026-08-26T12:44:03.032+0000] {dag.py:3036} INFO - Sync 1 DAGs
[2026-08-26T12:44:03.184+0000] {logging_mixin.py:188} INFO - [2026-08-26T12:44:03.183+0000] {dag.py:3823} INFO - Setting next_dagrun for retailpulse_medallion_pipeline to 2026-08-26 00:00:00+00:00, run_after=2026-08-27 00:00:00+00:00
[2026-08-26T12:44:03.241+0000] {processor.py:183} INFO - Processing /opt/airflow/dags/retailpulse_dag.py took 0.378 seconds
[2026-08-26T12:44:33.368+0000] {processor.py:161} INFO - Started process (PID=3031) to work on /opt/airflow/dags/retailpulse_dag.py
[2026-08-26T12:44:33.371+0000] {processor.py:830} INFO - Processing file /opt/airflow/dags/retailpulse_dag.py for tasks to queue
[2026-08-26T12:44:33.374+0000] {logging_mixin.py:188} INFO - [2026-08-26T12:44:33.373+0000] {dagbag.py:538} INFO - Filling up the DagBag from /opt/airflow/dags/retailpulse_dag.py
[2026-08-26T12:44:33.421+0000] {processor.py:840} INFO - DAG(s) 'retailpulse_medallion_pipeline' retrieved from /opt/airflow/dags/retailpulse_dag.py
[2026-08-26T12:44:33.497+0000] {logging_mixin.py:188} INFO - [2026-08-26T12:44:33.497+0000] {dag.py:3036} INFO - Sync 1 DAGs
[2026-08-26T12:44:33.530+0000] {logging_mixin.py:188} INFO - [2026-08-26T12:44:33.530+0000] {dag.py:3823} INFO - Setting next_dagrun for retailpulse_medallion_pipeline to 2026-08-26 00:00:00+00:00, run_after=2026-08-27 00:00:00+00:00
[2026-08-26T12:44:33.561+0000] {processor.py:183} INFO - Processing /opt/airflow/dags/retailpulse_dag.py took 0.200 seconds
[2026-08-26T12:45:03.810+0000] {processor.py:161} INFO - Started process (PID=3036) to work on /opt/airflow/dags/retailpulse_dag.py
[2026-08-26T12:45:03.813+0000] {processor.py:830} INFO - Processing file /opt/airflow/dags/retailpulse_dag.py for tasks to queue
[2026-08-26T12:45:03.815+0000] {logging_mixin.py:188} INFO - [2026-08-26T12:45:03.815+0000] {dagbag.py:538} INFO - Filling up the DagBag from /opt/airflow/dags/retailpulse_dag.py
[2026-08-26T12:45:03.859+0000] {processor.py:840} INFO - DAG(s) 'retailpulse_medallion_pipeline' retrieved from /opt/airflow/dags/retailpulse_dag.py
[2026-08-26T12:45:03.936+0000] {logging_mixin.py:188} INFO - [2026-08-26T12:45:03.936+0000] {dag.py:3036} INFO - Sync 1 DAGs
[2026-08-26T12:45:03.969+0000] {logging_mixin.py:188} INFO - [2026-08-26T12:45:03.969+0000] {dag.py:3823} INFO - Setting next_dagrun for retailpulse_medallion_pipeline to 2026-08-26 00:00:00+00:00, run_after=2026-08-27 00:00:00+00:00
[2026-08-26T12:45:04.004+0000] {processor.py:183} INFO - Processing /opt/airflow/dags/retailpulse_dag.py took 0.200 seconds
[2026-08-26T12:45:34.720+0000] {processor.py:161} INFO - Started process (PID=3041) to work on /opt/airflow/dags/retailpulse_dag.py
[2026-08-26T12:45:34.723+0000] {processor.py:830} INFO - Processing file /opt/airflow/dags/retailpulse_dag.py for tasks to queue
[2026-08-26T12:45:34.725+0000] {logging_mixin.py:188} INFO - [2026-08-26T12:45:34.725+0000] {dagbag.py:538} INFO - Filling up the DagBag from /opt/airflow/dags/retailpulse_dag.py
[2026-08-26T12:45:34.772+0000] {processor.py:840} INFO - DAG(s) 'retailpulse_medallion_pipeline' retrieved from /opt/airflow/dags/retailpulse_dag.py
[2026-08-26T12:45:34.850+0000] {logging_mixin.py:188} INFO - [2026-08-26T12:45:34.850+0000] {dag.py:3036} INFO - Sync 1 DAGs
[2026-08-26T12:45:34.883+0000] {logging_mixin.py:188} INFO - [2026-08-26T12:45:34.883+0000] {dag.py:3823} INFO - Setting next_dagrun for retailpulse_medallion_pipeline to 2026-08-26 00:00:00+00:00, run_after=2026-08-27 00:00:00+00:00
[2026-08-26T12:45:34.911+0000] {processor.py:183} INFO - Processing /opt/airflow/dags/retailpulse_dag.py took 0.198 seconds
[2026-08-26T12:46:05.166+0000] {processor.py:161} INFO - Started process (PID=3046) to work on /opt/airflow/dags/retailpulse_dag.py
[2026-08-26T12:46:05.169+0000] {processor.py:830} INFO - Processing file /opt/airflow/dags/retailpulse_dag.py for tasks to queue
[2026-08-26T12:46:05.171+0000] {logging_mixin.py:188} INFO - [2026-08-26T12:46:05.171+0000] {dagbag.py:538} INFO - Filling up the DagBag from /opt/airflow/dags/retailpulse_dag.py
[2026-08-26T12:46:05.217+0000] {processor.py:840} INFO - DAG(s) 'retailpulse_medallion_pipeline' retrieved from /opt/airflow/dags/retailpulse_dag.py
[2026-08-26T12:46:05.294+0000] {logging_mixin.py:188} INFO - [2026-08-26T12:46:05.294+0000] {dag.py:3036} INFO - Sync 1 DAGs
[2026-08-26T12:46:05.328+0000] {logging_mixin.py:188} INFO - [2026-08-26T12:46:05.328+0000] {dag.py:3823} INFO - Setting next_dagrun for retailpulse_medallion_pipeline to 2026-08-26 00:00:00+00:00, run_after=2026-08-27 00:00:00+00:00
[2026-08-26T12:46:05.362+0000] {processor.py:183} INFO - Processing /opt/airflow/dags/retailpulse_dag.py took 0.202 seconds
[2026-08-26T12:46:35.617+0000] {processor.py:161} INFO - Started process (PID=3051) to work on /opt/airflow/dags/retailpulse_dag.py
[2026-08-26T12:46:35.619+0000] {processor.py:830} INFO - Processing file /opt/airflow/dags/retailpulse_dag.py for tasks to queue
[2026-08-26T12:46:35.622+0000] {logging_mixin.py:188} INFO - [2026-08-26T12:46:35.621+0000] {dagbag.py:538} INFO - Filling up the DagBag from /opt/airflow/dags/retailpulse_dag.py
[2026-08-26T12:46:35.668+0000] {processor.py:840} INFO - DAG(s) 'retailpulse_medallion_pipeline' retrieved from /opt/airflow/dags/retailpulse_dag.py
[2026-08-26T12:46:35.751+0000] {logging_mixin.py:188} INFO - [2026-08-26T12:46:35.751+0000] {dag.py:3036} INFO - Sync 1 DAGs
[2026-08-26T12:46:35.785+0000] {logging_mixin.py:188} INFO - [2026-08-26T12:46:35.785+0000] {dag.py:3823} INFO - Setting next_dagrun for retailpulse_medallion_pipeline to 2026-08-26 00:00:00+00:00, run_after=2026-08-27 00:00:00+00:00
[2026-08-26T12:46:35.817+0000] {processor.py:183} INFO - Processing /opt/airflow/dags/retailpulse_dag.py took 0.206 seconds
[2026-08-26T12:47:06.226+0000] {processor.py:161} INFO - Started process (PID=3056) to work on /opt/airflow/dags/retailpulse_dag.py
[2026-08-26T12:47:06.229+0000] {processor.py:830} INFO - Processing file /opt/airflow/dags/retailpulse_dag.py for tasks to queue
[2026-08-26T12:47:06.231+0000] {logging_mixin.py:188} INFO - [2026-08-26T12:47:06.231+0000] {dagbag.py:538} INFO - Filling up the DagBag from /opt/airflow/dags/retailpulse_dag.py
[2026-08-26T12:47:06.279+0000] {processor.py:840} INFO - DAG(s) 'retailpulse_medallion_pipeline' retrieved from /opt/airflow/dags/retailpulse_dag.py
[2026-08-26T12:47:06.354+0000] {logging_mixin.py:188} INFO - [2026-08-26T12:47:06.353+0000] {dag.py:3036} INFO - Sync 1 DAGs
[2026-08-26T12:47:06.389+0000] {logging_mixin.py:188} INFO - [2026-08-26T12:47:06.388+0000] {dag.py:3823} INFO - Setting next_dagrun for retailpulse_medallion_pipeline to 2026-08-26 00:00:00+00:00, run_after=2026-08-27 00:00:00+00:00
[2026-08-26T12:47:06.419+0000] {processor.py:183} INFO - Processing /opt/airflow/dags/retailpulse_dag.py took 0.199 seconds
[2026-08-26T12:47:36.727+0000] {processor.py:161} INFO - Started process (PID=3061) to work on /opt/airflow/dags/retailpulse_dag.py
[2026-08-26T12:47:36.730+0000] {processor.py:830} INFO - Processing file /opt/airflow/dags/retailpulse_dag.py for tasks to queue
[2026-08-26T12:47:36.732+0000] {logging_mixin.py:188} INFO - [2026-08-26T12:47:36.732+0000] {dagbag.py:538} INFO - Filling up the DagBag from /opt/airflow/dags/retailpulse_dag.py
[2026-08-26T12:47:36.779+0000] {processor.py:840} INFO - DAG(s) 'retailpulse_medallion_pipeline' retrieved from /opt/airflow/dags/retailpulse_dag.py
[2026-08-26T12:47:36.854+0000] {logging_mixin.py:188} INFO - [2026-08-26T12:47:36.854+0000] {dag.py:3036} INFO - Sync 1 DAGs
[2026-08-26T12:47:36.890+0000] {logging_mixin.py:188} INFO - [2026-08-26T12:47:36.890+0000] {dag.py:3823} INFO - Setting next_dagrun for retailpulse_medallion_pipeline to 2026-08-26 00:00:00+00:00, run_after=2026-08-27 00:00:00+00:00
[2026-08-26T12:47:36.918+0000] {processor.py:183} INFO - Processing /opt/airflow/dags/retailpulse_dag.py took 0.197 seconds
[2026-08-26T12:48:07.428+0000] {processor.py:161} INFO - Started process (PID=3066) to work on /opt/airflow/dags/retailpulse_dag.py
[2026-08-26T12:48:07.430+0000] {processor.py:830} INFO - Processing file /opt/airflow/dags/retailpulse_dag.py for tasks to queue
[2026-08-26T12:48:07.433+0000] {logging_mixin.py:188} INFO - [2026-08-26T12:48:07.432+0000] {dagbag.py:538} INFO - Filling up the DagBag from /opt/airflow/dags/retailpulse_dag.py
[2026-08-26T12:48:07.477+0000] {processor.py:840} INFO - DAG(s) 'retailpulse_medallion_pipeline' retrieved from /opt/airflow/dags/retailpulse_dag.py
[2026-08-26T12:48:07.553+0000] {logging_mixin.py:188} INFO - [2026-08-26T12:48:07.553+0000] {dag.py:3036} INFO - Sync 1 DAGs
[2026-08-26T12:48:07.586+0000] {logging_mixin.py:188} INFO - [2026-08-26T12:48:07.586+0000] {dag.py:3823} INFO - Setting next_dagrun for retailpulse_medallion_pipeline to 2026-08-26 00:00:00+00:00, run_after=2026-08-27 00:00:00+00:00
[2026-08-26T12:48:07.616+0000] {processor.py:183} INFO - Processing /opt/airflow/dags/retailpulse_dag.py took 0.194 seconds
[2026-08-26T12:48:37.994+0000] {processor.py:161} INFO - Started process (PID=3071) to work on /opt/airflow/dags/retailpulse_dag.py
[2026-08-26T12:48:37.996+0000] {processor.py:830} INFO - Processing file /opt/airflow/dags/retailpulse_dag.py for tasks to queue
[2026-08-26T12:48:37.999+0000] {logging_mixin.py:188} INFO - [2026-08-26T12:48:37.998+0000] {dagbag.py:538} INFO - Filling up the DagBag from /opt/airflow/dags/retailpulse_dag.py
[2026-08-26T12:48:38.046+0000] {processor.py:840} INFO - DAG(s) 'retailpulse_medallion_pipeline' retrieved from /opt/airflow/dags/retailpulse_dag.py
[2026-08-26T12:48:38.124+0000] {logging_mixin.py:188} INFO - [2026-08-26T12:48:38.124+0000] {dag.py:3036} INFO - Sync 1 DAGs
[2026-08-26T12:48:38.157+0000] {logging_mixin.py:188} INFO - [2026-08-26T12:48:38.156+0000] {dag.py:3823} INFO - Setting next_dagrun for retailpulse_medallion_pipeline to 2026-08-26 00:00:00+00:00, run_after=2026-08-27 00:00:00+00:00
[2026-08-26T12:48:38.187+0000] {processor.py:183} INFO - Processing /opt/airflow/dags/retailpulse_dag.py took 0.199 seconds
[2026-08-26T12:49:08.721+0000] {processor.py:161} INFO - Started process (PID=3076) to work on /opt/airflow/dags/retailpulse_dag.py
[2026-08-26T12:49:08.723+0000] {processor.py:830} INFO - Processing file /opt/airflow/dags/retailpulse_dag.py for tasks to queue
[2026-08-26T12:49:08.726+0000] {logging_mixin.py:188} INFO - [2026-08-26T12:49:08.725+0000] {dagbag.py:538} INFO - Filling up the DagBag from /opt/airflow/dags/retailpulse_dag.py
[2026-08-26T12:49:08.768+0000] {processor.py:840} INFO - DAG(s) 'retailpulse_medallion_pipeline' retrieved from /opt/airflow/dags/retailpulse_dag.py
[2026-08-26T12:49:08.845+0000] {logging_mixin.py:188} INFO - [2026-08-26T12:49:08.845+0000] {dag.py:3036} INFO - Sync 1 DAGs
[2026-08-26T12:49:08.879+0000] {logging_mixin.py:188} INFO - [2026-08-26T12:49:08.879+0000] {dag.py:3823} INFO - Setting next_dagrun for retailpulse_medallion_pipeline to 2026-08-26 00:00:00+00:00, run_after=2026-08-27 00:00:00+00:00
[2026-08-26T12:49:08.907+0000] {processor.py:183} INFO - Processing /opt/airflow/dags/retailpulse_dag.py took 0.192 seconds
[2026-08-26T12:49:39.263+0000] {processor.py:161} INFO - Started process (PID=3081) to work on /opt/airflow/dags/retailpulse_dag.py
[2026-08-26T12:49:39.267+0000] {processor.py:830} INFO - Processing file /opt/airflow/dags/retailpulse_dag.py for tasks to queue
[2026-08-26T12:49:39.271+0000] {logging_mixin.py:188} INFO - [2026-08-26T12:49:39.270+0000] {dagbag.py:538} INFO - Filling up the DagBag from /opt/airflow/dags/retailpulse_dag.py
[2026-08-26T12:49:39.323+0000] {processor.py:840} INFO - DAG(s) 'retailpulse_medallion_pipeline' retrieved from /opt/airflow/dags/retailpulse_dag.py
[2026-08-26T12:49:39.404+0000] {logging_mixin.py:188} INFO - [2026-08-26T12:49:39.403+0000] {dag.py:3036} INFO - Sync 1 DAGs
[2026-08-26T12:49:39.442+0000] {logging_mixin.py:188} INFO - [2026-08-26T12:49:39.442+0000] {dag.py:3823} INFO - Setting next_dagrun for retailpulse_medallion_pipeline to 2026-08-26 00:00:00+00:00, run_after=2026-08-27 00:00:00+00:00
[2026-08-26T12:49:39.476+0000] {processor.py:183} INFO - Processing /opt/airflow/dags/retailpulse_dag.py took 0.222 seconds
[2026-08-26T12:50:09.919+0000] {processor.py:161} INFO - Started process (PID=3086) to work on /opt/airflow/dags/retailpulse_dag.py
[2026-08-26T12:50:09.925+0000] {processor.py:830} INFO - Processing file /opt/airflow/dags/retailpulse_dag.py for tasks to queue
[2026-08-26T12:50:09.932+0000] {logging_mixin.py:188} INFO - [2026-08-26T12:50:09.931+0000] {dagbag.py:538} INFO - Filling up the DagBag from /opt/airflow/dags/retailpulse_dag.py
[2026-08-26T12:50:10.019+0000] {processor.py:840} INFO - DAG(s) 'retailpulse_medallion_pipeline' retrieved from /opt/airflow/dags/retailpulse_dag.py
[2026-08-26T12:50:10.131+0000] {logging_mixin.py:188} INFO - [2026-08-26T12:50:10.130+0000] {dag.py:3036} INFO - Sync 1 DAGs
[2026-08-26T12:50:10.166+0000] {logging_mixin.py:188} INFO - [2026-08-26T12:50:10.166+0000] {dag.py:3823} INFO - Setting next_dagrun for retailpulse_medallion_pipeline to 2026-08-26 00:00:00+00:00, run_after=2026-08-27 00:00:00+00:00
[2026-08-26T12:50:10.195+0000] {processor.py:183} INFO - Processing /opt/airflow/dags/retailpulse_dag.py took 0.293 seconds
[2026-08-26T12:50:40.494+0000] {processor.py:161} INFO - Started process (PID=3091) to work on /opt/airflow/dags/retailpulse_dag.py
[2026-08-26T12:50:40.496+0000] {processor.py:830} INFO - Processing file /opt/airflow/dags/retailpulse_dag.py for tasks to queue
[2026-08-26T12:50:40.499+0000] {logging_mixin.py:188} INFO - [2026-08-26T12:50:40.498+0000] {dagbag.py:538} INFO - Filling up the DagBag from /opt/airflow/dags/retailpulse_dag.py
[2026-08-26T12:50:40.543+0000] {processor.py:840} INFO - DAG(s) 'retailpulse_medallion_pipeline' retrieved from /opt/airflow/dags/retailpulse_dag.py
[2026-08-26T12:50:40.632+0000] {logging_mixin.py:188} INFO - [2026-08-26T12:50:40.631+0000] {dag.py:3036} INFO - Sync 1 DAGs
[2026-08-26T12:50:40.684+0000] {logging_mixin.py:188} INFO - [2026-08-26T12:50:40.684+0000] {dag.py:3823} INFO - Setting next_dagrun for retailpulse_medallion_pipeline to 2026-08-26 00:00:00+00:00, run_after=2026-08-27 00:00:00+00:00
[2026-08-26T12:50:40.720+0000] {processor.py:183} INFO - Processing /opt/airflow/dags/retailpulse_dag.py took 0.232 seconds
[2026-08-26T12:51:11.158+0000] {processor.py:161} INFO - Started process (PID=3096) to work on /opt/airflow/dags/retailpulse_dag.py
[2026-08-26T12:51:11.160+0000] {processor.py:830} INFO - Processing file /opt/airflow/dags/retailpulse_dag.py for tasks to queue
[2026-08-26T12:51:11.162+0000] {logging_mixin.py:188} INFO - [2026-08-26T12:51:11.161+0000] {dagbag.py:538} INFO - Filling up the DagBag from /opt/airflow/dags/retailpulse_dag.py
[2026-08-26T12:51:11.204+0000] {processor.py:840} INFO - DAG(s) 'retailpulse_medallion_pipeline' retrieved from /opt/airflow/dags/retailpulse_dag.py
[2026-08-26T12:51:11.280+0000] {logging_mixin.py:188} INFO - [2026-08-26T12:51:11.280+0000] {dag.py:3036} INFO - Sync 1 DAGs
[2026-08-26T12:51:11.314+0000] {logging_mixin.py:188} INFO - [2026-08-26T12:51:11.313+0000] {dag.py:3823} INFO - Setting next_dagrun for retailpulse_medallion_pipeline to 2026-08-26 00:00:00+00:00, run_after=2026-08-27 00:00:00+00:00
[2026-08-26T12:51:11.345+0000] {processor.py:183} INFO - Processing /opt/airflow/dags/retailpulse_dag.py took 0.194 seconds
[2026-08-26T12:51:41.640+0000] {processor.py:161} INFO - Started process (PID=3101) to work on /opt/airflow/dags/retailpulse_dag.py
[2026-08-26T12:51:41.642+0000] {processor.py:830} INFO - Processing file /opt/airflow/dags/retailpulse_dag.py for tasks to queue
[2026-08-26T12:51:41.645+0000] {logging_mixin.py:188} INFO - [2026-08-26T12:51:41.644+0000] {dagbag.py:538} INFO - Filling up the DagBag from /opt/airflow/dags/retailpulse_dag.py
[2026-08-26T12:51:41.685+0000] {processor.py:840} INFO - DAG(s) 'retailpulse_medallion_pipeline' retrieved from /opt/airflow/dags/retailpulse_dag.py
[2026-08-26T12:51:41.760+0000] {logging_mixin.py:188} INFO - [2026-08-26T12:51:41.760+0000] {dag.py:3036} INFO - Sync 1 DAGs
[2026-08-26T12:51:41.796+0000] {logging_mixin.py:188} INFO - [2026-08-26T12:51:41.795+0000] {dag.py:3823} INFO - Setting next_dagrun for retailpulse_medallion_pipeline to 2026-08-26 00:00:00+00:00, run_after=2026-08-27 00:00:00+00:00
[2026-08-26T12:51:41.826+0000] {processor.py:183} INFO - Processing /opt/airflow/dags/retailpulse_dag.py took 0.191 seconds
[2026-08-26T12:52:12.214+0000] {processor.py:161} INFO - Started process (PID=3106) to work on /opt/airflow/dags/retailpulse_dag.py
[2026-08-26T12:52:12.216+0000] {processor.py:830} INFO - Processing file /opt/airflow/dags/retailpulse_dag.py for tasks to queue
[2026-08-26T12:52:12.218+0000] {logging_mixin.py:188} INFO - [2026-08-26T12:52:12.217+0000] {dagbag.py:538} INFO - Filling up the DagBag from /opt/airflow/dags/retailpulse_dag.py
[2026-08-26T12:52:12.260+0000] {processor.py:840} INFO - DAG(s) 'retailpulse_medallion_pipeline' retrieved from /opt/airflow/dags/retailpulse_dag.py
[2026-08-26T12:52:12.334+0000] {logging_mixin.py:188} INFO - [2026-08-26T12:52:12.333+0000] {dag.py:3036} INFO - Sync 1 DAGs
[2026-08-26T12:52:12.366+0000] {logging_mixin.py:188} INFO - [2026-08-26T12:52:12.366+0000] {dag.py:3823} INFO - Setting next_dagrun for retailpulse_medallion_pipeline to 2026-08-26 00:00:00+00:00, run_after=2026-08-27 00:00:00+00:00
[2026-08-26T12:52:12.400+0000] {processor.py:183} INFO - Processing /opt/airflow/dags/retailpulse_dag.py took 0.192 seconds
[2026-08-26T12:52:42.697+0000] {processor.py:161} INFO - Started process (PID=3111) to work on /opt/airflow/dags/retailpulse_dag.py
[2026-08-26T12:52:42.700+0000] {processor.py:830} INFO - Processing file /opt/airflow/dags/retailpulse_dag.py for tasks to queue
[2026-08-26T12:52:42.703+0000] {logging_mixin.py:188} INFO - [2026-08-26T12:52:42.703+0000] {dagbag.py:538} INFO - Filling up the DagBag from /opt/airflow/dags/retailpulse_dag.py
[2026-08-26T12:52:42.753+0000] {processor.py:840} INFO - DAG(s) 'retailpulse_medallion_pipeline' retrieved from /opt/airflow/dags/retailpulse_dag.py
[2026-08-26T12:52:42.831+0000] {logging_mixin.py:188} INFO - [2026-08-26T12:52:42.830+0000] {dag.py:3036} INFO - Sync 1 DAGs
[2026-08-26T12:52:42.865+0000] {logging_mixin.py:188} INFO - [2026-08-26T12:52:42.865+0000] {dag.py:3823} INFO - Setting next_dagrun for retailpulse_medallion_pipeline to 2026-08-26 00:00:00+00:00, run_after=2026-08-27 00:00:00+00:00
[2026-08-26T12:52:42.896+0000] {processor.py:183} INFO - Processing /opt/airflow/dags/retailpulse_dag.py took 0.207 seconds
[2026-08-26T12:53:13.321+0000] {processor.py:161} INFO - Started process (PID=3116) to work on /opt/airflow/dags/retailpulse_dag.py
[2026-08-26T12:53:13.323+0000] {processor.py:830} INFO - Processing file /opt/airflow/dags/retailpulse_dag.py for tasks to queue
[2026-08-26T12:53:13.326+0000] {logging_mixin.py:188} INFO - [2026-08-26T12:53:13.325+0000] {dagbag.py:538} INFO - Filling up the DagBag from /opt/airflow/dags/retailpulse_dag.py
[2026-08-26T12:53:13.371+0000] {processor.py:840} INFO - DAG(s) 'retailpulse_medallion_pipeline' retrieved from /opt/airflow/dags/retailpulse_dag.py
[2026-08-26T12:53:13.445+0000] {logging_mixin.py:188} INFO - [2026-08-26T12:53:13.445+0000] {dag.py:3036} INFO - Sync 1 DAGs
[2026-08-26T12:53:13.479+0000] {logging_mixin.py:188} INFO - [2026-08-26T12:53:13.479+0000] {dag.py:3823} INFO - Setting next_dagrun for retailpulse_medallion_pipeline to 2026-08-26 00:00:00+00:00, run_after=2026-08-27 00:00:00+00:00
[2026-08-26T12:53:13.510+0000] {processor.py:183} INFO - Processing /opt/airflow/dags/retailpulse_dag.py took 0.194 seconds
[2026-08-26T12:53:43.829+0000] {processor.py:161} INFO - Started process (PID=3121) to work on /opt/airflow/dags/retailpulse_dag.py
[2026-08-26T12:53:43.832+0000] {processor.py:830} INFO - Processing file /opt/airflow/dags/retailpulse_dag.py for tasks to queue
[2026-08-26T12:53:43.835+0000] {logging_mixin.py:188} INFO - [2026-08-26T12:53:43.834+0000] {dagbag.py:538} INFO - Filling up the DagBag from /opt/airflow/dags/retailpulse_dag.py
[2026-08-26T12:53:43.881+0000] {processor.py:840} INFO - DAG(s) 'retailpulse_medallion_pipeline' retrieved from /opt/airflow/dags/retailpulse_dag.py
[2026-08-26T12:53:43.960+0000] {logging_mixin.py:188} INFO - [2026-08-26T12:53:43.959+0000] {dag.py:3036} INFO - Sync 1 DAGs
[2026-08-26T12:53:43.994+0000] {logging_mixin.py:188} INFO - [2026-08-26T12:53:43.993+0000] {dag.py:3823} INFO - Setting next_dagrun for retailpulse_medallion_pipeline to 2026-08-26 00:00:00+00:00, run_after=2026-08-27 00:00:00+00:00
[2026-08-26T12:53:44.027+0000] {processor.py:183} INFO - Processing /opt/airflow/dags/retailpulse_dag.py took 0.203 seconds
[2026-08-26T12:54:14.376+0000] {processor.py:161} INFO - Started process (PID=3126) to work on /opt/airflow/dags/retailpulse_dag.py
[2026-08-26T12:54:14.379+0000] {processor.py:830} INFO - Processing file /opt/airflow/dags/retailpulse_dag.py for tasks to queue
[2026-08-26T12:54:14.383+0000] {logging_mixin.py:188} INFO - [2026-08-26T12:54:14.382+0000] {dagbag.py:538} INFO - Filling up the DagBag from /opt/airflow/dags/retailpulse_dag.py
[2026-08-26T12:54:14.437+0000] {processor.py:840} INFO - DAG(s) 'retailpulse_medallion_pipeline' retrieved from /opt/airflow/dags/retailpulse_dag.py
[2026-08-26T12:54:14.518+0000] {logging_mixin.py:188} INFO - [2026-08-26T12:54:14.517+0000] {dag.py:3036} INFO - Sync 1 DAGs
[2026-08-26T12:54:14.550+0000] {logging_mixin.py:188} INFO - [2026-08-26T12:54:14.550+0000] {dag.py:3823} INFO - Setting next_dagrun for retailpulse_medallion_pipeline to 2026-08-26 00:00:00+00:00, run_after=2026-08-27 00:00:00+00:00
[2026-08-26T12:54:14.581+0000] {processor.py:183} INFO - Processing /opt/airflow/dags/retailpulse_dag.py took 0.213 seconds
[2026-08-26T12:54:44.922+0000] {processor.py:161} INFO - Started process (PID=3131) to work on /opt/airflow/dags/retailpulse_dag.py
[2026-08-26T12:54:44.925+0000] {processor.py:830} INFO - Processing file /opt/airflow/dags/retailpulse_dag.py for tasks to queue
[2026-08-26T12:54:44.927+0000] {logging_mixin.py:188} INFO - [2026-08-26T12:54:44.927+0000] {dagbag.py:538} INFO - Filling up the DagBag from /opt/airflow/dags/retailpulse_dag.py
[2026-08-26T12:54:44.974+0000] {processor.py:840} INFO - DAG(s) 'retailpulse_medallion_pipeline' retrieved from /opt/airflow/dags/retailpulse_dag.py
[2026-08-26T12:54:45.051+0000] {logging_mixin.py:188} INFO - [2026-08-26T12:54:45.051+0000] {dag.py:3036} INFO - Sync 1 DAGs
[2026-08-26T12:54:45.086+0000] {logging_mixin.py:188} INFO - [2026-08-26T12:54:45.086+0000] {dag.py:3823} INFO - Setting next_dagrun for retailpulse_medallion_pipeline to 2026-08-26 00:00:00+00:00, run_after=2026-08-27 00:00:00+00:00
[2026-08-26T12:54:45.118+0000] {processor.py:183} INFO - Processing /opt/airflow/dags/retailpulse_dag.py took 0.203 seconds
[2026-08-26T12:55:15.562+0000] {processor.py:161} INFO - Started process (PID=3136) to work on /opt/airflow/dags/retailpulse_dag.py
[2026-08-26T12:55:15.564+0000] {processor.py:830} INFO - Processing file /opt/airflow/dags/retailpulse_dag.py for tasks to queue
[2026-08-26T12:55:15.567+0000] {logging_mixin.py:188} INFO - [2026-08-26T12:55:15.566+0000] {dagbag.py:538} INFO - Filling up the DagBag from /opt/airflow/dags/retailpulse_dag.py
[2026-08-26T12:55:15.618+0000] {processor.py:840} INFO - DAG(s) 'retailpulse_medallion_pipeline' retrieved from /opt/airflow/dags/retailpulse_dag.py
[2026-08-26T12:55:15.709+0000] {logging_mixin.py:188} INFO - [2026-08-26T12:55:15.709+0000] {dag.py:3036} INFO - Sync 1 DAGs
[2026-08-26T12:55:15.748+0000] {logging_mixin.py:188} INFO - [2026-08-26T12:55:15.748+0000] {dag.py:3823} INFO - Setting next_dagrun for retailpulse_medallion_pipeline to 2026-08-26 00:00:00+00:00, run_after=2026-08-27 00:00:00+00:00
[2026-08-26T12:55:15.781+0000] {processor.py:183} INFO - Processing /opt/airflow/dags/retailpulse_dag.py took 0.225 seconds
[2026-08-26T12:55:46.092+0000] {processor.py:161} INFO - Started process (PID=3141) to work on /opt/airflow/dags/retailpulse_dag.py
[2026-08-26T12:55:46.095+0000] {processor.py:830} INFO - Processing file /opt/airflow/dags/retailpulse_dag.py for tasks to queue
[2026-08-26T12:55:46.097+0000] {logging_mixin.py:188} INFO - [2026-08-26T12:55:46.097+0000] {dagbag.py:538} INFO - Filling up the DagBag from /opt/airflow/dags/retailpulse_dag.py
[2026-08-26T12:55:46.145+0000] {processor.py:840} INFO - DAG(s) 'retailpulse_medallion_pipeline' retrieved from /opt/airflow/dags/retailpulse_dag.py
[2026-08-26T12:55:46.223+0000] {logging_mixin.py:188} INFO - [2026-08-26T12:55:46.223+0000] {dag.py:3036} INFO - Sync 1 DAGs
[2026-08-26T12:55:46.258+0000] {logging_mixin.py:188} INFO - [2026-08-26T12:55:46.258+0000] {dag.py:3823} INFO - Setting next_dagrun for retailpulse_medallion_pipeline to 2026-08-26 00:00:00+00:00, run_after=2026-08-27 00:00:00+00:00
[2026-08-26T12:55:46.289+0000] {processor.py:183} INFO - Processing /opt/airflow/dags/retailpulse_dag.py took 0.204 seconds
[2026-08-26T12:56:16.717+0000] {processor.py:161} INFO - Started process (PID=3146) to work on /opt/airflow/dags/retailpulse_dag.py
[2026-08-26T12:56:16.719+0000] {processor.py:830} INFO - Processing file /opt/airflow/dags/retailpulse_dag.py for tasks to queue
[2026-08-26T12:56:16.722+0000] {logging_mixin.py:188} INFO - [2026-08-26T12:56:16.721+0000] {dagbag.py:538} INFO - Filling up the DagBag from /opt/airflow/dags/retailpulse_dag.py
[2026-08-26T12:56:16.775+0000] {processor.py:840} INFO - DAG(s) 'retailpulse_medallion_pipeline' retrieved from /opt/airflow/dags/retailpulse_dag.py
[2026-08-26T12:56:16.849+0000] {logging_mixin.py:188} INFO - [2026-08-26T12:56:16.849+0000] {dag.py:3036} INFO - Sync 1 DAGs
[2026-08-26T12:56:16.883+0000] {logging_mixin.py:188} INFO - [2026-08-26T12:56:16.883+0000] {dag.py:3823} INFO - Setting next_dagrun for retailpulse_medallion_pipeline to 2026-08-26 00:00:00+00:00, run_after=2026-08-27 00:00:00+00:00
[2026-08-26T12:56:16.913+0000] {processor.py:183} INFO - Processing /opt/airflow/dags/retailpulse_dag.py took 0.201 seconds
[2026-08-26T12:56:47.271+0000] {processor.py:161} INFO - Started process (PID=3151) to work on /opt/airflow/dags/retailpulse_dag.py
[2026-08-26T12:56:47.273+0000] {processor.py:830} INFO - Processing file /opt/airflow/dags/retailpulse_dag.py for tasks to queue
[2026-08-26T12:56:47.276+0000] {logging_mixin.py:188} INFO - [2026-08-26T12:56:47.275+0000] {dagbag.py:538} INFO - Filling up the DagBag from /opt/airflow/dags/retailpulse_dag.py
[2026-08-26T12:56:47.322+0000] {processor.py:840} INFO - DAG(s) 'retailpulse_medallion_pipeline' retrieved from /opt/airflow/dags/retailpulse_dag.py
[2026-08-26T12:56:47.414+0000] {logging_mixin.py:188} INFO - [2026-08-26T12:56:47.413+0000] {dag.py:3036} INFO - Sync 1 DAGs
[2026-08-26T12:56:47.457+0000] {logging_mixin.py:188} INFO - [2026-08-26T12:56:47.456+0000] {dag.py:3823} INFO - Setting next_dagrun for retailpulse_medallion_pipeline to 2026-08-26 00:00:00+00:00, run_after=2026-08-27 00:00:00+00:00
[2026-08-26T12:56:47.491+0000] {processor.py:183} INFO - Processing /opt/airflow/dags/retailpulse_dag.py took 0.226 seconds
[2026-08-26T12:57:17.765+0000] {processor.py:161} INFO - Started process (PID=3156) to work on /opt/airflow/dags/retailpulse_dag.py
[2026-08-26T12:57:17.769+0000] {processor.py:830} INFO - Processing file /opt/airflow/dags/retailpulse_dag.py for tasks to queue
[2026-08-26T12:57:17.772+0000] {logging_mixin.py:188} INFO - [2026-08-26T12:57:17.771+0000] {dagbag.py:538} INFO - Filling up the DagBag from /opt/airflow/dags/retailpulse_dag.py
[2026-08-26T12:57:17.817+0000] {processor.py:840} INFO - DAG(s) 'retailpulse_medallion_pipeline' retrieved from /opt/airflow/dags/retailpulse_dag.py
[2026-08-26T12:57:17.895+0000] {logging_mixin.py:188} INFO - [2026-08-26T12:57:17.894+0000] {dag.py:3036} INFO - Sync 1 DAGs
[2026-08-26T12:57:17.927+0000] {logging_mixin.py:188} INFO - [2026-08-26T12:57:17.927+0000] {dag.py:3823} INFO - Setting next_dagrun for retailpulse_medallion_pipeline to 2026-08-26 00:00:00+00:00, run_after=2026-08-27 00:00:00+00:00
[2026-08-26T12:57:17.959+0000] {processor.py:183} INFO - Processing /opt/airflow/dags/retailpulse_dag.py took 0.202 seconds
[2026-08-26T12:57:48.268+0000] {processor.py:161} INFO - Started process (PID=3161) to work on /opt/airflow/dags/retailpulse_dag.py
[2026-08-26T12:57:48.270+0000] {processor.py:830} INFO - Processing file /opt/airflow/dags/retailpulse_dag.py for tasks to queue
[2026-08-26T12:57:48.273+0000] {logging_mixin.py:188} INFO - [2026-08-26T12:57:48.272+0000] {dagbag.py:538} INFO - Filling up the DagBag from /opt/airflow/dags/retailpulse_dag.py
[2026-08-26T12:57:48.313+0000] {processor.py:840} INFO - DAG(s) 'retailpulse_medallion_pipeline' retrieved from /opt/airflow/dags/retailpulse_dag.py
[2026-08-26T12:57:48.389+0000] {logging_mixin.py:188} INFO - [2026-08-26T12:57:48.389+0000] {dag.py:3036} INFO - Sync 1 DAGs
[2026-08-26T12:57:48.424+0000] {logging_mixin.py:188} INFO - [2026-08-26T12:57:48.424+0000] {dag.py:3823} INFO - Setting next_dagrun for retailpulse_medallion_pipeline to 2026-08-26 00:00:00+00:00, run_after=2026-08-27 00:00:00+00:00
[2026-08-26T12:57:48.455+0000] {processor.py:183} INFO - Processing /opt/airflow/dags/retailpulse_dag.py took 0.193 seconds
[2026-08-26T12:58:18.926+0000] {processor.py:161} INFO - Started process (PID=3166) to work on /opt/airflow/dags/retailpulse_dag.py
[2026-08-26T12:58:18.928+0000] {processor.py:830} INFO - Processing file /opt/airflow/dags/retailpulse_dag.py for tasks to queue
[2026-08-26T12:58:18.931+0000] {logging_mixin.py:188} INFO - [2026-08-26T12:58:18.930+0000] {dagbag.py:538} INFO - Filling up the DagBag from /opt/airflow/dags/retailpulse_dag.py
[2026-08-26T12:58:18.973+0000] {processor.py:840} INFO - DAG(s) 'retailpulse_medallion_pipeline' retrieved from /opt/airflow/dags/retailpulse_dag.py
[2026-08-26T12:58:19.049+0000] {logging_mixin.py:188} INFO - [2026-08-26T12:58:19.049+0000] {dag.py:3036} INFO - Sync 1 DAGs
[2026-08-26T12:58:19.083+0000] {logging_mixin.py:188} INFO - [2026-08-26T12:58:19.082+0000] {dag.py:3823} INFO - Setting next_dagrun for retailpulse_medallion_pipeline to 2026-08-26 00:00:00+00:00, run_after=2026-08-27 00:00:00+00:00
[2026-08-26T12:58:19.115+0000] {processor.py:183} INFO - Processing /opt/airflow/dags/retailpulse_dag.py took 0.196 seconds
[2026-08-26T12:58:49.363+0000] {processor.py:161} INFO - Started process (PID=3171) to work on /opt/airflow/dags/retailpulse_dag.py
[2026-08-26T12:58:49.366+0000] {processor.py:830} INFO - Processing file /opt/airflow/dags/retailpulse_dag.py for tasks to queue
[2026-08-26T12:58:49.369+0000] {logging_mixin.py:188} INFO - [2026-08-26T12:58:49.368+0000] {dagbag.py:538} INFO - Filling up the DagBag from /opt/airflow/dags/retailpulse_dag.py
[2026-08-26T12:58:49.418+0000] {processor.py:840} INFO - DAG(s) 'retailpulse_medallion_pipeline' retrieved from /opt/airflow/dags/retailpulse_dag.py
[2026-08-26T12:58:49.494+0000] {logging_mixin.py:188} INFO - [2026-08-26T12:58:49.494+0000] {dag.py:3036} INFO - Sync 1 DAGs
[2026-08-26T12:58:49.530+0000] {logging_mixin.py:188} INFO - [2026-08-26T12:58:49.529+0000] {dag.py:3823} INFO - Setting next_dagrun for retailpulse_medallion_pipeline to 2026-08-26 00:00:00+00:00, run_after=2026-08-27 00:00:00+00:00
[2026-08-26T12:58:49.558+0000] {processor.py:183} INFO - Processing /opt/airflow/dags/retailpulse_dag.py took 0.202 seconds
[2026-08-26T12:59:19.950+0000] {processor.py:161} INFO - Started process (PID=3176) to work on /opt/airflow/dags/retailpulse_dag.py
[2026-08-26T12:59:19.952+0000] {processor.py:830} INFO - Processing file /opt/airflow/dags/retailpulse_dag.py for tasks to queue
[2026-08-26T12:59:19.954+0000] {logging_mixin.py:188} INFO - [2026-08-26T12:59:19.954+0000] {dagbag.py:538} INFO - Filling up the DagBag from /opt/airflow/dags/retailpulse_dag.py
[2026-08-26T12:59:20.002+0000] {processor.py:840} INFO - DAG(s) 'retailpulse_medallion_pipeline' retrieved from /opt/airflow/dags/retailpulse_dag.py
[2026-08-26T12:59:20.088+0000] {logging_mixin.py:188} INFO - [2026-08-26T12:59:20.088+0000] {dag.py:3036} INFO - Sync 1 DAGs
[2026-08-26T12:59:20.131+0000] {logging_mixin.py:188} INFO - [2026-08-26T12:59:20.131+0000] {dag.py:3823} INFO - Setting next_dagrun for retailpulse_medallion_pipeline to 2026-08-26 00:00:00+00:00, run_after=2026-08-27 00:00:00+00:00
[2026-08-26T12:59:20.169+0000] {processor.py:183} INFO - Processing /opt/airflow/dags/retailpulse_dag.py took 0.225 seconds
[2026-08-26T12:59:50.484+0000] {processor.py:161} INFO - Started process (PID=3181) to work on /opt/airflow/dags/retailpulse_dag.py
[2026-08-26T12:59:50.488+0000] {processor.py:830} INFO - Processing file /opt/airflow/dags/retailpulse_dag.py for tasks to queue
[2026-08-26T12:59:50.493+0000] {logging_mixin.py:188} INFO - [2026-08-26T12:59:50.491+0000] {dagbag.py:538} INFO - Filling up the DagBag from /opt/airflow/dags/retailpulse_dag.py
[2026-08-26T12:59:50.553+0000] {processor.py:840} INFO - DAG(s) 'retailpulse_medallion_pipeline' retrieved from /opt/airflow/dags/retailpulse_dag.py
[2026-08-26T12:59:50.628+0000] {logging_mixin.py:188} INFO - [2026-08-26T12:59:50.628+0000] {dag.py:3036} INFO - Sync 1 DAGs
[2026-08-26T12:59:50.660+0000] {logging_mixin.py:188} INFO - [2026-08-26T12:59:50.660+0000] {dag.py:3823} INFO - Setting next_dagrun for retailpulse_medallion_pipeline to 2026-08-26 00:00:00+00:00, run_after=2026-08-27 00:00:00+00:00
[2026-08-26T12:59:50.690+0000] {processor.py:183} INFO - Processing /opt/airflow/dags/retailpulse_dag.py took 0.219 seconds
[2026-08-26T13:00:21.088+0000] {processor.py:161} INFO - Started process (PID=3186) to work on /opt/airflow/dags/retailpulse_dag.py
[2026-08-26T13:00:21.090+0000] {processor.py:830} INFO - Processing file /opt/airflow/dags/retailpulse_dag.py for tasks to queue
[2026-08-26T13:00:21.093+0000] {logging_mixin.py:188} INFO - [2026-08-26T13:00:21.092+0000] {dagbag.py:538} INFO - Filling up the DagBag from /opt/airflow/dags/retailpulse_dag.py
[2026-08-26T13:00:21.138+0000] {processor.py:840} INFO - DAG(s) 'retailpulse_medallion_pipeline' retrieved from /opt/airflow/dags/retailpulse_dag.py
[2026-08-26T13:00:21.232+0000] {logging_mixin.py:188} INFO - [2026-08-26T13:00:21.231+0000] {dag.py:3036} INFO - Sync 1 DAGs
[2026-08-26T13:00:21.274+0000] {logging_mixin.py:188} INFO - [2026-08-26T13:00:21.273+0000] {dag.py:3823} INFO - Setting next_dagrun for retailpulse_medallion_pipeline to 2026-08-26 00:00:00+00:00, run_after=2026-08-27 00:00:00+00:00
[2026-08-26T13:00:21.309+0000] {processor.py:183} INFO - Processing /opt/airflow/dags/retailpulse_dag.py took 0.226 seconds
[2026-08-26T13:00:51.589+0000] {processor.py:161} INFO - Started process (PID=3191) to work on /opt/airflow/dags/retailpulse_dag.py
[2026-08-26T13:00:51.592+0000] {processor.py:830} INFO - Processing file /opt/airflow/dags/retailpulse_dag.py for tasks to queue
[2026-08-26T13:00:51.594+0000] {logging_mixin.py:188} INFO - [2026-08-26T13:00:51.593+0000] {dagbag.py:538} INFO - Filling up the DagBag from /opt/airflow/dags/retailpulse_dag.py
[2026-08-26T13:00:51.637+0000] {processor.py:840} INFO - DAG(s) 'retailpulse_medallion_pipeline' retrieved from /opt/airflow/dags/retailpulse_dag.py
[2026-08-26T13:00:51.714+0000] {logging_mixin.py:188} INFO - [2026-08-26T13:00:51.714+0000] {dag.py:3036} INFO - Sync 1 DAGs
[2026-08-26T13:00:51.746+0000] {logging_mixin.py:188} INFO - [2026-08-26T13:00:51.746+0000] {dag.py:3823} INFO - Setting next_dagrun for retailpulse_medallion_pipeline to 2026-08-26 00:00:00+00:00, run_after=2026-08-27 00:00:00+00:00
[2026-08-26T13:00:51.778+0000] {processor.py:183} INFO - Processing /opt/airflow/dags/retailpulse_dag.py took 0.194 seconds
[2026-08-26T13:01:22.083+0000] {processor.py:161} INFO - Started process (PID=3196) to work on /opt/airflow/dags/retailpulse_dag.py
[2026-08-26T13:01:22.085+0000] {processor.py:830} INFO - Processing file /opt/airflow/dags/retailpulse_dag.py for tasks to queue
[2026-08-26T13:01:22.088+0000] {logging_mixin.py:188} INFO - [2026-08-26T13:01:22.088+0000] {dagbag.py:538} INFO - Filling up the DagBag from /opt/airflow/dags/retailpulse_dag.py
[2026-08-26T13:01:22.177+0000] {processor.py:840} INFO - DAG(s) 'retailpulse_medallion_pipeline' retrieved from /opt/airflow/dags/retailpulse_dag.py
[2026-08-26T13:01:22.365+0000] {logging_mixin.py:188} INFO - [2026-08-26T13:01:22.364+0000] {dag.py:3036} INFO - Sync 1 DAGs
[2026-08-26T13:01:22.442+0000] {logging_mixin.py:188} INFO - [2026-08-26T13:01:22.442+0000] {dag.py:3823} INFO - Setting next_dagrun for retailpulse_medallion_pipeline to 2026-08-26 00:00:00+00:00, run_after=2026-08-27 00:00:00+00:00
[2026-08-26T13:01:22.519+0000] {processor.py:183} INFO - Processing /opt/airflow/dags/retailpulse_dag.py took 0.453 seconds
[2026-08-26T13:01:52.836+0000] {processor.py:161} INFO - Started process (PID=3201) to work on /opt/airflow/dags/retailpulse_dag.py
[2026-08-26T13:01:52.838+0000] {processor.py:830} INFO - Processing file /opt/airflow/dags/retailpulse_dag.py for tasks to queue
[2026-08-26T13:01:52.841+0000] {logging_mixin.py:188} INFO - [2026-08-26T13:01:52.841+0000] {dagbag.py:538} INFO - Filling up the DagBag from /opt/airflow/dags/retailpulse_dag.py
[2026-08-26T13:01:52.898+0000] {processor.py:840} INFO - DAG(s) 'retailpulse_medallion_pipeline' retrieved from /opt/airflow/dags/retailpulse_dag.py
[2026-08-26T13:01:53.012+0000] {logging_mixin.py:188} INFO - [2026-08-26T13:01:53.012+0000] {dag.py:3036} INFO - Sync 1 DAGs
[2026-08-26T13:01:53.067+0000] {logging_mixin.py:188} INFO - [2026-08-26T13:01:53.066+0000] {dag.py:3823} INFO - Setting next_dagrun for retailpulse_medallion_pipeline to 2026-08-26 00:00:00+00:00, run_after=2026-08-27 00:00:00+00:00
[2026-08-26T13:01:53.110+0000] {processor.py:183} INFO - Processing /opt/airflow/dags/retailpulse_dag.py took 0.281 seconds
[2026-08-26T13:02:23.473+0000] {processor.py:161} INFO - Started process (PID=3206) to work on /opt/airflow/dags/retailpulse_dag.py
[2026-08-26T13:02:23.476+0000] {processor.py:830} INFO - Processing file /opt/airflow/dags/retailpulse_dag.py for tasks to queue
[2026-08-26T13:02:23.480+0000] {logging_mixin.py:188} INFO - [2026-08-26T13:02:23.479+0000] {dagbag.py:538} INFO - Filling up the DagBag from /opt/airflow/dags/retailpulse_dag.py
[2026-08-26T13:02:23.527+0000] {processor.py:840} INFO - DAG(s) 'retailpulse_medallion_pipeline' retrieved from /opt/airflow/dags/retailpulse_dag.py
[2026-08-26T13:02:23.622+0000] {logging_mixin.py:188} INFO - [2026-08-26T13:02:23.621+0000] {dag.py:3036} INFO - Sync 1 DAGs
[2026-08-26T13:02:23.663+0000] {logging_mixin.py:188} INFO - [2026-08-26T13:02:23.663+0000] {dag.py:3823} INFO - Setting next_dagrun for retailpulse_medallion_pipeline to 2026-08-26 00:00:00+00:00, run_after=2026-08-27 00:00:00+00:00
[2026-08-26T13:02:23.702+0000] {processor.py:183} INFO - Processing /opt/airflow/dags/retailpulse_dag.py took 0.239 seconds
[2026-08-26T13:02:54.033+0000] {processor.py:161} INFO - Started process (PID=3211) to work on /opt/airflow/dags/retailpulse_dag.py
[2026-08-26T13:02:54.036+0000] {processor.py:830} INFO - Processing file /opt/airflow/dags/retailpulse_dag.py for tasks to queue
[2026-08-26T13:02:54.038+0000] {logging_mixin.py:188} INFO - [2026-08-26T13:02:54.037+0000] {dagbag.py:538} INFO - Filling up the DagBag from /opt/airflow/dags/retailpulse_dag.py
[2026-08-26T13:02:54.085+0000] {processor.py:840} INFO - DAG(s) 'retailpulse_medallion_pipeline' retrieved from /opt/airflow/dags/retailpulse_dag.py
[2026-08-26T13:02:54.166+0000] {logging_mixin.py:188} INFO - [2026-08-26T13:02:54.166+0000] {dag.py:3036} INFO - Sync 1 DAGs
[2026-08-26T13:02:54.204+0000] {logging_mixin.py:188} INFO - [2026-08-26T13:02:54.203+0000] {dag.py:3823} INFO - Setting next_dagrun for retailpulse_medallion_pipeline to 2026-08-26 00:00:00+00:00, run_after=2026-08-27 00:00:00+00:00
[2026-08-26T13:02:54.240+0000] {processor.py:183} INFO - Processing /opt/airflow/dags/retailpulse_dag.py took 0.214 seconds
[2026-08-26T13:03:24.683+0000] {processor.py:161} INFO - Started process (PID=3216) to work on /opt/airflow/dags/retailpulse_dag.py
[2026-08-26T13:03:24.685+0000] {processor.py:830} INFO - Processing file /opt/airflow/dags/retailpulse_dag.py for tasks to queue
[2026-08-26T13:03:24.689+0000] {logging_mixin.py:188} INFO - [2026-08-26T13:03:24.688+0000] {dagbag.py:538} INFO - Filling up the DagBag from /opt/airflow/dags/retailpulse_dag.py
[2026-08-26T13:03:24.765+0000] {processor.py:840} INFO - DAG(s) 'retailpulse_medallion_pipeline' retrieved from /opt/airflow/dags/retailpulse_dag.py
[2026-08-26T13:03:24.837+0000] {logging_mixin.py:188} INFO - [2026-08-26T13:03:24.837+0000] {dag.py:3036} INFO - Sync 1 DAGs
[2026-08-26T13:03:24.870+0000] {logging_mixin.py:188} INFO - [2026-08-26T13:03:24.870+0000] {dag.py:3823} INFO - Setting next_dagrun for retailpulse_medallion_pipeline to 2026-08-26 00:00:00+00:00, run_after=2026-08-27 00:00:00+00:00
[2026-08-26T13:03:24.899+0000] {processor.py:183} INFO - Processing /opt/airflow/dags/retailpulse_dag.py took 0.222 seconds
[2026-08-26T13:03:55.206+0000] {processor.py:161} INFO - Started process (PID=3221) to work on /opt/airflow/dags/retailpulse_dag.py
[2026-08-26T13:03:55.208+0000] {processor.py:830} INFO - Processing file /opt/airflow/dags/retailpulse_dag.py for tasks to queue
[2026-08-26T13:03:55.211+0000] {logging_mixin.py:188} INFO - [2026-08-26T13:03:55.210+0000] {dagbag.py:538} INFO - Filling up the DagBag from /opt/airflow/dags/retailpulse_dag.py
[2026-08-26T13:03:55.256+0000] {processor.py:840} INFO - DAG(s) 'retailpulse_medallion_pipeline' retrieved from /opt/airflow/dags/retailpulse_dag.py
[2026-08-26T13:03:55.348+0000] {logging_mixin.py:188} INFO - [2026-08-26T13:03:55.347+0000] {dag.py:3036} INFO - Sync 1 DAGs
[2026-08-26T13:03:55.381+0000] {logging_mixin.py:188} INFO - [2026-08-26T13:03:55.381+0000] {dag.py:3823} INFO - Setting next_dagrun for retailpulse_medallion_pipeline to 2026-08-26 00:00:00+00:00, run_after=2026-08-27 00:00:00+00:00
[2026-08-26T13:03:55.412+0000] {processor.py:183} INFO - Processing /opt/airflow/dags/retailpulse_dag.py took 0.216 seconds
[2026-08-26T13:04:25.881+0000] {processor.py:161} INFO - Started process (PID=3226) to work on /opt/airflow/dags/retailpulse_dag.py
[2026-08-26T13:04:25.883+0000] {processor.py:830} INFO - Processing file /opt/airflow/dags/retailpulse_dag.py for tasks to queue
[2026-08-26T13:04:25.886+0000] {logging_mixin.py:188} INFO - [2026-08-26T13:04:25.885+0000] {dagbag.py:538} INFO - Filling up the DagBag from /opt/airflow/dags/retailpulse_dag.py
[2026-08-26T13:04:25.935+0000] {processor.py:840} INFO - DAG(s) 'retailpulse_medallion_pipeline' retrieved from /opt/airflow/dags/retailpulse_dag.py
[2026-08-26T13:04:26.010+0000] {logging_mixin.py:188} INFO - [2026-08-26T13:04:26.010+0000] {dag.py:3036} INFO - Sync 1 DAGs
[2026-08-26T13:04:26.044+0000] {logging_mixin.py:188} INFO - [2026-08-26T13:04:26.044+0000] {dag.py:3823} INFO - Setting next_dagrun for retailpulse_medallion_pipeline to 2026-08-26 00:00:00+00:00, run_after=2026-08-27 00:00:00+00:00
[2026-08-26T13:04:26.076+0000] {processor.py:183} INFO - Processing /opt/airflow/dags/retailpulse_dag.py took 0.201 seconds
[2026-08-26T13:04:56.375+0000] {processor.py:161} INFO - Started process (PID=3231) to work on /opt/airflow/dags/retailpulse_dag.py
[2026-08-26T13:04:56.378+0000] {processor.py:830} INFO - Processing file /opt/airflow/dags/retailpulse_dag.py for tasks to queue
[2026-08-26T13:04:56.380+0000] {logging_mixin.py:188} INFO - [2026-08-26T13:04:56.380+0000] {dagbag.py:538} INFO - Filling up the DagBag from /opt/airflow/dags/retailpulse_dag.py
[2026-08-26T13:04:56.440+0000] {processor.py:840} INFO - DAG(s) 'retailpulse_medallion_pipeline' retrieved from /opt/airflow/dags/retailpulse_dag.py
[2026-08-26T13:04:56.544+0000] {logging_mixin.py:188} INFO - [2026-08-26T13:04:56.544+0000] {dag.py:3036} INFO - Sync 1 DAGs
[2026-08-26T13:04:56.580+0000] {logging_mixin.py:188} INFO - [2026-08-26T13:04:56.580+0000] {dag.py:3823} INFO - Setting next_dagrun for retailpulse_medallion_pipeline to 2026-08-26 00:00:00+00:00, run_after=2026-08-27 00:00:00+00:00
[2026-08-26T13:04:56.609+0000] {processor.py:183} INFO - Processing /opt/airflow/dags/retailpulse_dag.py took 0.240 seconds
[2026-08-26T13:05:27.038+0000] {processor.py:161} INFO - Started process (PID=3236) to work on /opt/airflow/dags/retailpulse_dag.py
[2026-08-26T13:05:27.041+0000] {processor.py:830} INFO - Processing file /opt/airflow/dags/retailpulse_dag.py for tasks to queue
[2026-08-26T13:05:27.046+0000] {logging_mixin.py:188} INFO - [2026-08-26T13:05:27.045+0000] {dagbag.py:538} INFO - Filling up the DagBag from /opt/airflow/dags/retailpulse_dag.py
[2026-08-26T13:05:27.110+0000] {processor.py:840} INFO - DAG(s) 'retailpulse_medallion_pipeline' retrieved from /opt/airflow/dags/retailpulse_dag.py
[2026-08-26T13:05:27.245+0000] {logging_mixin.py:188} INFO - [2026-08-26T13:05:27.245+0000] {dag.py:3036} INFO - Sync 1 DAGs
[2026-08-26T13:05:27.315+0000] {logging_mixin.py:188} INFO - [2026-08-26T13:05:27.314+0000] {dag.py:3823} INFO - Setting next_dagrun for retailpulse_medallion_pipeline to 2026-08-26 00:00:00+00:00, run_after=2026-08-27 00:00:00+00:00
[2026-08-26T13:05:27.398+0000] {processor.py:183} INFO - Processing /opt/airflow/dags/retailpulse_dag.py took 0.372 seconds
[2026-08-26T13:05:57.647+0000] {processor.py:161} INFO - Started process (PID=3241) to work on /opt/airflow/dags/retailpulse_dag.py
[2026-08-26T13:05:57.651+0000] {processor.py:830} INFO - Processing file /opt/airflow/dags/retailpulse_dag.py for tasks to queue
[2026-08-26T13:05:57.655+0000] {logging_mixin.py:188} INFO - [2026-08-26T13:05:57.654+0000] {dagbag.py:538} INFO - Filling up the DagBag from /opt/airflow/dags/retailpulse_dag.py
[2026-08-26T13:05:57.704+0000] {processor.py:840} INFO - DAG(s) 'retailpulse_medallion_pipeline' retrieved from /opt/airflow/dags/retailpulse_dag.py
[2026-08-26T13:05:57.781+0000] {logging_mixin.py:188} INFO - [2026-08-26T13:05:57.781+0000] {dag.py:3036} INFO - Sync 1 DAGs
[2026-08-26T13:05:57.815+0000] {logging_mixin.py:188} INFO - [2026-08-26T13:05:57.815+0000] {dag.py:3823} INFO - Setting next_dagrun for retailpulse_medallion_pipeline to 2026-08-26 00:00:00+00:00, run_after=2026-08-27 00:00:00+00:00
[2026-08-26T13:05:57.846+0000] {processor.py:183} INFO - Processing /opt/airflow/dags/retailpulse_dag.py took 0.207 seconds
[2026-08-26T13:06:28.199+0000] {processor.py:161} INFO - Started process (PID=3246) to work on /opt/airflow/dags/retailpulse_dag.py
[2026-08-26T13:06:28.202+0000] {processor.py:830} INFO - Processing file /opt/airflow/dags/retailpulse_dag.py for tasks to queue
[2026-08-26T13:06:28.206+0000] {logging_mixin.py:188} INFO - [2026-08-26T13:06:28.205+0000] {dagbag.py:538} INFO - Filling up the DagBag from /opt/airflow/dags/retailpulse_dag.py
[2026-08-26T13:06:28.250+0000] {processor.py:840} INFO - DAG(s) 'retailpulse_medallion_pipeline' retrieved from /opt/airflow/dags/retailpulse_dag.py
[2026-08-26T13:06:28.328+0000] {logging_mixin.py:188} INFO - [2026-08-26T13:06:28.328+0000] {dag.py:3036} INFO - Sync 1 DAGs
[2026-08-26T13:06:28.362+0000] {logging_mixin.py:188} INFO - [2026-08-26T13:06:28.362+0000] {dag.py:3823} INFO - Setting next_dagrun for retailpulse_medallion_pipeline to 2026-08-26 00:00:00+00:00, run_after=2026-08-27 00:00:00+00:00
[2026-08-26T13:06:28.397+0000] {processor.py:183} INFO - Processing /opt/airflow/dags/retailpulse_dag.py took 0.209 seconds
[2026-08-26T13:06:58.817+0000] {processor.py:161} INFO - Started process (PID=3251) to work on /opt/airflow/dags/retailpulse_dag.py
[2026-08-26T13:06:58.819+0000] {processor.py:830} INFO - Processing file /opt/airflow/dags/retailpulse_dag.py for tasks to queue
[2026-08-26T13:06:58.822+0000] {logging_mixin.py:188} INFO - [2026-08-26T13:06:58.821+0000] {dagbag.py:538} INFO - Filling up the DagBag from /opt/airflow/dags/retailpulse_dag.py
[2026-08-26T13:06:58.866+0000] {processor.py:840} INFO - DAG(s) 'retailpulse_medallion_pipeline' retrieved from /opt/airflow/dags/retailpulse_dag.py
[2026-08-26T13:06:58.941+0000] {logging_mixin.py:188} INFO - [2026-08-26T13:06:58.941+0000] {dag.py:3036} INFO - Sync 1 DAGs
[2026-08-26T13:06:58.974+0000] {logging_mixin.py:188} INFO - [2026-08-26T13:06:58.973+0000] {dag.py:3823} INFO - Setting next_dagrun for retailpulse_medallion_pipeline to 2026-08-26 00:00:00+00:00, run_after=2026-08-27 00:00:00+00:00
[2026-08-26T13:06:59.008+0000] {processor.py:183} INFO - Processing /opt/airflow/dags/retailpulse_dag.py took 0.197 seconds
[2026-08-26T13:07:29.390+0000] {processor.py:161} INFO - Started process (PID=3256) to work on /opt/airflow/dags/retailpulse_dag.py
[2026-08-26T13:07:29.392+0000] {processor.py:830} INFO - Processing file /opt/airflow/dags/retailpulse_dag.py for tasks to queue
[2026-08-26T13:07:29.395+0000] {logging_mixin.py:188} INFO - [2026-08-26T13:07:29.394+0000] {dagbag.py:538} INFO - Filling up the DagBag from /opt/airflow/dags/retailpulse_dag.py
[2026-08-26T13:07:29.446+0000] {processor.py:840} INFO - DAG(s) 'retailpulse_medallion_pipeline' retrieved from /opt/airflow/dags/retailpulse_dag.py
[2026-08-26T13:07:29.522+0000] {logging_mixin.py:188} INFO - [2026-08-26T13:07:29.522+0000] {dag.py:3036} INFO - Sync 1 DAGs
[2026-08-26T13:07:29.557+0000] {logging_mixin.py:188} INFO - [2026-08-26T13:07:29.557+0000] {dag.py:3823} INFO - Setting next_dagrun for retailpulse_medallion_pipeline to 2026-08-26 00:00:00+00:00, run_after=2026-08-27 00:00:00+00:00
[2026-08-26T13:07:29.593+0000] {processor.py:183} INFO - Processing /opt/airflow/dags/retailpulse_dag.py took 0.211 seconds
[2026-08-26T13:08:00.071+0000] {processor.py:161} INFO - Started process (PID=3261) to work on /opt/airflow/dags/retailpulse_dag.py
[2026-08-26T13:08:00.073+0000] {processor.py:830} INFO - Processing file /opt/airflow/dags/retailpulse_dag.py for tasks to queue
[2026-08-26T13:08:00.075+0000] {logging_mixin.py:188} INFO - [2026-08-26T13:08:00.075+0000] {dagbag.py:538} INFO - Filling up the DagBag from /opt/airflow/dags/retailpulse_dag.py
[2026-08-26T13:08:00.121+0000] {processor.py:840} INFO - DAG(s) 'retailpulse_medallion_pipeline' retrieved from /opt/airflow/dags/retailpulse_dag.py
[2026-08-26T13:08:00.196+0000] {logging_mixin.py:188} INFO - [2026-08-26T13:08:00.195+0000] {dag.py:3036} INFO - Sync 1 DAGs
[2026-08-26T13:08:00.229+0000] {logging_mixin.py:188} INFO - [2026-08-26T13:08:00.229+0000] {dag.py:3823} INFO - Setting next_dagrun for retailpulse_medallion_pipeline to 2026-08-26 00:00:00+00:00, run_after=2026-08-27 00:00:00+00:00
[2026-08-26T13:08:00.259+0000] {processor.py:183} INFO - Processing /opt/airflow/dags/retailpulse_dag.py took 0.194 seconds
[2026-08-26T13:08:30.585+0000] {processor.py:161} INFO - Started process (PID=3266) to work on /opt/airflow/dags/retailpulse_dag.py
[2026-08-26T13:08:30.588+0000] {processor.py:830} INFO - Processing file /opt/airflow/dags/retailpulse_dag.py for tasks to queue
[2026-08-26T13:08:30.590+0000] {logging_mixin.py:188} INFO - [2026-08-26T13:08:30.590+0000] {dagbag.py:538} INFO - Filling up the DagBag from /opt/airflow/dags/retailpulse_dag.py
[2026-08-26T13:08:30.635+0000] {processor.py:840} INFO - DAG(s) 'retailpulse_medallion_pipeline' retrieved from /opt/airflow/dags/retailpulse_dag.py
[2026-08-26T13:08:30.712+0000] {logging_mixin.py:188} INFO - [2026-08-26T13:08:30.712+0000] {dag.py:3036} INFO - Sync 1 DAGs
[2026-08-26T13:08:30.746+0000] {logging_mixin.py:188} INFO - [2026-08-26T13:08:30.746+0000] {dag.py:3823} INFO - Setting next_dagrun for retailpulse_medallion_pipeline to 2026-08-26 00:00:00+00:00, run_after=2026-08-27 00:00:00+00:00
[2026-08-26T13:08:30.777+0000] {processor.py:183} INFO - Processing /opt/airflow/dags/retailpulse_dag.py took 0.198 seconds
[2026-08-26T13:09:01.142+0000] {processor.py:161} INFO - Started process (PID=3271) to work on /opt/airflow/dags/retailpulse_dag.py
[2026-08-26T13:09:01.145+0000] {processor.py:830} INFO - Processing file /opt/airflow/dags/retailpulse_dag.py for tasks to queue
[2026-08-26T13:09:01.147+0000] {logging_mixin.py:188} INFO - [2026-08-26T13:09:01.146+0000] {dagbag.py:538} INFO - Filling up the DagBag from /opt/airflow/dags/retailpulse_dag.py
[2026-08-26T13:09:01.195+0000] {processor.py:840} INFO - DAG(s) 'retailpulse_medallion_pipeline' retrieved from /opt/airflow/dags/retailpulse_dag.py
[2026-08-26T13:09:01.272+0000] {logging_mixin.py:188} INFO - [2026-08-26T13:09:01.272+0000] {dag.py:3036} INFO - Sync 1 DAGs
[2026-08-26T13:09:01.312+0000] {logging_mixin.py:188} INFO - [2026-08-26T13:09:01.312+0000] {dag.py:3823} INFO - Setting next_dagrun for retailpulse_medallion_pipeline to 2026-08-26 00:00:00+00:00, run_after=2026-08-27 00:00:00+00:00
[2026-08-26T13:09:01.344+0000] {processor.py:183} INFO - Processing /opt/airflow/dags/retailpulse_dag.py took 0.208 seconds
[2026-08-26T13:09:31.669+0000] {processor.py:161} INFO - Started process (PID=3276) to work on /opt/airflow/dags/retailpulse_dag.py
[2026-08-26T13:09:31.671+0000] {processor.py:830} INFO - Processing file /opt/airflow/dags/retailpulse_dag.py for tasks to queue
[2026-08-26T13:09:31.673+0000] {logging_mixin.py:188} INFO - [2026-08-26T13:09:31.673+0000] {dagbag.py:538} INFO - Filling up the DagBag from /opt/airflow/dags/retailpulse_dag.py
[2026-08-26T13:09:31.714+0000] {processor.py:840} INFO - DAG(s) 'retailpulse_medallion_pipeline' retrieved from /opt/airflow/dags/retailpulse_dag.py
[2026-08-26T13:09:31.792+0000] {logging_mixin.py:188} INFO - [2026-08-26T13:09:31.792+0000] {dag.py:3036} INFO - Sync 1 DAGs
[2026-08-26T13:09:31.825+0000] {logging_mixin.py:188} INFO - [2026-08-26T13:09:31.825+0000] {dag.py:3823} INFO - Setting next_dagrun for retailpulse_medallion_pipeline to 2026-08-26 00:00:00+00:00, run_after=2026-08-27 00:00:00+00:00
[2026-08-26T13:09:31.858+0000] {processor.py:183} INFO - Processing /opt/airflow/dags/retailpulse_dag.py took 0.194 seconds
[2026-08-26T13:10:02.309+0000] {processor.py:161} INFO - Started process (PID=3281) to work on /opt/airflow/dags/retailpulse_dag.py
[2026-08-26T13:10:02.311+0000] {processor.py:830} INFO - Processing file /opt/airflow/dags/retailpulse_dag.py for tasks to queue
[2026-08-26T13:10:02.314+0000] {logging_mixin.py:188} INFO - [2026-08-26T13:10:02.313+0000] {dagbag.py:538} INFO - Filling up the DagBag from /opt/airflow/dags/retailpulse_dag.py
[2026-08-26T13:10:02.359+0000] {processor.py:840} INFO - DAG(s) 'retailpulse_medallion_pipeline' retrieved from /opt/airflow/dags/retailpulse_dag.py
[2026-08-26T13:10:02.436+0000] {logging_mixin.py:188} INFO - [2026-08-26T13:10:02.435+0000] {dag.py:3036} INFO - Sync 1 DAGs
[2026-08-26T13:10:02.475+0000] {logging_mixin.py:188} INFO - [2026-08-26T13:10:02.474+0000] {dag.py:3823} INFO - Setting next_dagrun for retailpulse_medallion_pipeline to 2026-08-26 00:00:00+00:00, run_after=2026-08-27 00:00:00+00:00
[2026-08-26T13:10:02.510+0000] {processor.py:183} INFO - Processing /opt/airflow/dags/retailpulse_dag.py took 0.206 seconds
[2026-08-26T13:10:32.817+0000] {processor.py:161} INFO - Started process (PID=3286) to work on /opt/airflow/dags/retailpulse_dag.py
[2026-08-26T13:10:32.819+0000] {processor.py:830} INFO - Processing file /opt/airflow/dags/retailpulse_dag.py for tasks to queue
[2026-08-26T13:10:32.823+0000] {logging_mixin.py:188} INFO - [2026-08-26T13:10:32.822+0000] {dagbag.py:538} INFO - Filling up the DagBag from /opt/airflow/dags/retailpulse_dag.py
[2026-08-26T13:10:32.889+0000] {processor.py:840} INFO - DAG(s) 'retailpulse_medallion_pipeline' retrieved from /opt/airflow/dags/retailpulse_dag.py
[2026-08-26T13:10:33.036+0000] {logging_mixin.py:188} INFO - [2026-08-26T13:10:33.036+0000] {dag.py:3036} INFO - Sync 1 DAGs
[2026-08-26T13:10:33.072+0000] {logging_mixin.py:188} INFO - [2026-08-26T13:10:33.072+0000] {dag.py:3823} INFO - Setting next_dagrun for retailpulse_medallion_pipeline to 2026-08-26 00:00:00+00:00, run_after=2026-08-27 00:00:00+00:00
[2026-08-26T13:10:33.102+0000] {processor.py:183} INFO - Processing /opt/airflow/dags/retailpulse_dag.py took 0.290 seconds
[2026-08-26T13:11:03.544+0000] {processor.py:161} INFO - Started process (PID=3291) to work on /opt/airflow/dags/retailpulse_dag.py
[2026-08-26T13:11:03.547+0000] {processor.py:830} INFO - Processing file /opt/airflow/dags/retailpulse_dag.py for tasks to queue
[2026-08-26T13:11:03.550+0000] {logging_mixin.py:188} INFO - [2026-08-26T13:11:03.549+0000] {dagbag.py:538} INFO - Filling up the DagBag from /opt/airflow/dags/retailpulse_dag.py
[2026-08-26T13:11:03.604+0000] {processor.py:840} INFO - DAG(s) 'retailpulse_medallion_pipeline' retrieved from /opt/airflow/dags/retailpulse_dag.py
[2026-08-26T13:11:03.678+0000] {logging_mixin.py:188} INFO - [2026-08-26T13:11:03.678+0000] {dag.py:3036} INFO - Sync 1 DAGs
[2026-08-26T13:11:03.712+0000] {logging_mixin.py:188} INFO - [2026-08-26T13:11:03.711+0000] {dag.py:3823} INFO - Setting next_dagrun for retailpulse_medallion_pipeline to 2026-08-26 00:00:00+00:00, run_after=2026-08-27 00:00:00+00:00
[2026-08-26T13:11:03.740+0000] {processor.py:183} INFO - Processing /opt/airflow/dags/retailpulse_dag.py took 0.203 seconds
[2026-08-26T13:11:34.123+0000] {processor.py:161} INFO - Started process (PID=3296) to work on /opt/airflow/dags/retailpulse_dag.py
[2026-08-26T13:11:34.125+0000] {processor.py:830} INFO - Processing file /opt/airflow/dags/retailpulse_dag.py for tasks to queue
[2026-08-26T13:11:34.128+0000] {logging_mixin.py:188} INFO - [2026-08-26T13:11:34.127+0000] {dagbag.py:538} INFO - Filling up the DagBag from /opt/airflow/dags/retailpulse_dag.py
[2026-08-26T13:11:34.171+0000] {processor.py:840} INFO - DAG(s) 'retailpulse_medallion_pipeline' retrieved from /opt/airflow/dags/retailpulse_dag.py
[2026-08-26T13:11:34.252+0000] {logging_mixin.py:188} INFO - [2026-08-26T13:11:34.251+0000] {dag.py:3036} INFO - Sync 1 DAGs
[2026-08-26T13:11:34.284+0000] {logging_mixin.py:188} INFO - [2026-08-26T13:11:34.284+0000] {dag.py:3823} INFO - Setting next_dagrun for retailpulse_medallion_pipeline to 2026-08-26 00:00:00+00:00, run_after=2026-08-27 00:00:00+00:00
[2026-08-26T13:11:34.318+0000] {processor.py:183} INFO - Processing /opt/airflow/dags/retailpulse_dag.py took 0.201 seconds
[2026-08-26T13:12:04.809+0000] {processor.py:161} INFO - Started process (PID=3301) to work on /opt/airflow/dags/retailpulse_dag.py
[2026-08-26T13:12:04.811+0000] {processor.py:830} INFO - Processing file /opt/airflow/dags/retailpulse_dag.py for tasks to queue
[2026-08-26T13:12:04.814+0000] {logging_mixin.py:188} INFO - [2026-08-26T13:12:04.813+0000] {dagbag.py:538} INFO - Filling up the DagBag from /opt/airflow/dags/retailpulse_dag.py
[2026-08-26T13:12:04.857+0000] {processor.py:840} INFO - DAG(s) 'retailpulse_medallion_pipeline' retrieved from /opt/airflow/dags/retailpulse_dag.py
[2026-08-26T13:12:04.934+0000] {logging_mixin.py:188} INFO - [2026-08-26T13:12:04.934+0000] {dag.py:3036} INFO - Sync 1 DAGs
[2026-08-26T13:12:04.968+0000] {logging_mixin.py:188} INFO - [2026-08-26T13:12:04.967+0000] {dag.py:3823} INFO - Setting next_dagrun for retailpulse_medallion_pipeline to 2026-08-26 00:00:00+00:00, run_after=2026-08-27 00:00:00+00:00
[2026-08-26T13:12:04.999+0000] {processor.py:183} INFO - Processing /opt/airflow/dags/retailpulse_dag.py took 0.195 seconds
[2026-08-26T13:12:35.389+0000] {processor.py:161} INFO - Started process (PID=3306) to work on /opt/airflow/dags/retailpulse_dag.py
[2026-08-26T13:12:35.393+0000] {processor.py:830} INFO - Processing file /opt/airflow/dags/retailpulse_dag.py for tasks to queue
[2026-08-26T13:12:35.395+0000] {logging_mixin.py:188} INFO - [2026-08-26T13:12:35.395+0000] {dagbag.py:538} INFO - Filling up the DagBag from /opt/airflow/dags/retailpulse_dag.py
[2026-08-26T13:12:35.444+0000] {processor.py:840} INFO - DAG(s) 'retailpulse_medallion_pipeline' retrieved from /opt/airflow/dags/retailpulse_dag.py
[2026-08-26T13:12:35.529+0000] {logging_mixin.py:188} INFO - [2026-08-26T13:12:35.529+0000] {dag.py:3036} INFO - Sync 1 DAGs
[2026-08-26T13:12:35.563+0000] {logging_mixin.py:188} INFO - [2026-08-26T13:12:35.563+0000] {dag.py:3823} INFO - Setting next_dagrun for retailpulse_medallion_pipeline to 2026-08-26 00:00:00+00:00, run_after=2026-08-27 00:00:00+00:00
[2026-08-26T13:12:35.595+0000] {processor.py:183} INFO - Processing /opt/airflow/dags/retailpulse_dag.py took 0.215 seconds
[2026-08-26T13:13:06.010+0000] {processor.py:161} INFO - Started process (PID=3311) to work on /opt/airflow/dags/retailpulse_dag.py
[2026-08-26T13:13:06.013+0000] {processor.py:830} INFO - Processing file /opt/airflow/dags/retailpulse_dag.py for tasks to queue
[2026-08-26T13:13:06.016+0000] {logging_mixin.py:188} INFO - [2026-08-26T13:13:06.016+0000] {dagbag.py:538} INFO - Filling up the DagBag from /opt/airflow/dags/retailpulse_dag.py
[2026-08-26T13:13:06.067+0000] {processor.py:840} INFO - DAG(s) 'retailpulse_medallion_pipeline' retrieved from /opt/airflow/dags/retailpulse_dag.py
[2026-08-26T13:13:06.141+0000] {logging_mixin.py:188} INFO - [2026-08-26T13:13:06.141+0000] {dag.py:3036} INFO - Sync 1 DAGs
[2026-08-26T13:13:06.175+0000] {logging_mixin.py:188} INFO - [2026-08-26T13:13:06.175+0000] {dag.py:3823} INFO - Setting next_dagrun for retailpulse_medallion_pipeline to 2026-08-26 00:00:00+00:00, run_after=2026-08-27 00:00:00+00:00
[2026-08-26T13:13:06.215+0000] {processor.py:183} INFO - Processing /opt/airflow/dags/retailpulse_dag.py took 0.214 seconds
[2026-08-26T13:13:36.528+0000] {processor.py:161} INFO - Started process (PID=3316) to work on /opt/airflow/dags/retailpulse_dag.py
[2026-08-26T13:13:36.532+0000] {processor.py:830} INFO - Processing file /opt/airflow/dags/retailpulse_dag.py for tasks to queue
[2026-08-26T13:13:36.535+0000] {logging_mixin.py:188} INFO - [2026-08-26T13:13:36.535+0000] {dagbag.py:538} INFO - Filling up the DagBag from /opt/airflow/dags/retailpulse_dag.py
[2026-08-26T13:13:36.579+0000] {processor.py:840} INFO - DAG(s) 'retailpulse_medallion_pipeline' retrieved from /opt/airflow/dags/retailpulse_dag.py
[2026-08-26T13:13:36.657+0000] {logging_mixin.py:188} INFO - [2026-08-26T13:13:36.656+0000] {dag.py:3036} INFO - Sync 1 DAGs
[2026-08-26T13:13:36.693+0000] {logging_mixin.py:188} INFO - [2026-08-26T13:13:36.692+0000] {dag.py:3823} INFO - Setting next_dagrun for retailpulse_medallion_pipeline to 2026-08-26 00:00:00+00:00, run_after=2026-08-27 00:00:00+00:00
[2026-08-26T13:13:36.725+0000] {processor.py:183} INFO - Processing /opt/airflow/dags/retailpulse_dag.py took 0.207 seconds
[2026-08-26T13:14:07.197+0000] {processor.py:161} INFO - Started process (PID=3321) to work on /opt/airflow/dags/retailpulse_dag.py
[2026-08-26T13:14:07.199+0000] {processor.py:830} INFO - Processing file /opt/airflow/dags/retailpulse_dag.py for tasks to queue
[2026-08-26T13:14:07.202+0000] {logging_mixin.py:188} INFO - [2026-08-26T13:14:07.201+0000] {dagbag.py:538} INFO - Filling up the DagBag from /opt/airflow/dags/retailpulse_dag.py
[2026-08-26T13:14:07.246+0000] {processor.py:840} INFO - DAG(s) 'retailpulse_medallion_pipeline' retrieved from /opt/airflow/dags/retailpulse_dag.py
[2026-08-26T13:14:07.319+0000] {logging_mixin.py:188} INFO - [2026-08-26T13:14:07.318+0000] {dag.py:3036} INFO - Sync 1 DAGs
[2026-08-26T13:14:07.351+0000] {logging_mixin.py:188} INFO - [2026-08-26T13:14:07.351+0000] {dag.py:3823} INFO - Setting next_dagrun for retailpulse_medallion_pipeline to 2026-08-26 00:00:00+00:00, run_after=2026-08-27 00:00:00+00:00
[2026-08-26T13:14:07.380+0000] {processor.py:183} INFO - Processing /opt/airflow/dags/retailpulse_dag.py took 0.188 seconds
[2026-08-26T13:14:37.855+0000] {processor.py:161} INFO - Started process (PID=3326) to work on /opt/airflow/dags/retailpulse_dag.py
[2026-08-26T13:14:37.858+0000] {processor.py:830} INFO - Processing file /opt/airflow/dags/retailpulse_dag.py for tasks to queue
[2026-08-26T13:14:37.869+0000] {logging_mixin.py:188} INFO - [2026-08-26T13:14:37.868+0000] {dagbag.py:538} INFO - Filling up the DagBag from /opt/airflow/dags/retailpulse_dag.py
[2026-08-26T13:14:37.945+0000] {processor.py:840} INFO - DAG(s) 'retailpulse_medallion_pipeline' retrieved from /opt/airflow/dags/retailpulse_dag.py
[2026-08-26T13:14:38.040+0000] {logging_mixin.py:188} INFO - [2026-08-26T13:14:38.040+0000] {dag.py:3036} INFO - Sync 1 DAGs
[2026-08-26T13:14:38.083+0000] {logging_mixin.py:188} INFO - [2026-08-26T13:14:38.083+0000] {dag.py:3823} INFO - Setting next_dagrun for retailpulse_medallion_pipeline to 2026-08-26 00:00:00+00:00, run_after=2026-08-27 00:00:00+00:00
[2026-08-26T13:14:38.138+0000] {processor.py:183} INFO - Processing /opt/airflow/dags/retailpulse_dag.py took 0.303 seconds
[2026-08-26T13:15:08.405+0000] {processor.py:161} INFO - Started process (PID=3331) to work on /opt/airflow/dags/retailpulse_dag.py
[2026-08-26T13:15:08.408+0000] {processor.py:830} INFO - Processing file /opt/airflow/dags/retailpulse_dag.py for tasks to queue
[2026-08-26T13:15:08.411+0000] {logging_mixin.py:188} INFO - [2026-08-26T13:15:08.410+0000] {dagbag.py:538} INFO - Filling up the DagBag from /opt/airflow/dags/retailpulse_dag.py
[2026-08-26T13:15:08.470+0000] {processor.py:840} INFO - DAG(s) 'retailpulse_medallion_pipeline' retrieved from /opt/airflow/dags/retailpulse_dag.py
[2026-08-26T13:15:08.548+0000] {logging_mixin.py:188} INFO - [2026-08-26T13:15:08.548+0000] {dag.py:3036} INFO - Sync 1 DAGs
[2026-08-26T13:15:08.583+0000] {logging_mixin.py:188} INFO - [2026-08-26T13:15:08.582+0000] {dag.py:3823} INFO - Setting next_dagrun for retailpulse_medallion_pipeline to 2026-08-26 00:00:00+00:00, run_after=2026-08-27 00:00:00+00:00
[2026-08-26T13:15:08.613+0000] {processor.py:183} INFO - Processing /opt/airflow/dags/retailpulse_dag.py took 0.216 seconds
[2026-08-26T13:15:39.217+0000] {processor.py:161} INFO - Started process (PID=3336) to work on /opt/airflow/dags/retailpulse_dag.py
[2026-08-26T13:15:39.220+0000] {processor.py:830} INFO - Processing file /opt/airflow/dags/retailpulse_dag.py for tasks to queue
[2026-08-26T13:15:39.222+0000] {logging_mixin.py:188} INFO - [2026-08-26T13:15:39.222+0000] {dagbag.py:538} INFO - Filling up the DagBag from /opt/airflow/dags/retailpulse_dag.py
[2026-08-26T13:15:39.280+0000] {processor.py:840} INFO - DAG(s) 'retailpulse_medallion_pipeline' retrieved from /opt/airflow/dags/retailpulse_dag.py
[2026-08-26T13:15:39.372+0000] {logging_mixin.py:188} INFO - [2026-08-26T13:15:39.372+0000] {dag.py:3036} INFO - Sync 1 DAGs
[2026-08-26T13:15:39.406+0000] {logging_mixin.py:188} INFO - [2026-08-26T13:15:39.406+0000] {dag.py:3823} INFO - Setting next_dagrun for retailpulse_medallion_pipeline to 2026-08-26 00:00:00+00:00, run_after=2026-08-27 00:00:00+00:00
[2026-08-26T13:15:39.435+0000] {processor.py:183} INFO - Processing /opt/airflow/dags/retailpulse_dag.py took 0.227 seconds
[2026-08-26T13:16:09.724+0000] {processor.py:161} INFO - Started process (PID=3341) to work on /opt/airflow/dags/retailpulse_dag.py
[2026-08-26T13:16:09.727+0000] {processor.py:830} INFO - Processing file /opt/airflow/dags/retailpulse_dag.py for tasks to queue
[2026-08-26T13:16:09.731+0000] {logging_mixin.py:188} INFO - [2026-08-26T13:16:09.730+0000] {dagbag.py:538} INFO - Filling up the DagBag from /opt/airflow/dags/retailpulse_dag.py
[2026-08-26T13:16:09.791+0000] {processor.py:840} INFO - DAG(s) 'retailpulse_medallion_pipeline' retrieved from /opt/airflow/dags/retailpulse_dag.py
[2026-08-26T13:16:09.879+0000] {logging_mixin.py:188} INFO - [2026-08-26T13:16:09.879+0000] {dag.py:3036} INFO - Sync 1 DAGs
[2026-08-26T13:16:09.922+0000] {logging_mixin.py:188} INFO - [2026-08-26T13:16:09.922+0000] {dag.py:3823} INFO - Setting next_dagrun for retailpulse_medallion_pipeline to 2026-08-26 00:00:00+00:00, run_after=2026-08-27 00:00:00+00:00
[2026-08-26T13:16:09.955+0000] {processor.py:183} INFO - Processing /opt/airflow/dags/retailpulse_dag.py took 0.241 seconds
[2026-08-26T13:16:40.290+0000] {processor.py:161} INFO - Started process (PID=3346) to work on /opt/airflow/dags/retailpulse_dag.py
[2026-08-26T13:16:40.292+0000] {processor.py:830} INFO - Processing file /opt/airflow/dags/retailpulse_dag.py for tasks to queue
[2026-08-26T13:16:40.295+0000] {logging_mixin.py:188} INFO - [2026-08-26T13:16:40.294+0000] {dagbag.py:538} INFO - Filling up the DagBag from /opt/airflow/dags/retailpulse_dag.py
[2026-08-26T13:16:40.341+0000] {processor.py:840} INFO - DAG(s) 'retailpulse_medallion_pipeline' retrieved from /opt/airflow/dags/retailpulse_dag.py
[2026-08-26T13:16:40.429+0000] {logging_mixin.py:188} INFO - [2026-08-26T13:16:40.429+0000] {dag.py:3036} INFO - Sync 1 DAGs
[2026-08-26T13:16:40.465+0000] {logging_mixin.py:188} INFO - [2026-08-26T13:16:40.465+0000] {dag.py:3823} INFO - Setting next_dagrun for retailpulse_medallion_pipeline to 2026-08-26 00:00:00+00:00, run_after=2026-08-27 00:00:00+00:00
[2026-08-26T13:16:40.498+0000] {processor.py:183} INFO - Processing /opt/airflow/dags/retailpulse_dag.py took 0.214 seconds
[2026-08-26T13:17:10.946+0000] {processor.py:161} INFO - Started process (PID=3351) to work on /opt/airflow/dags/retailpulse_dag.py
[2026-08-26T13:17:10.949+0000] {processor.py:830} INFO - Processing file /opt/airflow/dags/retailpulse_dag.py for tasks to queue
[2026-08-26T13:17:10.952+0000] {logging_mixin.py:188} INFO - [2026-08-26T13:17:10.951+0000] {dagbag.py:538} INFO - Filling up the DagBag from /opt/airflow/dags/retailpulse_dag.py
[2026-08-26T13:17:11.000+0000] {processor.py:840} INFO - DAG(s) 'retailpulse_medallion_pipeline' retrieved from /opt/airflow/dags/retailpulse_dag.py
[2026-08-26T13:17:11.078+0000] {logging_mixin.py:188} INFO - [2026-08-26T13:17:11.077+0000] {dag.py:3036} INFO - Sync 1 DAGs
[2026-08-26T13:17:11.110+0000] {logging_mixin.py:188} INFO - [2026-08-26T13:17:11.109+0000] {dag.py:3823} INFO - Setting next_dagrun for retailpulse_medallion_pipeline to 2026-08-26 00:00:00+00:00, run_after=2026-08-27 00:00:00+00:00
[2026-08-26T13:17:11.140+0000] {processor.py:183} INFO - Processing /opt/airflow/dags/retailpulse_dag.py took 0.202 seconds
[2026-08-26T13:17:41.505+0000] {processor.py:161} INFO - Started process (PID=3356) to work on /opt/airflow/dags/retailpulse_dag.py
[2026-08-26T13:17:41.509+0000] {processor.py:830} INFO - Processing file /opt/airflow/dags/retailpulse_dag.py for tasks to queue
[2026-08-26T13:17:41.512+0000] {logging_mixin.py:188} INFO - [2026-08-26T13:17:41.511+0000] {dagbag.py:538} INFO - Filling up the DagBag from /opt/airflow/dags/retailpulse_dag.py
[2026-08-26T13:17:41.568+0000] {processor.py:840} INFO - DAG(s) 'retailpulse_medallion_pipeline' retrieved from /opt/airflow/dags/retailpulse_dag.py
[2026-08-26T13:17:41.653+0000] {logging_mixin.py:188} INFO - [2026-08-26T13:17:41.652+0000] {dag.py:3036} INFO - Sync 1 DAGs
[2026-08-26T13:17:41.686+0000] {logging_mixin.py:188} INFO - [2026-08-26T13:17:41.685+0000] {dag.py:3823} INFO - Setting next_dagrun for retailpulse_medallion_pipeline to 2026-08-26 00:00:00+00:00, run_after=2026-08-27 00:00:00+00:00
[2026-08-26T13:17:41.717+0000] {processor.py:183} INFO - Processing /opt/airflow/dags/retailpulse_dag.py took 0.225 seconds
[2026-08-26T13:18:12.193+0000] {processor.py:161} INFO - Started process (PID=3361) to work on /opt/airflow/dags/retailpulse_dag.py
[2026-08-26T13:18:12.195+0000] {processor.py:830} INFO - Processing file /opt/airflow/dags/retailpulse_dag.py for tasks to queue
[2026-08-26T13:18:12.197+0000] {logging_mixin.py:188} INFO - [2026-08-26T13:18:12.197+0000] {dagbag.py:538} INFO - Filling up the DagBag from /opt/airflow/dags/retailpulse_dag.py
[2026-08-26T13:18:12.240+0000] {processor.py:840} INFO - DAG(s) 'retailpulse_medallion_pipeline' retrieved from /opt/airflow/dags/retailpulse_dag.py
[2026-08-26T13:18:12.317+0000] {logging_mixin.py:188} INFO - [2026-08-26T13:18:12.316+0000] {dag.py:3036} INFO - Sync 1 DAGs
[2026-08-26T13:18:12.350+0000] {logging_mixin.py:188} INFO - [2026-08-26T13:18:12.350+0000] {dag.py:3823} INFO - Setting next_dagrun for retailpulse_medallion_pipeline to 2026-08-26 00:00:00+00:00, run_after=2026-08-27 00:00:00+00:00
[2026-08-26T13:18:12.381+0000] {processor.py:183} INFO - Processing /opt/airflow/dags/retailpulse_dag.py took 0.193 seconds
[2026-08-26T13:18:42.758+0000] {processor.py:161} INFO - Started process (PID=3366) to work on /opt/airflow/dags/retailpulse_dag.py
[2026-08-26T13:18:42.760+0000] {processor.py:830} INFO - Processing file /opt/airflow/dags/retailpulse_dag.py for tasks to queue
[2026-08-26T13:18:42.763+0000] {logging_mixin.py:188} INFO - [2026-08-26T13:18:42.762+0000] {dagbag.py:538} INFO - Filling up the DagBag from /opt/airflow/dags/retailpulse_dag.py
[2026-08-26T13:18:42.802+0000] {processor.py:840} INFO - DAG(s) 'retailpulse_medallion_pipeline' retrieved from /opt/airflow/dags/retailpulse_dag.py
[2026-08-26T13:18:42.879+0000] {logging_mixin.py:188} INFO - [2026-08-26T13:18:42.879+0000] {dag.py:3036} INFO - Sync 1 DAGs
[2026-08-26T13:18:42.914+0000] {logging_mixin.py:188} INFO - [2026-08-26T13:18:42.914+0000] {dag.py:3823} INFO - Setting next_dagrun for retailpulse_medallion_pipeline to 2026-08-26 00:00:00+00:00, run_after=2026-08-27 00:00:00+00:00
[2026-08-26T13:18:42.947+0000] {processor.py:183} INFO - Processing /opt/airflow/dags/retailpulse_dag.py took 0.194 seconds
[2026-08-26T13:19:13.483+0000] {processor.py:161} INFO - Started process (PID=3371) to work on /opt/airflow/dags/retailpulse_dag.py
[2026-08-26T13:19:13.488+0000] {processor.py:830} INFO - Processing file /opt/airflow/dags/retailpulse_dag.py for tasks to queue
[2026-08-26T13:19:13.494+0000] {logging_mixin.py:188} INFO - [2026-08-26T13:19:13.493+0000] {dagbag.py:538} INFO - Filling up the DagBag from /opt/airflow/dags/retailpulse_dag.py
[2026-08-26T13:19:13.558+0000] {processor.py:840} INFO - DAG(s) 'retailpulse_medallion_pipeline' retrieved from /opt/airflow/dags/retailpulse_dag.py
[2026-08-26T13:19:13.635+0000] {logging_mixin.py:188} INFO - [2026-08-26T13:19:13.635+0000] {dag.py:3036} INFO - Sync 1 DAGs
[2026-08-26T13:19:13.668+0000] {logging_mixin.py:188} INFO - [2026-08-26T13:19:13.668+0000] {dag.py:3823} INFO - Setting next_dagrun for retailpulse_medallion_pipeline to 2026-08-26 00:00:00+00:00, run_after=2026-08-27 00:00:00+00:00
[2026-08-26T13:19:13.699+0000] {processor.py:183} INFO - Processing /opt/airflow/dags/retailpulse_dag.py took 0.226 seconds
[2026-08-26T13:19:43.993+0000] {processor.py:161} INFO - Started process (PID=3376) to work on /opt/airflow/dags/retailpulse_dag.py
[2026-08-26T13:19:43.996+0000] {processor.py:830} INFO - Processing file /opt/airflow/dags/retailpulse_dag.py for tasks to queue
[2026-08-26T13:19:43.999+0000] {logging_mixin.py:188} INFO - [2026-08-26T13:19:43.999+0000] {dagbag.py:538} INFO - Filling up the DagBag from /opt/airflow/dags/retailpulse_dag.py
[2026-08-26T13:19:44.052+0000] {processor.py:840} INFO - DAG(s) 'retailpulse_medallion_pipeline' retrieved from /opt/airflow/dags/retailpulse_dag.py
[2026-08-26T13:19:44.130+0000] {logging_mixin.py:188} INFO - [2026-08-26T13:19:44.130+0000] {dag.py:3036} INFO - Sync 1 DAGs
[2026-08-26T13:19:44.163+0000] {logging_mixin.py:188} INFO - [2026-08-26T13:19:44.163+0000] {dag.py:3823} INFO - Setting next_dagrun for retailpulse_medallion_pipeline to 2026-08-26 00:00:00+00:00, run_after=2026-08-27 00:00:00+00:00
[2026-08-26T13:19:44.194+0000] {processor.py:183} INFO - Processing /opt/airflow/dags/retailpulse_dag.py took 0.213 seconds
[2026-08-26T13:20:14.719+0000] {processor.py:161} INFO - Started process (PID=3381) to work on /opt/airflow/dags/retailpulse_dag.py
[2026-08-26T13:20:14.721+0000] {processor.py:830} INFO - Processing file /opt/airflow/dags/retailpulse_dag.py for tasks to queue
[2026-08-26T13:20:14.723+0000] {logging_mixin.py:188} INFO - [2026-08-26T13:20:14.723+0000] {dagbag.py:538} INFO - Filling up the DagBag from /opt/airflow/dags/retailpulse_dag.py
[2026-08-26T13:20:14.769+0000] {processor.py:840} INFO - DAG(s) 'retailpulse_medallion_pipeline' retrieved from /opt/airflow/dags/retailpulse_dag.py
[2026-08-26T13:20:14.846+0000] {logging_mixin.py:188} INFO - [2026-08-26T13:20:14.846+0000] {dag.py:3036} INFO - Sync 1 DAGs
[2026-08-26T13:20:14.879+0000] {logging_mixin.py:188} INFO - [2026-08-26T13:20:14.878+0000] {dag.py:3823} INFO - Setting next_dagrun for retailpulse_medallion_pipeline to 2026-08-26 00:00:00+00:00, run_after=2026-08-27 00:00:00+00:00
[2026-08-26T13:20:14.910+0000] {processor.py:183} INFO - Processing /opt/airflow/dags/retailpulse_dag.py took 0.196 seconds
[2026-08-26T13:20:45.306+0000] {processor.py:161} INFO - Started process (PID=3386) to work on /opt/airflow/dags/retailpulse_dag.py
[2026-08-26T13:20:45.308+0000] {processor.py:830} INFO - Processing file /opt/airflow/dags/retailpulse_dag.py for tasks to queue
[2026-08-26T13:20:45.310+0000] {logging_mixin.py:188} INFO - [2026-08-26T13:20:45.309+0000] {dagbag.py:538} INFO - Filling up the DagBag from /opt/airflow/dags/retailpulse_dag.py
[2026-08-26T13:20:45.349+0000] {processor.py:840} INFO - DAG(s) 'retailpulse_medallion_pipeline' retrieved from /opt/airflow/dags/retailpulse_dag.py
[2026-08-26T13:20:45.424+0000] {logging_mixin.py:188} INFO - [2026-08-26T13:20:45.424+0000] {dag.py:3036} INFO - Sync 1 DAGs
[2026-08-26T13:20:45.458+0000] {logging_mixin.py:188} INFO - [2026-08-26T13:20:45.457+0000] {dag.py:3823} INFO - Setting next_dagrun for retailpulse_medallion_pipeline to 2026-08-26 00:00:00+00:00, run_after=2026-08-27 00:00:00+00:00
[2026-08-26T13:20:45.488+0000] {processor.py:183} INFO - Processing /opt/airflow/dags/retailpulse_dag.py took 0.187 seconds
[2026-08-26T13:21:15.826+0000] {processor.py:161} INFO - Started process (PID=3391) to work on /opt/airflow/dags/retailpulse_dag.py
[2026-08-26T13:21:15.829+0000] {processor.py:830} INFO - Processing file /opt/airflow/dags/retailpulse_dag.py for tasks to queue
[2026-08-26T13:21:15.832+0000] {logging_mixin.py:188} INFO - [2026-08-26T13:21:15.831+0000] {dagbag.py:538} INFO - Filling up the DagBag from /opt/airflow/dags/retailpulse_dag.py
[2026-08-26T13:21:15.882+0000] {processor.py:840} INFO - DAG(s) 'retailpulse_medallion_pipeline' retrieved from /opt/airflow/dags/retailpulse_dag.py
[2026-08-26T13:21:15.956+0000] {logging_mixin.py:188} INFO - [2026-08-26T13:21:15.956+0000] {dag.py:3036} INFO - Sync 1 DAGs
[2026-08-26T13:21:15.989+0000] {logging_mixin.py:188} INFO - [2026-08-26T13:21:15.989+0000] {dag.py:3823} INFO - Setting next_dagrun for retailpulse_medallion_pipeline to 2026-08-26 00:00:00+00:00, run_after=2026-08-27 00:00:00+00:00
[2026-08-26T13:21:16.021+0000] {processor.py:183} INFO - Processing /opt/airflow/dags/retailpulse_dag.py took 0.201 seconds
[2026-08-26T13:21:46.367+0000] {processor.py:161} INFO - Started process (PID=3396) to work on /opt/airflow/dags/retailpulse_dag.py
[2026-08-26T13:21:46.369+0000] {processor.py:830} INFO - Processing file /opt/airflow/dags/retailpulse_dag.py for tasks to queue
[2026-08-26T13:21:46.371+0000] {logging_mixin.py:188} INFO - [2026-08-26T13:21:46.371+0000] {dagbag.py:538} INFO - Filling up the DagBag from /opt/airflow/dags/retailpulse_dag.py
[2026-08-26T13:21:46.414+0000] {processor.py:840} INFO - DAG(s) 'retailpulse_medallion_pipeline' retrieved from /opt/airflow/dags/retailpulse_dag.py
[2026-08-26T13:21:46.502+0000] {logging_mixin.py:188} INFO - [2026-08-26T13:21:46.502+0000] {dag.py:3036} INFO - Sync 1 DAGs
[2026-08-26T13:21:46.537+0000] {logging_mixin.py:188} INFO - [2026-08-26T13:21:46.537+0000] {dag.py:3823} INFO - Setting next_dagrun for retailpulse_medallion_pipeline to 2026-08-26 00:00:00+00:00, run_after=2026-08-27 00:00:00+00:00
[2026-08-26T13:21:46.570+0000] {processor.py:183} INFO - Processing /opt/airflow/dags/retailpulse_dag.py took 0.208 seconds
[2026-08-26T13:22:16.875+0000] {processor.py:161} INFO - Started process (PID=3401) to work on /opt/airflow/dags/retailpulse_dag.py
[2026-08-26T13:22:16.877+0000] {processor.py:830} INFO - Processing file /opt/airflow/dags/retailpulse_dag.py for tasks to queue
[2026-08-26T13:22:16.880+0000] {logging_mixin.py:188} INFO - [2026-08-26T13:22:16.880+0000] {dagbag.py:538} INFO - Filling up the DagBag from /opt/airflow/dags/retailpulse_dag.py
[2026-08-26T13:22:16.924+0000] {processor.py:840} INFO - DAG(s) 'retailpulse_medallion_pipeline' retrieved from /opt/airflow/dags/retailpulse_dag.py
[2026-08-26T13:22:17.004+0000] {logging_mixin.py:188} INFO - [2026-08-26T13:22:17.003+0000] {dag.py:3036} INFO - Sync 1 DAGs
[2026-08-26T13:22:17.038+0000] {logging_mixin.py:188} INFO - [2026-08-26T13:22:17.038+0000] {dag.py:3823} INFO - Setting next_dagrun for retailpulse_medallion_pipeline to 2026-08-26 00:00:00+00:00, run_after=2026-08-27 00:00:00+00:00
[2026-08-26T13:22:17.071+0000] {processor.py:183} INFO - Processing /opt/airflow/dags/retailpulse_dag.py took 0.205 seconds
[2026-08-26T13:22:47.506+0000] {processor.py:161} INFO - Started process (PID=3406) to work on /opt/airflow/dags/retailpulse_dag.py
[2026-08-26T13:22:47.509+0000] {processor.py:830} INFO - Processing file /opt/airflow/dags/retailpulse_dag.py for tasks to queue
[2026-08-26T13:22:47.512+0000] {logging_mixin.py:188} INFO - [2026-08-26T13:22:47.511+0000] {dagbag.py:538} INFO - Filling up the DagBag from /opt/airflow/dags/retailpulse_dag.py
[2026-08-26T13:22:47.565+0000] {processor.py:840} INFO - DAG(s) 'retailpulse_medallion_pipeline' retrieved from /opt/airflow/dags/retailpulse_dag.py
[2026-08-26T13:22:47.649+0000] {logging_mixin.py:188} INFO - [2026-08-26T13:22:47.649+0000] {dag.py:3036} INFO - Sync 1 DAGs
[2026-08-26T13:22:47.682+0000] {logging_mixin.py:188} INFO - [2026-08-26T13:22:47.682+0000] {dag.py:3823} INFO - Setting next_dagrun for retailpulse_medallion_pipeline to 2026-08-26 00:00:00+00:00, run_after=2026-08-27 00:00:00+00:00
[2026-08-26T13:22:47.714+0000] {processor.py:183} INFO - Processing /opt/airflow/dags/retailpulse_dag.py took 0.218 seconds
[2026-08-26T13:23:18.106+0000] {processor.py:161} INFO - Started process (PID=3411) to work on /opt/airflow/dags/retailpulse_dag.py
[2026-08-26T13:23:18.109+0000] {processor.py:830} INFO - Processing file /opt/airflow/dags/retailpulse_dag.py for tasks to queue
[2026-08-26T13:23:18.111+0000] {logging_mixin.py:188} INFO - [2026-08-26T13:23:18.111+0000] {dagbag.py:538} INFO - Filling up the DagBag from /opt/airflow/dags/retailpulse_dag.py
[2026-08-26T13:23:18.155+0000] {processor.py:840} INFO - DAG(s) 'retailpulse_medallion_pipeline' retrieved from /opt/airflow/dags/retailpulse_dag.py
[2026-08-26T13:23:18.234+0000] {logging_mixin.py:188} INFO - [2026-08-26T13:23:18.234+0000] {dag.py:3036} INFO - Sync 1 DAGs
[2026-08-26T13:23:18.267+0000] {logging_mixin.py:188} INFO - [2026-08-26T13:23:18.266+0000] {dag.py:3823} INFO - Setting next_dagrun for retailpulse_medallion_pipeline to 2026-08-26 00:00:00+00:00, run_after=2026-08-27 00:00:00+00:00
[2026-08-26T13:23:18.298+0000] {processor.py:183} INFO - Processing /opt/airflow/dags/retailpulse_dag.py took 0.198 seconds
[2026-08-26T13:23:48.805+0000] {processor.py:161} INFO - Started process (PID=3416) to work on /opt/airflow/dags/retailpulse_dag.py
[2026-08-26T13:23:48.807+0000] {processor.py:830} INFO - Processing file /opt/airflow/dags/retailpulse_dag.py for tasks to queue
[2026-08-26T13:23:48.810+0000] {logging_mixin.py:188} INFO - [2026-08-26T13:23:48.809+0000] {dagbag.py:538} INFO - Filling up the DagBag from /opt/airflow/dags/retailpulse_dag.py
[2026-08-26T13:23:48.850+0000] {processor.py:840} INFO - DAG(s) 'retailpulse_medallion_pipeline' retrieved from /opt/airflow/dags/retailpulse_dag.py
[2026-08-26T13:23:48.924+0000] {logging_mixin.py:188} INFO - [2026-08-26T13:23:48.924+0000] {dag.py:3036} INFO - Sync 1 DAGs
[2026-08-26T13:23:48.959+0000] {logging_mixin.py:188} INFO - [2026-08-26T13:23:48.959+0000] {dag.py:3823} INFO - Setting next_dagrun for retailpulse_medallion_pipeline to 2026-08-26 00:00:00+00:00, run_after=2026-08-27 00:00:00+00:00
[2026-08-26T13:23:48.991+0000] {processor.py:183} INFO - Processing /opt/airflow/dags/retailpulse_dag.py took 0.191 seconds
[2026-08-26T13:24:19.315+0000] {processor.py:161} INFO - Started process (PID=3421) to work on /opt/airflow/dags/retailpulse_dag.py
[2026-08-26T13:24:19.318+0000] {processor.py:830} INFO - Processing file /opt/airflow/dags/retailpulse_dag.py for tasks to queue
[2026-08-26T13:24:19.321+0000] {logging_mixin.py:188} INFO - [2026-08-26T13:24:19.320+0000] {dagbag.py:538} INFO - Filling up the DagBag from /opt/airflow/dags/retailpulse_dag.py
[2026-08-26T13:24:19.366+0000] {processor.py:840} INFO - DAG(s) 'retailpulse_medallion_pipeline' retrieved from /opt/airflow/dags/retailpulse_dag.py
[2026-08-26T13:24:19.443+0000] {logging_mixin.py:188} INFO - [2026-08-26T13:24:19.442+0000] {dag.py:3036} INFO - Sync 1 DAGs
[2026-08-26T13:24:19.476+0000] {logging_mixin.py:188} INFO - [2026-08-26T13:24:19.476+0000] {dag.py:3823} INFO - Setting next_dagrun for retailpulse_medallion_pipeline to 2026-08-26 00:00:00+00:00, run_after=2026-08-27 00:00:00+00:00
[2026-08-26T13:24:19.507+0000] {processor.py:183} INFO - Processing /opt/airflow/dags/retailpulse_dag.py took 0.199 seconds
[2026-08-26T13:24:50.034+0000] {processor.py:161} INFO - Started process (PID=3426) to work on /opt/airflow/dags/retailpulse_dag.py
[2026-08-26T13:24:50.036+0000] {processor.py:830} INFO - Processing file /opt/airflow/dags/retailpulse_dag.py for tasks to queue
[2026-08-26T13:24:50.038+0000] {logging_mixin.py:188} INFO - [2026-08-26T13:24:50.038+0000] {dagbag.py:538} INFO - Filling up the DagBag from /opt/airflow/dags/retailpulse_dag.py
[2026-08-26T13:24:50.083+0000] {processor.py:840} INFO - DAG(s) 'retailpulse_medallion_pipeline' retrieved from /opt/airflow/dags/retailpulse_dag.py
[2026-08-26T13:24:50.167+0000] {logging_mixin.py:188} INFO - [2026-08-26T13:24:50.167+0000] {dag.py:3036} INFO - Sync 1 DAGs
[2026-08-26T13:24:50.202+0000] {logging_mixin.py:188} INFO - [2026-08-26T13:24:50.202+0000] {dag.py:3823} INFO - Setting next_dagrun for retailpulse_medallion_pipeline to 2026-08-26 00:00:00+00:00, run_after=2026-08-27 00:00:00+00:00
[2026-08-26T13:24:50.235+0000] {processor.py:183} INFO - Processing /opt/airflow/dags/retailpulse_dag.py took 0.206 seconds
[2026-08-26T13:25:20.616+0000] {processor.py:161} INFO - Started process (PID=3431) to work on /opt/airflow/dags/retailpulse_dag.py
[2026-08-26T13:25:20.618+0000] {processor.py:830} INFO - Processing file /opt/airflow/dags/retailpulse_dag.py for tasks to queue
[2026-08-26T13:25:20.621+0000] {logging_mixin.py:188} INFO - [2026-08-26T13:25:20.620+0000] {dagbag.py:538} INFO - Filling up the DagBag from /opt/airflow/dags/retailpulse_dag.py
[2026-08-26T13:25:20.667+0000] {processor.py:840} INFO - DAG(s) 'retailpulse_medallion_pipeline' retrieved from /opt/airflow/dags/retailpulse_dag.py
[2026-08-26T13:25:20.748+0000] {logging_mixin.py:188} INFO - [2026-08-26T13:25:20.748+0000] {dag.py:3036} INFO - Sync 1 DAGs
[2026-08-26T13:25:20.783+0000] {logging_mixin.py:188} INFO - [2026-08-26T13:25:20.782+0000] {dag.py:3823} INFO - Setting next_dagrun for retailpulse_medallion_pipeline to 2026-08-26 00:00:00+00:00, run_after=2026-08-27 00:00:00+00:00
[2026-08-26T13:25:20.814+0000] {processor.py:183} INFO - Processing /opt/airflow/dags/retailpulse_dag.py took 0.205 seconds
[2026-08-26T13:25:51.293+0000] {processor.py:161} INFO - Started process (PID=3436) to work on /opt/airflow/dags/retailpulse_dag.py
[2026-08-26T13:25:51.295+0000] {processor.py:830} INFO - Processing file /opt/airflow/dags/retailpulse_dag.py for tasks to queue
[2026-08-26T13:25:51.297+0000] {logging_mixin.py:188} INFO - [2026-08-26T13:25:51.297+0000] {dagbag.py:538} INFO - Filling up the DagBag from /opt/airflow/dags/retailpulse_dag.py
[2026-08-26T13:25:51.342+0000] {processor.py:840} INFO - DAG(s) 'retailpulse_medallion_pipeline' retrieved from /opt/airflow/dags/retailpulse_dag.py
[2026-08-26T13:25:51.425+0000] {logging_mixin.py:188} INFO - [2026-08-26T13:25:51.425+0000] {dag.py:3036} INFO - Sync 1 DAGs
[2026-08-26T13:25:51.461+0000] {logging_mixin.py:188} INFO - [2026-08-26T13:25:51.460+0000] {dag.py:3823} INFO - Setting next_dagrun for retailpulse_medallion_pipeline to 2026-08-26 00:00:00+00:00, run_after=2026-08-27 00:00:00+00:00
[2026-08-26T13:25:51.492+0000] {processor.py:183} INFO - Processing /opt/airflow/dags/retailpulse_dag.py took 0.204 seconds
[2026-08-26T13:26:21.933+0000] {processor.py:161} INFO - Started process (PID=3441) to work on /opt/airflow/dags/retailpulse_dag.py
[2026-08-26T13:26:21.936+0000] {processor.py:830} INFO - Processing file /opt/airflow/dags/retailpulse_dag.py for tasks to queue
[2026-08-26T13:26:21.939+0000] {logging_mixin.py:188} INFO - [2026-08-26T13:26:21.938+0000] {dagbag.py:538} INFO - Filling up the DagBag from /opt/airflow/dags/retailpulse_dag.py
[2026-08-26T13:26:21.988+0000] {processor.py:840} INFO - DAG(s) 'retailpulse_medallion_pipeline' retrieved from /opt/airflow/dags/retailpulse_dag.py
[2026-08-26T13:26:22.064+0000] {logging_mixin.py:188} INFO - [2026-08-26T13:26:22.064+0000] {dag.py:3036} INFO - Sync 1 DAGs
[2026-08-26T13:26:22.104+0000] {logging_mixin.py:188} INFO - [2026-08-26T13:26:22.103+0000] {dag.py:3823} INFO - Setting next_dagrun for retailpulse_medallion_pipeline to 2026-08-26 00:00:00+00:00, run_after=2026-08-27 00:00:00+00:00
[2026-08-26T13:26:22.143+0000] {processor.py:183} INFO - Processing /opt/airflow/dags/retailpulse_dag.py took 0.215 seconds
[2026-08-26T13:26:52.448+0000] {processor.py:161} INFO - Started process (PID=3446) to work on /opt/airflow/dags/retailpulse_dag.py
[2026-08-26T13:26:52.450+0000] {processor.py:830} INFO - Processing file /opt/airflow/dags/retailpulse_dag.py for tasks to queue
[2026-08-26T13:26:52.453+0000] {logging_mixin.py:188} INFO - [2026-08-26T13:26:52.453+0000] {dagbag.py:538} INFO - Filling up the DagBag from /opt/airflow/dags/retailpulse_dag.py
[2026-08-26T13:26:52.511+0000] {processor.py:840} INFO - DAG(s) 'retailpulse_medallion_pipeline' retrieved from /opt/airflow/dags/retailpulse_dag.py
[2026-08-26T13:26:52.591+0000] {logging_mixin.py:188} INFO - [2026-08-26T13:26:52.591+0000] {dag.py:3036} INFO - Sync 1 DAGs
[2026-08-26T13:26:52.626+0000] {logging_mixin.py:188} INFO - [2026-08-26T13:26:52.626+0000] {dag.py:3823} INFO - Setting next_dagrun for retailpulse_medallion_pipeline to 2026-08-26 00:00:00+00:00, run_after=2026-08-27 00:00:00+00:00
[2026-08-26T13:26:52.663+0000] {processor.py:183} INFO - Processing /opt/airflow/dags/retailpulse_dag.py took 0.222 seconds
[2026-08-26T13:27:23.146+0000] {processor.py:161} INFO - Started process (PID=3451) to work on /opt/airflow/dags/retailpulse_dag.py
[2026-08-26T13:27:23.148+0000] {processor.py:830} INFO - Processing file /opt/airflow/dags/retailpulse_dag.py for tasks to queue
[2026-08-26T13:27:23.151+0000] {logging_mixin.py:188} INFO - [2026-08-26T13:27:23.150+0000] {dagbag.py:538} INFO - Filling up the DagBag from /opt/airflow/dags/retailpulse_dag.py
[2026-08-26T13:27:23.199+0000] {processor.py:840} INFO - DAG(s) 'retailpulse_medallion_pipeline' retrieved from /opt/airflow/dags/retailpulse_dag.py
[2026-08-26T13:27:23.278+0000] {logging_mixin.py:188} INFO - [2026-08-26T13:27:23.278+0000] {dag.py:3036} INFO - Sync 1 DAGs
[2026-08-26T13:27:23.313+0000] {logging_mixin.py:188} INFO - [2026-08-26T13:27:23.312+0000] {dag.py:3823} INFO - Setting next_dagrun for retailpulse_medallion_pipeline to 2026-08-26 00:00:00+00:00, run_after=2026-08-27 00:00:00+00:00
[2026-08-26T13:27:23.347+0000] {processor.py:183} INFO - Processing /opt/airflow/dags/retailpulse_dag.py took 0.207 seconds
[2026-08-26T13:27:53.653+0000] {processor.py:161} INFO - Started process (PID=3456) to work on /opt/airflow/dags/retailpulse_dag.py
[2026-08-26T13:27:53.657+0000] {processor.py:830} INFO - Processing file /opt/airflow/dags/retailpulse_dag.py for tasks to queue
[2026-08-26T13:27:53.663+0000] {logging_mixin.py:188} INFO - [2026-08-26T13:27:53.661+0000] {dagbag.py:538} INFO - Filling up the DagBag from /opt/airflow/dags/retailpulse_dag.py
[2026-08-26T13:27:53.732+0000] {processor.py:840} INFO - DAG(s) 'retailpulse_medallion_pipeline' retrieved from /opt/airflow/dags/retailpulse_dag.py
[2026-08-26T13:27:53.896+0000] {logging_mixin.py:188} INFO - [2026-08-26T13:27:53.895+0000] {dag.py:3036} INFO - Sync 1 DAGs
[2026-08-26T13:27:53.942+0000] {logging_mixin.py:188} INFO - [2026-08-26T13:27:53.942+0000] {dag.py:3823} INFO - Setting next_dagrun for retailpulse_medallion_pipeline to 2026-08-26 00:00:00+00:00, run_after=2026-08-27 00:00:00+00:00
[2026-08-26T13:27:53.970+0000] {processor.py:183} INFO - Processing /opt/airflow/dags/retailpulse_dag.py took 0.327 seconds
[2026-08-26T13:28:24.418+0000] {processor.py:161} INFO - Started process (PID=3461) to work on /opt/airflow/dags/retailpulse_dag.py
[2026-08-26T13:28:24.421+0000] {processor.py:830} INFO - Processing file /opt/airflow/dags/retailpulse_dag.py for tasks to queue
[2026-08-26T13:28:24.425+0000] {logging_mixin.py:188} INFO - [2026-08-26T13:28:24.424+0000] {dagbag.py:538} INFO - Filling up the DagBag from /opt/airflow/dags/retailpulse_dag.py
[2026-08-26T13:28:24.472+0000] {processor.py:840} INFO - DAG(s) 'retailpulse_medallion_pipeline' retrieved from /opt/airflow/dags/retailpulse_dag.py
[2026-08-26T13:28:24.548+0000] {logging_mixin.py:188} INFO - [2026-08-26T13:28:24.547+0000] {dag.py:3036} INFO - Sync 1 DAGs
[2026-08-26T13:28:24.582+0000] {logging_mixin.py:188} INFO - [2026-08-26T13:28:24.581+0000] {dag.py:3823} INFO - Setting next_dagrun for retailpulse_medallion_pipeline to 2026-08-26 00:00:00+00:00, run_after=2026-08-27 00:00:00+00:00
[2026-08-26T13:28:24.614+0000] {processor.py:183} INFO - Processing /opt/airflow/dags/retailpulse_dag.py took 0.202 seconds
[2026-08-26T13:28:54.977+0000] {processor.py:161} INFO - Started process (PID=3466) to work on /opt/airflow/dags/retailpulse_dag.py
[2026-08-26T13:28:54.980+0000] {processor.py:830} INFO - Processing file /opt/airflow/dags/retailpulse_dag.py for tasks to queue
[2026-08-26T13:28:54.984+0000] {logging_mixin.py:188} INFO - [2026-08-26T13:28:54.983+0000] {dagbag.py:538} INFO - Filling up the DagBag from /opt/airflow/dags/retailpulse_dag.py
[2026-08-26T13:28:55.052+0000] {processor.py:840} INFO - DAG(s) 'retailpulse_medallion_pipeline' retrieved from /opt/airflow/dags/retailpulse_dag.py
[2026-08-26T13:28:55.154+0000] {logging_mixin.py:188} INFO - [2026-08-26T13:28:55.154+0000] {dag.py:3036} INFO - Sync 1 DAGs
[2026-08-26T13:28:55.189+0000] {logging_mixin.py:188} INFO - [2026-08-26T13:28:55.189+0000] {dag.py:3823} INFO - Setting next_dagrun for retailpulse_medallion_pipeline to 2026-08-26 00:00:00+00:00, run_after=2026-08-27 00:00:00+00:00
[2026-08-26T13:28:55.216+0000] {processor.py:183} INFO - Processing /opt/airflow/dags/retailpulse_dag.py took 0.256 seconds
[2026-08-26T13:29:25.597+0000] {processor.py:161} INFO - Started process (PID=3471) to work on /opt/airflow/dags/retailpulse_dag.py
[2026-08-26T13:29:25.600+0000] {processor.py:830} INFO - Processing file /opt/airflow/dags/retailpulse_dag.py for tasks to queue
[2026-08-26T13:29:25.602+0000] {logging_mixin.py:188} INFO - [2026-08-26T13:29:25.601+0000] {dagbag.py:538} INFO - Filling up the DagBag from /opt/airflow/dags/retailpulse_dag.py
[2026-08-26T13:29:25.647+0000] {processor.py:840} INFO - DAG(s) 'retailpulse_medallion_pipeline' retrieved from /opt/airflow/dags/retailpulse_dag.py
[2026-08-26T13:29:25.732+0000] {logging_mixin.py:188} INFO - [2026-08-26T13:29:25.732+0000] {dag.py:3036} INFO - Sync 1 DAGs
[2026-08-26T13:29:25.765+0000] {logging_mixin.py:188} INFO - [2026-08-26T13:29:25.764+0000] {dag.py:3823} INFO - Setting next_dagrun for retailpulse_medallion_pipeline to 2026-08-26 00:00:00+00:00, run_after=2026-08-27 00:00:00+00:00
[2026-08-26T13:29:25.796+0000] {processor.py:183} INFO - Processing /opt/airflow/dags/retailpulse_dag.py took 0.204 seconds
[2026-08-26T13:29:56.209+0000] {processor.py:161} INFO - Started process (PID=3476) to work on /opt/airflow/dags/retailpulse_dag.py
[2026-08-26T13:29:56.211+0000] {processor.py:830} INFO - Processing file /opt/airflow/dags/retailpulse_dag.py for tasks to queue
[2026-08-26T13:29:56.214+0000] {logging_mixin.py:188} INFO - [2026-08-26T13:29:56.213+0000] {dagbag.py:538} INFO - Filling up the DagBag from /opt/airflow/dags/retailpulse_dag.py
[2026-08-26T13:29:56.263+0000] {processor.py:840} INFO - DAG(s) 'retailpulse_medallion_pipeline' retrieved from /opt/airflow/dags/retailpulse_dag.py
[2026-08-26T13:29:56.337+0000] {logging_mixin.py:188} INFO - [2026-08-26T13:29:56.337+0000] {dag.py:3036} INFO - Sync 1 DAGs
[2026-08-26T13:29:56.370+0000] {logging_mixin.py:188} INFO - [2026-08-26T13:29:56.370+0000] {dag.py:3823} INFO - Setting next_dagrun for retailpulse_medallion_pipeline to 2026-08-26 00:00:00+00:00, run_after=2026-08-27 00:00:00+00:00
[2026-08-26T13:29:56.402+0000] {processor.py:183} INFO - Processing /opt/airflow/dags/retailpulse_dag.py took 0.200 seconds
[2026-08-26T13:30:26.747+0000] {processor.py:161} INFO - Started process (PID=3481) to work on /opt/airflow/dags/retailpulse_dag.py
[2026-08-26T13:30:26.750+0000] {processor.py:830} INFO - Processing file /opt/airflow/dags/retailpulse_dag.py for tasks to queue
[2026-08-26T13:30:26.752+0000] {logging_mixin.py:188} INFO - [2026-08-26T13:30:26.751+0000] {dagbag.py:538} INFO - Filling up the DagBag from /opt/airflow/dags/retailpulse_dag.py
[2026-08-26T13:30:26.794+0000] {processor.py:840} INFO - DAG(s) 'retailpulse_medallion_pipeline' retrieved from /opt/airflow/dags/retailpulse_dag.py
[2026-08-26T13:30:26.873+0000] {logging_mixin.py:188} INFO - [2026-08-26T13:30:26.872+0000] {dag.py:3036} INFO - Sync 1 DAGs
[2026-08-26T13:30:26.906+0000] {logging_mixin.py:188} INFO - [2026-08-26T13:30:26.906+0000] {dag.py:3823} INFO - Setting next_dagrun for retailpulse_medallion_pipeline to 2026-08-26 00:00:00+00:00, run_after=2026-08-27 00:00:00+00:00
[2026-08-26T13:30:26.938+0000] {processor.py:183} INFO - Processing /opt/airflow/dags/retailpulse_dag.py took 0.196 seconds
[2026-08-26T13:30:57.282+0000] {processor.py:161} INFO - Started process (PID=3486) to work on /opt/airflow/dags/retailpulse_dag.py
[2026-08-26T13:30:57.285+0000] {processor.py:830} INFO - Processing file /opt/airflow/dags/retailpulse_dag.py for tasks to queue
[2026-08-26T13:30:57.288+0000] {logging_mixin.py:188} INFO - [2026-08-26T13:30:57.287+0000] {dagbag.py:538} INFO - Filling up the DagBag from /opt/airflow/dags/retailpulse_dag.py
[2026-08-26T13:30:57.331+0000] {processor.py:840} INFO - DAG(s) 'retailpulse_medallion_pipeline' retrieved from /opt/airflow/dags/retailpulse_dag.py
[2026-08-26T13:30:57.410+0000] {logging_mixin.py:188} INFO - [2026-08-26T13:30:57.410+0000] {dag.py:3036} INFO - Sync 1 DAGs
[2026-08-26T13:30:57.444+0000] {logging_mixin.py:188} INFO - [2026-08-26T13:30:57.444+0000] {dag.py:3823} INFO - Setting next_dagrun for retailpulse_medallion_pipeline to 2026-08-26 00:00:00+00:00, run_after=2026-08-27 00:00:00+00:00
[2026-08-26T13:30:57.482+0000] {processor.py:183} INFO - Processing /opt/airflow/dags/retailpulse_dag.py took 0.206 seconds
[2026-08-26T13:31:27.842+0000] {processor.py:161} INFO - Started process (PID=3491) to work on /opt/airflow/dags/retailpulse_dag.py
[2026-08-26T13:31:27.844+0000] {processor.py:830} INFO - Processing file /opt/airflow/dags/retailpulse_dag.py for tasks to queue
[2026-08-26T13:31:27.847+0000] {logging_mixin.py:188} INFO - [2026-08-26T13:31:27.846+0000] {dagbag.py:538} INFO - Filling up the DagBag from /opt/airflow/dags/retailpulse_dag.py
[2026-08-26T13:31:27.892+0000] {processor.py:840} INFO - DAG(s) 'retailpulse_medallion_pipeline' retrieved from /opt/airflow/dags/retailpulse_dag.py
[2026-08-26T13:31:27.973+0000] {logging_mixin.py:188} INFO - [2026-08-26T13:31:27.973+0000] {dag.py:3036} INFO - Sync 1 DAGs
[2026-08-26T13:31:28.009+0000] {logging_mixin.py:188} INFO - [2026-08-26T13:31:28.008+0000] {dag.py:3823} INFO - Setting next_dagrun for retailpulse_medallion_pipeline to 2026-08-26 00:00:00+00:00, run_after=2026-08-27 00:00:00+00:00
[2026-08-26T13:31:28.038+0000] {processor.py:183} INFO - Processing /opt/airflow/dags/retailpulse_dag.py took 0.202 seconds
[2026-08-26T13:31:58.391+0000] {processor.py:161} INFO - Started process (PID=3496) to work on /opt/airflow/dags/retailpulse_dag.py
[2026-08-26T13:31:58.393+0000] {processor.py:830} INFO - Processing file /opt/airflow/dags/retailpulse_dag.py for tasks to queue
[2026-08-26T13:31:58.395+0000] {logging_mixin.py:188} INFO - [2026-08-26T13:31:58.395+0000] {dagbag.py:538} INFO - Filling up the DagBag from /opt/airflow/dags/retailpulse_dag.py
[2026-08-26T13:31:58.435+0000] {processor.py:840} INFO - DAG(s) 'retailpulse_medallion_pipeline' retrieved from /opt/airflow/dags/retailpulse_dag.py
[2026-08-26T13:31:58.512+0000] {logging_mixin.py:188} INFO - [2026-08-26T13:31:58.512+0000] {dag.py:3036} INFO - Sync 1 DAGs
[2026-08-26T13:31:58.545+0000] {logging_mixin.py:188} INFO - [2026-08-26T13:31:58.545+0000] {dag.py:3823} INFO - Setting next_dagrun for retailpulse_medallion_pipeline to 2026-08-26 00:00:00+00:00, run_after=2026-08-27 00:00:00+00:00
[2026-08-26T13:31:58.576+0000] {processor.py:183} INFO - Processing /opt/airflow/dags/retailpulse_dag.py took 0.190 seconds
[2026-08-26T13:32:29.027+0000] {processor.py:161} INFO - Started process (PID=3501) to work on /opt/airflow/dags/retailpulse_dag.py
[2026-08-26T13:32:29.029+0000] {processor.py:830} INFO - Processing file /opt/airflow/dags/retailpulse_dag.py for tasks to queue
[2026-08-26T13:32:29.032+0000] {logging_mixin.py:188} INFO - [2026-08-26T13:32:29.031+0000] {dagbag.py:538} INFO - Filling up the DagBag from /opt/airflow/dags/retailpulse_dag.py
[2026-08-26T13:32:29.096+0000] {processor.py:840} INFO - DAG(s) 'retailpulse_medallion_pipeline' retrieved from /opt/airflow/dags/retailpulse_dag.py
[2026-08-26T13:32:29.170+0000] {logging_mixin.py:188} INFO - [2026-08-26T13:32:29.170+0000] {dag.py:3036} INFO - Sync 1 DAGs
[2026-08-26T13:32:29.202+0000] {logging_mixin.py:188} INFO - [2026-08-26T13:32:29.202+0000] {dag.py:3823} INFO - Setting next_dagrun for retailpulse_medallion_pipeline to 2026-08-26 00:00:00+00:00, run_after=2026-08-27 00:00:00+00:00
[2026-08-26T13:32:29.231+0000] {processor.py:183} INFO - Processing /opt/airflow/dags/retailpulse_dag.py took 0.213 seconds
[2026-08-26T13:32:59.507+0000] {processor.py:161} INFO - Started process (PID=3506) to work on /opt/airflow/dags/retailpulse_dag.py
[2026-08-26T13:32:59.510+0000] {processor.py:830} INFO - Processing file /opt/airflow/dags/retailpulse_dag.py for tasks to queue
[2026-08-26T13:32:59.513+0000] {logging_mixin.py:188} INFO - [2026-08-26T13:32:59.512+0000] {dagbag.py:538} INFO - Filling up the DagBag from /opt/airflow/dags/retailpulse_dag.py
[2026-08-26T13:32:59.564+0000] {processor.py:840} INFO - DAG(s) 'retailpulse_medallion_pipeline' retrieved from /opt/airflow/dags/retailpulse_dag.py
[2026-08-26T13:32:59.641+0000] {logging_mixin.py:188} INFO - [2026-08-26T13:32:59.640+0000] {dag.py:3036} INFO - Sync 1 DAGs
[2026-08-26T13:32:59.675+0000] {logging_mixin.py:188} INFO - [2026-08-26T13:32:59.675+0000] {dag.py:3823} INFO - Setting next_dagrun for retailpulse_medallion_pipeline to 2026-08-26 00:00:00+00:00, run_after=2026-08-27 00:00:00+00:00
[2026-08-26T13:32:59.707+0000] {processor.py:183} INFO - Processing /opt/airflow/dags/retailpulse_dag.py took 0.208 seconds
[2026-08-26T13:33:30.003+0000] {processor.py:161} INFO - Started process (PID=3511) to work on /opt/airflow/dags/retailpulse_dag.py
[2026-08-26T13:33:30.005+0000] {processor.py:830} INFO - Processing file /opt/airflow/dags/retailpulse_dag.py for tasks to queue
[2026-08-26T13:33:30.008+0000] {logging_mixin.py:188} INFO - [2026-08-26T13:33:30.007+0000] {dagbag.py:538} INFO - Filling up the DagBag from /opt/airflow/dags/retailpulse_dag.py
[2026-08-26T13:33:30.056+0000] {processor.py:840} INFO - DAG(s) 'retailpulse_medallion_pipeline' retrieved from /opt/airflow/dags/retailpulse_dag.py
[2026-08-26T13:33:30.131+0000] {logging_mixin.py:188} INFO - [2026-08-26T13:33:30.130+0000] {dag.py:3036} INFO - Sync 1 DAGs
[2026-08-26T13:33:30.167+0000] {logging_mixin.py:188} INFO - [2026-08-26T13:33:30.167+0000] {dag.py:3823} INFO - Setting next_dagrun for retailpulse_medallion_pipeline to 2026-08-26 00:00:00+00:00, run_after=2026-08-27 00:00:00+00:00
[2026-08-26T13:33:30.199+0000] {processor.py:183} INFO - Processing /opt/airflow/dags/retailpulse_dag.py took 0.202 seconds
[2026-08-26T13:34:00.678+0000] {processor.py:161} INFO - Started process (PID=3516) to work on /opt/airflow/dags/retailpulse_dag.py
[2026-08-26T13:34:00.680+0000] {processor.py:830} INFO - Processing file /opt/airflow/dags/retailpulse_dag.py for tasks to queue
[2026-08-26T13:34:00.683+0000] {logging_mixin.py:188} INFO - [2026-08-26T13:34:00.682+0000] {dagbag.py:538} INFO - Filling up the DagBag from /opt/airflow/dags/retailpulse_dag.py
[2026-08-26T13:34:00.725+0000] {processor.py:840} INFO - DAG(s) 'retailpulse_medallion_pipeline' retrieved from /opt/airflow/dags/retailpulse_dag.py
[2026-08-26T13:34:00.799+0000] {logging_mixin.py:188} INFO - [2026-08-26T13:34:00.799+0000] {dag.py:3036} INFO - Sync 1 DAGs
[2026-08-26T13:34:00.832+0000] {logging_mixin.py:188} INFO - [2026-08-26T13:34:00.832+0000] {dag.py:3823} INFO - Setting next_dagrun for retailpulse_medallion_pipeline to 2026-08-26 00:00:00+00:00, run_after=2026-08-27 00:00:00+00:00
[2026-08-26T13:34:00.862+0000] {processor.py:183} INFO - Processing /opt/airflow/dags/retailpulse_dag.py took 0.189 seconds
[2026-08-26T13:34:34.133+0000] {processor.py:161} INFO - Started process (PID=3521) to work on /opt/airflow/dags/retailpulse_dag.py
[2026-08-26T13:34:34.137+0000] {processor.py:830} INFO - Processing file /opt/airflow/dags/retailpulse_dag.py for tasks to queue
[2026-08-26T13:34:34.150+0000] {logging_mixin.py:188} INFO - [2026-08-26T13:34:34.149+0000] {dagbag.py:538} INFO - Filling up the DagBag from /opt/airflow/dags/retailpulse_dag.py
[2026-08-26T13:34:34.489+0000] {processor.py:840} INFO - DAG(s) 'retailpulse_medallion_pipeline' retrieved from /opt/airflow/dags/retailpulse_dag.py
[2026-08-26T13:34:34.874+0000] {logging_mixin.py:188} INFO - [2026-08-26T13:34:34.873+0000] {dag.py:3036} INFO - Sync 1 DAGs
[2026-08-26T13:34:35.016+0000] {logging_mixin.py:188} INFO - [2026-08-26T13:34:35.016+0000] {dag.py:3823} INFO - Setting next_dagrun for retailpulse_medallion_pipeline to 2026-08-26 00:00:00+00:00, run_after=2026-08-27 00:00:00+00:00
[2026-08-26T13:34:35.206+0000] {processor.py:183} INFO - Processing /opt/airflow/dags/retailpulse_dag.py took 1.117 seconds
